MSSubClass,LotFrontage,LotArea,OverallQual,YearBuilt,YearRemodAdd,BsmtFinSF1,BsmtUnfSF,TotalBsmtSF,1stFlrSF,2ndFlrSF,GrLivArea,FullBath,TotRmsAbvGrd,Fireplaces,GarageYrBlt,GarageCars,GarageArea,OpenPorchSF,TotalSF,TotalBathrooms,TotalPorchSF,AgeAtSale,RemodAge,OverallQual_GrLivArea,GarageCapacityArea,Exterior2nd_VinylSd,ExterQual_Gd,ExterQual_TA,Foundation_PConc,BsmtQual_Ex,BsmtQual_Gd,BsmtQual_TA,BsmtFinType1_GLQ,HeatingQC_Ex,KitchenQual_Gd,KitchenQual_TA,GarageType_Detchd,GarageFinish_Fin,GarageFinish_Unf
20.0,70.0,8400.0,5.0,1957.0,1957.0,922.0,392.0,1314.0,1314.0,0.0,1314.0,1.0,5.0,0.0,1957.0,1.0,294.0,0.0,2628.0,2.0,250.0,53.0,53.0,6570.0,294.0,0.0,0.0,1.0,0.0,0.0,0.0,1.0,0.0,0.0,0.0,1.0,0.0,0.0,0.0
60.0,59.0,7837.0,6.0,1993.0,1994.0,0.0,799.0,799.0,799.0,772.0,1571.0,2.0,7.0,1.0,1993.0,2.0,380.0,40.0,2370.0,2.5,40.0,16.0,15.0,9426.0,760.0,1.0,1.0,0.0,1.0,0.0,1.0,0.0,0.0,0.0,0.0,1.0,0.0,0.0,0.0
30.0,67.0,8777.0,5.0,1910.0,1950.0,0.0,796.0,796.0,796.0,0.0,796.0,1.0,4.0,0.0,1978.6621376811595,0.0,0.0,0.0,1592.0,1.0,492.0,98.0,58.0,3980.0,0.0,0.0,0.0,1.0,0.0,0.0,0.0,0.0,0.0,0.0,0.0,1.0,0.0,0.0,1.0
50.0,60.0,7200.0,5.0,1937.0,1950.0,569.0,162.0,731.0,981.0,787.0,1768.0,1.0,7.0,2.0,1939.0,1.0,240.0,0.0,2499.0,2.5,264.0,70.0,57.0,8840.0,240.0,0.0,0.0,1.0,0.0,0.0,1.0,0.0,0.0,1.0,1.0,0.0,1.0,0.0,1.0
50.0,50.0,5000.0,5.0,1924.0,1950.0,218.0,808.0,1026.0,1026.0,665.0,1691.0,2.0,6.0,1.0,1924.0,1.0,308.0,0.0,2717.0,2.0,242.0,86.0,60.0,8455.0,308.0,0.0,0.0,1.0,0.0,0.0,0.0,1.0,0.0,0.0,1.0,0.0,1.0,0.0,1.0
20.0,70.0,9800.0,5.0,1972.0,1972.0,894.0,0.0,894.0,894.0,0.0,894.0,1.0,5.0,0.0,1975.0,2.0,552.0,0.0,1788.0,2.0,256.0,34.0,34.0,4470.0,1104.0,1.0,0.0,1.0,1.0,0.0,0.0,1.0,0.0,0.0,0.0,1.0,0.0,0.0,1.0
60.0,122.0,11911.0,6.0,2005.0,2005.0,0.0,684.0,684.0,684.0,876.0,1560.0,2.0,6.0,1.0,2005.0,2.0,400.0,38.0,2244.0,2.5,138.0,4.0,4.0,9360.0,800.0,1.0,1.0,0.0,1.0,0.0,1.0,0.0,0.0,1.0,1.0,0.0,0.0,1.0,0.0
50.0,40.0,5436.0,4.0,1922.0,2007.0,735.0,61.0,796.0,796.0,358.0,1154.0,1.0,7.0,0.0,1922.0,1.0,240.0,96.0,1950.0,2.0,96.0,88.0,3.0,4616.0,240.0,1.0,0.0,1.0,0.0,0.0,0.0,1.0,0.0,0.0,1.0,0.0,1.0,0.0,1.0
20.0,78.0,12090.0,6.0,1981.0,1981.0,588.0,606.0,1422.0,1422.0,0.0,1422.0,2.0,7.0,1.0,1981.0,2.0,576.0,0.0,2844.0,2.0,276.0,27.0,27.0,8532.0,1152.0,0.0,0.0,1.0,0.0,0.0,1.0,0.0,1.0,0.0,1.0,0.0,0.0,1.0,0.0
20.0,76.0,9158.0,8.0,2007.0,2007.0,0.0,1496.0,1496.0,1496.0,0.0,1496.0,2.0,7.0,0.0,2007.0,2.0,474.0,130.0,2992.0,2.0,298.0,0.0,0.0,11968.0,948.0,0.0,1.0,0.0,1.0,0.0,1.0,0.0,0.0,1.0,1.0,0.0,0.0,1.0,0.0
85.0,70.0,8400.0,6.0,1966.0,1966.0,187.0,0.0,814.0,913.0,0.0,913.0,1.0,6.0,0.0,1990.0,1.0,240.0,0.0,1727.0,2.0,252.0,41.0,41.0,5478.0,240.0,1.0,0.0,1.0,0.0,0.0,0.0,1.0,0.0,0.0,0.0,1.0,1.0,0.0,1.0
80.0,85.0,13400.0,5.0,1966.0,1966.0,516.0,380.0,1024.0,1086.0,0.0,1086.0,1.0,6.0,1.0,1966.0,2.0,484.0,0.0,2110.0,2.0,0.0,40.0,40.0,5430.0,968.0,1.0,0.0,1.0,0.0,0.0,0.0,1.0,0.0,0.0,0.0,1.0,0.0,0.0,0.0
20.0,82.0,11880.0,7.0,1978.0,1978.0,704.0,567.0,1271.0,1601.0,0.0,1601.0,2.0,7.0,1.0,1978.0,2.0,478.0,0.0,2872.0,2.0,0.0,31.0,31.0,11207.0,956.0,0.0,0.0,1.0,0.0,0.0,1.0,0.0,0.0,0.0,0.0,1.0,0.0,0.0,0.0
60.0,85.0,13600.0,7.0,1965.0,1990.0,454.0,314.0,768.0,1186.0,800.0,1986.0,2.0,7.0,3.0,1965.0,2.0,486.0,42.0,2754.0,2.5,231.0,44.0,19.0,13902.0,972.0,0.0,0.0,1.0,0.0,0.0,0.0,1.0,0.0,0.0,0.0,1.0,0.0,0.0,1.0
20.0,80.0,9600.0,7.0,1969.0,1969.0,0.0,1164.0,1164.0,1164.0,0.0,1164.0,1.0,6.0,0.0,1969.0,2.0,528.0,0.0,2328.0,1.5,0.0,37.0,37.0,8148.0,1056.0,0.0,0.0,1.0,0.0,0.0,0.0,1.0,0.0,0.0,0.0,1.0,0.0,0.0,1.0
60.0,70.34384858044164,8068.0,6.0,2002.0,2002.0,0.0,1010.0,1010.0,1010.0,1257.0,2267.0,2.0,8.0,1.0,2002.0,2.0,390.0,46.0,3277.0,2.5,166.0,7.0,7.0,13602.0,780.0,1.0,1.0,0.0,1.0,0.0,1.0,0.0,0.0,1.0,1.0,0.0,0.0,0.0,0.0
20.0,70.34384858044164,21000.0,6.0,1953.0,1953.0,35.0,905.0,1809.0,2259.0,0.0,2259.0,2.0,7.0,2.0,1953.0,2.0,450.0,120.0,4068.0,3.0,478.0,54.0,54.0,13554.0,900.0,0.0,0.0,1.0,0.0,0.0,1.0,0.0,0.0,0.0,1.0,0.0,0.0,0.0,1.0
20.0,49.0,8235.0,5.0,1955.0,1995.0,180.0,0.0,825.0,825.0,0.0,825.0,1.0,4.0,0.0,1963.0,2.0,720.0,50.0,1650.0,2.0,190.0,53.0,13.0,4125.0,1440.0,0.0,0.0,1.0,0.0,0.0,0.0,1.0,0.0,0.0,0.0,1.0,1.0,0.0,0.0
60.0,75.0,7950.0,6.0,1977.0,1977.0,535.0,155.0,690.0,698.0,728.0,1426.0,1.0,6.0,0.0,1977.0,2.0,440.0,0.0,2116.0,1.5,252.0,32.0,32.0,8556.0,880.0,0.0,0.0,1.0,0.0,0.0,0.0,1.0,0.0,0.0,0.0,1.0,0.0,1.0,0.0
20.0,47.0,12416.0,6.0,1986.0,1986.0,1398.0,0.0,1606.0,1651.0,0.0,1651.0,2.0,7.0,1.0,1986.0,2.0,616.0,0.0,3257.0,3.0,192.0,22.0,22.0,9906.0,1232.0,0.0,0.0,1.0,0.0,0.0,1.0,0.0,0.0,0.0,0.0,1.0,0.0,1.0,0.0
45.0,55.0,10594.0,5.0,1926.0,1950.0,0.0,768.0,768.0,789.0,0.0,789.0,1.0,5.0,0.0,1926.0,1.0,200.0,0.0,1557.0,1.0,112.0,81.0,57.0,3945.0,200.0,0.0,0.0,1.0,0.0,0.0,0.0,1.0,0.0,0.0,0.0,1.0,1.0,0.0,1.0
90.0,91.0,11643.0,5.0,1969.0,1969.0,500.0,748.0,1248.0,1338.0,1296.0,2634.0,2.0,12.0,0.0,1969.0,4.0,968.0,0.0,3882.0,4.5,0.0,40.0,40.0,13170.0,3872.0,0.0,0.0,1.0,0.0,0.0,0.0,1.0,0.0,0.0,0.0,1.0,1.0,0.0,1.0
50.0,52.0,6240.0,5.0,1928.0,1950.0,0.0,1042.0,1042.0,1042.0,534.0,1576.0,1.0,8.0,1.0,1928.0,1.0,225.0,0.0,2618.0,1.0,0.0,78.0,56.0,7880.0,225.0,0.0,0.0,1.0,0.0,0.0,0.0,1.0,0.0,1.0,0.0,1.0,1.0,0.0,1.0
60.0,65.0,10237.0,6.0,2005.0,2007.0,0.0,783.0,783.0,783.0,701.0,1484.0,2.0,8.0,1.0,2005.0,2.0,393.0,72.0,2267.0,2.5,72.0,2.0,0.0,8904.0,786.0,1.0,1.0,0.0,1.0,0.0,1.0,0.0,0.0,1.0,1.0,0.0,0.0,1.0,0.0
20.0,67.0,10083.0,7.0,2003.0,2003.0,833.0,343.0,1176.0,1200.0,0.0,1200.0,2.0,5.0,0.0,2003.0,2.0,555.0,41.0,2376.0,3.0,41.0,6.0,6.0,8400.0,1110.0,1.0,1.0,0.0,1.0,0.0,1.0,0.0,1.0,1.0,1.0,0.0,0.0,0.0,0.0
160.0,35.0,4251.0,7.0,2006.0,2007.0,0.0,625.0,625.0,625.0,625.0,1250.0,2.0,5.0,0.0,2006.0,2.0,528.0,54.0,1875.0,2.5,54.0,1.0,0.0,8750.0,1056.0,0.0,1.0,0.0,1.0,0.0,1.0,0.0,0.0,1.0,1.0,0.0,1.0,0.0,0.0
20.0,100.0,17500.0,7.0,1959.0,2002.0,1406.0,496.0,1902.0,1902.0,0.0,1902.0,2.0,7.0,2.0,1959.0,2.0,567.0,207.0,3804.0,3.0,369.0,51.0,8.0,13314.0,1134.0,0.0,1.0,0.0,1.0,0.0,1.0,0.0,1.0,0.0,0.0,0.0,0.0,1.0,0.0
90.0,70.34384858044164,8544.0,3.0,1949.0,1950.0,0.0,0.0,0.0,1040.0,0.0,1040.0,2.0,6.0,0.0,1949.0,2.0,400.0,0.0,1040.0,2.0,0.0,57.0,56.0,3120.0,800.0,0.0,0.0,1.0,0.0,0.0,0.0,1.0,0.0,0.0,0.0,1.0,1.0,0.0,1.0
20.0,79.0,9541.0,7.0,2009.0,2009.0,0.0,1502.0,1502.0,1502.0,0.0,1502.0,2.0,7.0,0.0,2009.0,2.0,644.0,114.0,3004.0,2.0,114.0,0.0,0.0,10514.0,1288.0,1.0,1.0,0.0,1.0,0.0,1.0,0.0,0.0,1.0,1.0,0.0,0.0,0.0,0.0
20.0,70.34384858044164,8544.0,5.0,1966.0,2006.0,0.0,1228.0,1228.0,1228.0,0.0,1228.0,1.0,6.0,0.0,1966.0,1.0,271.0,65.0,2456.0,1.5,65.0,42.0,2.0,6140.0,271.0,0.0,0.0,1.0,0.0,0.0,0.0,1.0,0.0,0.0,1.0,0.0,0.0,0.0,1.0
40.0,60.0,12144.0,5.0,1949.0,1950.0,375.0,457.0,832.0,1036.0,0.0,1268.0,1.0,6.0,1.0,1949.0,1.0,288.0,28.0,1868.0,1.0,28.0,60.0,59.0,6340.0,288.0,0.0,1.0,0.0,0.0,0.0,0.0,1.0,0.0,0.0,0.0,1.0,0.0,0.0,1.0
30.0,67.0,5604.0,5.0,1925.0,1950.0,468.0,396.0,864.0,864.0,0.0,864.0,1.0,5.0,0.0,1978.6621376811595,0.0,0.0,0.0,1728.0,2.0,96.0,83.0,58.0,4320.0,0.0,0.0,0.0,1.0,0.0,0.0,0.0,1.0,0.0,0.0,0.0,1.0,0.0,0.0,1.0
20.0,79.0,10240.0,6.0,1980.0,1980.0,625.0,0.0,1686.0,1686.0,0.0,1686.0,2.0,7.0,1.0,1980.0,2.0,612.0,131.0,3372.0,3.0,515.0,26.0,26.0,10116.0,1224.0,0.0,0.0,1.0,0.0,0.0,1.0,0.0,0.0,0.0,0.0,1.0,0.0,0.0,1.0
20.0,70.34384858044164,9991.0,4.0,1976.0,1993.0,1116.0,165.0,1281.0,1620.0,0.0,1620.0,2.0,8.0,1.0,1993.0,2.0,490.0,78.0,2901.0,3.0,198.0,33.0,16.0,6480.0,980.0,0.0,0.0,1.0,0.0,0.0,0.0,1.0,0.0,1.0,0.0,1.0,0.0,0.0,1.0
85.0,70.34384858044164,7252.0,5.0,1982.0,1982.0,685.0,173.0,858.0,858.0,0.0,858.0,1.0,5.0,0.0,1983.0,2.0,576.0,0.0,1716.0,2.0,120.0,27.0,27.0,4290.0,1152.0,0.0,0.0,1.0,0.0,0.0,1.0,0.0,1.0,0.0,0.0,1.0,1.0,0.0,1.0
20.0,60.0,7200.0,7.0,2006.0,2006.0,0.0,1293.0,1293.0,1301.0,0.0,1301.0,2.0,5.0,1.0,2006.0,2.0,572.0,121.0,2594.0,3.0,337.0,0.0,0.0,9107.0,1144.0,1.0,1.0,0.0,1.0,0.0,1.0,0.0,0.0,1.0,1.0,0.0,0.0,0.0,0.0
20.0,128.0,12160.0,6.0,1953.0,1953.0,1024.0,481.0,1505.0,1505.0,0.0,1505.0,1.0,6.0,1.0,1953.0,2.0,505.0,0.0,3010.0,2.0,162.0,56.0,56.0,9030.0,1010.0,0.0,0.0,1.0,0.0,0.0,0.0,1.0,0.0,1.0,0.0,1.0,0.0,0.0,0.0
20.0,71.0,9353.0,4.0,1970.0,1970.0,0.0,864.0,864.0,864.0,0.0,864.0,1.0,5.0,0.0,1972.0,1.0,280.0,0.0,1728.0,1.0,0.0,36.0,36.0,3456.0,280.0,0.0,0.0,1.0,0.0,0.0,0.0,1.0,0.0,0.0,0.0,1.0,0.0,0.0,1.0
90.0,64.0,7018.0,5.0,1979.0,1979.0,1086.0,0.0,1086.0,1224.0,0.0,1224.0,0.0,6.0,2.0,1979.0,2.0,528.0,0.0,2310.0,3.0,120.0,30.0,30.0,6120.0,1056.0,0.0,0.0,1.0,0.0,0.0,1.0,0.0,1.0,0.0,0.0,1.0,1.0,0.0,1.0
20.0,70.34384858044164,13284.0,5.0,1954.0,1954.0,1064.0,319.0,1383.0,1383.0,0.0,1383.0,1.0,6.0,1.0,1954.0,1.0,354.0,116.0,2766.0,2.0,627.0,54.0,54.0,6915.0,354.0,0.0,0.0,1.0,1.0,0.0,1.0,0.0,0.0,0.0,0.0,1.0,0.0,0.0,1.0
20.0,60.0,6600.0,5.0,1982.0,2008.0,641.0,175.0,816.0,816.0,0.0,816.0,1.0,5.0,1.0,1982.0,1.0,264.0,0.0,1632.0,1.5,0.0,26.0,0.0,4080.0,264.0,1.0,1.0,0.0,0.0,0.0,0.0,1.0,0.0,1.0,1.0,0.0,0.0,0.0,1.0
90.0,78.0,7060.0,7.0,1997.0,1998.0,1309.0,35.0,1344.0,1344.0,0.0,1344.0,2.0,8.0,0.0,1997.0,4.0,784.0,0.0,2688.0,4.0,0.0,11.0,10.0,9408.0,3136.0,1.0,0.0,1.0,1.0,0.0,1.0,0.0,1.0,1.0,0.0,1.0,0.0,1.0,0.0
160.0,34.0,3604.0,7.0,2007.0,2007.0,0.0,689.0,689.0,703.0,689.0,1392.0,2.0,5.0,0.0,2007.0,2.0,540.0,102.0,2081.0,2.0,102.0,1.0,1.0,9744.0,1080.0,1.0,1.0,0.0,1.0,0.0,1.0,0.0,0.0,1.0,1.0,0.0,1.0,0.0,1.0
20.0,80.0,8892.0,5.0,1960.0,1960.0,0.0,1065.0,1065.0,1065.0,0.0,1065.0,1.0,6.0,0.0,1974.0,2.0,461.0,0.0,2130.0,1.5,74.0,47.0,47.0,5325.0,922.0,0.0,0.0,1.0,0.0,0.0,0.0,1.0,0.0,0.0,0.0,1.0,1.0,0.0,1.0
50.0,53.0,5362.0,5.0,1910.0,2003.0,0.0,661.0,661.0,661.0,589.0,1250.0,2.0,8.0,1.0,1985.0,2.0,552.0,0.0,1911.0,2.0,323.0,97.0,4.0,6250.0,1104.0,0.0,0.0,1.0,1.0,0.0,0.0,1.0,0.0,1.0,0.0,1.0,1.0,0.0,1.0
190.0,33.0,4456.0,4.0,1920.0,2008.0,0.0,736.0,736.0,736.0,716.0,1452.0,2.0,8.0,0.0,1978.6621376811595,0.0,0.0,0.0,2188.0,2.0,102.0,89.0,1.0,5808.0,0.0,0.0,0.0,1.0,0.0,0.0,0.0,1.0,0.0,0.0,0.0,1.0,0.0,0.0,1.0
50.0,60.0,9600.0,6.0,1924.0,1950.0,0.0,572.0,572.0,572.0,524.0,1096.0,1.0,5.0,0.0,1978.6621376811595,0.0,0.0,8.0,1668.0,1.0,136.0,84.0,58.0,6576.0,0.0,0.0,0.0,1.0,0.0,0.0,0.0,1.0,0.0,0.0,0.0,1.0,0.0,0.0,1.0
20.0,95.0,11639.0,7.0,2007.0,2008.0,0.0,1428.0,1428.0,1428.0,0.0,1428.0,2.0,6.0,0.0,2007.0,2.0,480.0,120.0,2856.0,2.0,120.0,1.0,0.0,9996.0,960.0,0.0,1.0,0.0,1.0,0.0,1.0,0.0,0.0,1.0,1.0,0.0,0.0,1.0,0.0
60.0,70.34384858044164,8000.0,6.0,1995.0,1996.0,219.0,554.0,773.0,773.0,885.0,1658.0,2.0,8.0,1.0,1995.0,2.0,431.0,84.0,2431.0,3.5,308.0,13.0,12.0,9948.0,862.0,0.0,0.0,1.0,1.0,0.0,1.0,0.0,1.0,0.0,0.0,1.0,0.0,1.0,0.0
20.0,60.0,7200.0,5.0,1950.0,2002.0,398.0,317.0,864.0,864.0,0.0,864.0,1.0,5.0,0.0,1980.0,2.0,720.0,0.0,1728.0,2.0,194.0,57.0,5.0,4320.0,1440.0,1.0,0.0,1.0,0.0,0.0,0.0,1.0,0.0,0.0,1.0,0.0,1.0,0.0,0.0
190.0,70.34384858044164,7082.0,5.0,1916.0,1995.0,0.0,686.0,686.0,948.0,980.0,1928.0,2.0,10.0,0.0,1978.6621376811595,0.0,0.0,0.0,2614.0,2.0,228.0,90.0,11.0,9640.0,0.0,1.0,0.0,1.0,1.0,0.0,0.0,1.0,0.0,0.0,0.0,1.0,0.0,0.0,1.0
20.0,80.0,8400.0,6.0,1962.0,2005.0,0.0,1319.0,1319.0,1537.0,0.0,1537.0,1.0,7.0,1.0,1962.0,2.0,462.0,36.0,2856.0,2.5,36.0,46.0,3.0,9222.0,924.0,0.0,1.0,0.0,0.0,0.0,0.0,1.0,0.0,0.0,1.0,0.0,0.0,0.0,0.0
60.0,58.0,14054.0,7.0,2006.0,2006.0,0.0,879.0,879.0,879.0,984.0,1863.0,2.0,9.0,1.0,2006.0,3.0,660.0,17.0,2742.0,2.5,117.0,0.0,0.0,13041.0,1980.0,1.0,1.0,0.0,1.0,0.0,1.0,0.0,0.0,1.0,1.0,0.0,0.0,1.0,0.0
60.0,85.0,11003.0,10.0,2008.0,2008.0,765.0,252.0,1017.0,1026.0,981.0,2007.0,2.0,10.0,1.0,2008.0,3.0,812.0,52.0,3024.0,3.5,220.0,1.0,1.0,20070.0,2436.0,1.0,0.0,0.0,1.0,1.0,0.0,0.0,1.0,1.0,0.0,0.0,0.0,1.0,0.0
20.0,72.0,11846.0,9.0,2003.0,2004.0,1567.0,225.0,1792.0,1792.0,0.0,1792.0,2.0,6.0,1.0,2003.0,3.0,874.0,49.0,3584.0,3.0,255.0,3.0,2.0,16128.0,2622.0,1.0,1.0,0.0,1.0,1.0,0.0,0.0,1.0,1.0,0.0,0.0,0.0,1.0,0.0
30.0,60.0,8520.0,5.0,1923.0,2006.0,0.0,968.0,968.0,968.0,0.0,968.0,1.0,5.0,0.0,1935.0,2.0,480.0,0.0,1936.0,1.0,184.0,84.0,1.0,4840.0,960.0,0.0,1.0,0.0,0.0,0.0,0.0,1.0,0.0,0.0,0.0,1.0,1.0,0.0,1.0
60.0,70.34384858044164,11029.0,6.0,1968.0,1984.0,619.0,435.0,1054.0,1512.0,1142.0,2654.0,2.0,9.0,1.0,1968.0,2.0,619.0,65.0,3708.0,3.5,287.0,38.0,22.0,15924.0,1238.0,0.0,0.0,1.0,0.0,0.0,0.0,1.0,0.0,0.0,1.0,0.0,0.0,0.0,1.0
80.0,70.34384858044164,10246.0,4.0,1965.0,2001.0,648.0,0.0,648.0,960.0,0.0,960.0,0.0,3.0,0.0,1965.0,1.0,364.0,0.0,1608.0,1.5,88.0,41.0,5.0,3840.0,364.0,1.0,0.0,1.0,0.0,0.0,0.0,1.0,1.0,1.0,0.0,1.0,0.0,0.0,1.0
75.0,75.0,13500.0,10.0,1893.0,2000.0,0.0,1237.0,1237.0,1521.0,1254.0,2775.0,3.0,9.0,1.0,1988.0,2.0,880.0,502.0,4012.0,3.5,607.0,115.0,8.0,27750.0,1760.0,0.0,0.0,0.0,0.0,0.0,0.0,1.0,0.0,0.0,1.0,0.0,1.0,0.0,1.0
60.0,105.0,13693.0,9.0,2006.0,2006.0,0.0,2153.0,2153.0,2069.0,574.0,2643.0,2.0,9.0,1.0,2006.0,3.0,694.0,84.0,4796.0,2.5,498.0,1.0,1.0,23787.0,2082.0,1.0,0.0,0.0,1.0,0.0,1.0,0.0,0.0,1.0,0.0,0.0,0.0,1.0,0.0
120.0,44.0,3842.0,8.0,2004.0,2005.0,1373.0,221.0,1594.0,1646.0,0.0,1646.0,2.0,5.0,1.0,2004.0,2.0,482.0,53.0,3240.0,3.5,336.0,4.0,3.0,13168.0,964.0,0.0,1.0,0.0,1.0,1.0,0.0,0.0,1.0,1.0,1.0,0.0,0.0,1.0,0.0
20.0,70.34384858044164,11200.0,6.0,1985.0,1985.0,1258.0,40.0,1298.0,1298.0,0.0,1298.0,2.0,5.0,1.0,1985.0,2.0,403.0,26.0,2596.0,3.0,191.0,21.0,21.0,7788.0,806.0,0.0,1.0,0.0,0.0,0.0,1.0,0.0,1.0,0.0,1.0,0.0,0.0,0.0,1.0
20.0,64.0,10475.0,8.0,2008.0,2008.0,0.0,1694.0,1694.0,1694.0,0.0,1694.0,2.0,7.0,0.0,2008.0,3.0,776.0,33.0,3388.0,2.0,193.0,2.0,2.0,13552.0,2328.0,1.0,1.0,0.0,1.0,0.0,1.0,0.0,0.0,1.0,1.0,0.0,0.0,0.0,0.0
20.0,70.34384858044164,12772.0,6.0,1960.0,1998.0,498.0,460.0,958.0,958.0,0.0,958.0,1.0,5.0,0.0,1960.0,1.0,301.0,0.0,1916.0,1.0,0.0,47.0,9.0,5748.0,301.0,0.0,0.0,1.0,0.0,0.0,0.0,1.0,0.0,0.0,0.0,1.0,0.0,0.0,0.0
85.0,69.0,10205.0,5.0,1962.0,1962.0,784.0,141.0,925.0,999.0,0.0,999.0,1.0,6.0,0.0,1962.0,1.0,300.0,72.0,1924.0,2.0,222.0,44.0,44.0,4995.0,300.0,0.0,0.0,1.0,0.0,0.0,0.0,1.0,0.0,0.0,0.0,1.0,0.0,0.0,1.0
50.0,54.0,6342.0,5.0,1875.0,1996.0,0.0,780.0,780.0,780.0,240.0,1020.0,1.0,6.0,0.0,1978.6621376811595,0.0,0.0,0.0,1800.0,1.0,176.0,135.0,14.0,5100.0,0.0,1.0,0.0,1.0,0.0,0.0,0.0,1.0,0.0,0.0,0.0,1.0,0.0,0.0,1.0
60.0,70.34384858044164,7500.0,7.0,2000.0,2000.0,533.0,281.0,814.0,814.0,860.0,1674.0,2.0,7.0,0.0,2000.0,2.0,663.0,96.0,2488.0,3.5,96.0,10.0,10.0,11718.0,1326.0,1.0,1.0,0.0,1.0,0.0,1.0,0.0,1.0,1.0,1.0,0.0,0.0,0.0,0.0
20.0,91.0,10437.0,8.0,1995.0,1995.0,1696.0,413.0,2109.0,2113.0,0.0,2113.0,2.0,7.0,1.0,1995.0,3.0,839.0,46.0,4222.0,3.5,282.0,13.0,13.0,16904.0,2517.0,0.0,1.0,0.0,1.0,0.0,1.0,0.0,1.0,1.0,1.0,0.0,0.0,1.0,0.0
60.0,70.34384858044164,12046.0,6.0,1976.0,1976.0,156.0,692.0,848.0,1118.0,912.0,2030.0,2.0,8.0,1.0,1976.0,2.0,551.0,224.0,2878.0,2.5,224.0,31.0,31.0,12180.0,1102.0,0.0,0.0,1.0,0.0,0.0,0.0,1.0,0.0,0.0,1.0,0.0,0.0,1.0,0.0
160.0,75.0,10762.0,6.0,1980.0,1980.0,0.0,626.0,626.0,626.0,591.0,1217.0,1.0,6.0,1.0,1980.0,1.0,288.0,28.0,1843.0,1.5,28.0,29.0,29.0,7302.0,288.0,0.0,0.0,1.0,0.0,0.0,1.0,0.0,0.0,0.0,0.0,1.0,0.0,0.0,0.0
60.0,70.34384858044164,9375.0,8.0,2002.0,2002.0,0.0,1284.0,1284.0,1284.0,885.0,2169.0,2.0,7.0,1.0,2002.0,2.0,647.0,87.0,3453.0,2.5,279.0,5.0,5.0,17352.0,1294.0,1.0,1.0,0.0,1.0,0.0,1.0,0.0,0.0,1.0,1.0,0.0,0.0,0.0,0.0
60.0,70.34384858044164,29959.0,7.0,1994.0,1994.0,595.0,378.0,973.0,979.0,871.0,1850.0,2.0,7.0,1.0,1994.0,2.0,467.0,98.0,2823.0,2.5,266.0,15.0,15.0,12950.0,934.0,0.0,1.0,0.0,1.0,0.0,1.0,0.0,1.0,1.0,1.0,0.0,0.0,1.0,0.0
20.0,71.0,9204.0,5.0,1963.0,1963.0,25.0,247.0,1144.0,1144.0,0.0,1144.0,1.0,6.0,0.0,1962.0,1.0,336.0,88.0,2288.0,2.5,88.0,45.0,45.0,5720.0,336.0,0.0,0.0,1.0,0.0,0.0,0.0,1.0,0.0,0.0,0.0,1.0,1.0,0.0,1.0
120.0,43.0,3182.0,7.0,2005.0,2006.0,16.0,1330.0,1346.0,1504.0,0.0,1504.0,2.0,7.0,1.0,2005.0,2.0,437.0,20.0,2850.0,2.0,176.0,3.0,2.0,10528.0,874.0,1.0,1.0,0.0,1.0,0.0,1.0,0.0,1.0,1.0,1.0,0.0,0.0,1.0,0.0
20.0,78.0,10140.0,6.0,1974.0,1999.0,663.0,0.0,1040.0,1309.0,0.0,1309.0,1.0,5.0,1.0,1974.0,2.0,484.0,0.0,2349.0,2.5,265.0,32.0,7.0,7854.0,968.0,0.0,0.0,1.0,0.0,0.0,0.0,1.0,0.0,0.0,1.0,0.0,0.0,0.0,0.0
50.0,60.0,9060.0,6.0,1939.0,1950.0,204.0,356.0,560.0,698.0,560.0,1258.0,1.0,6.0,0.0,1939.0,1.0,280.0,0.0,1818.0,1.0,0.0,70.0,59.0,7548.0,280.0,0.0,0.0,1.0,0.0,0.0,0.0,1.0,0.0,0.0,0.0,1.0,1.0,0.0,1.0
20.0,70.34384858044164,12342.0,5.0,1960.0,1978.0,0.0,978.0,978.0,1422.0,0.0,1422.0,1.0,6.0,1.0,1960.0,1.0,286.0,0.0,2400.0,1.0,36.0,47.0,29.0,7110.0,286.0,0.0,0.0,1.0,0.0,0.0,0.0,1.0,0.0,0.0,0.0,1.0,0.0,0.0,0.0
20.0,75.0,9750.0,6.0,1958.0,1958.0,608.0,834.0,1442.0,1442.0,0.0,1442.0,1.0,7.0,0.0,1958.0,1.0,301.0,0.0,2884.0,1.5,275.0,49.0,49.0,8652.0,301.0,0.0,0.0,1.0,0.0,0.0,0.0,1.0,0.0,0.0,0.0,1.0,0.0,0.0,0.0
50.0,70.0,11767.0,5.0,1946.0,1995.0,352.0,416.0,768.0,768.0,432.0,1200.0,1.0,6.0,0.0,1946.0,1.0,240.0,0.0,1968.0,1.0,0.0,62.0,13.0,6000.0,240.0,0.0,0.0,1.0,0.0,0.0,0.0,1.0,0.0,1.0,0.0,1.0,1.0,0.0,1.0
60.0,70.34384858044164,8121.0,6.0,2000.0,2000.0,0.0,953.0,953.0,953.0,711.0,1664.0,2.0,7.0,1.0,2000.0,2.0,460.0,40.0,2617.0,2.5,140.0,6.0,6.0,9984.0,920.0,1.0,0.0,1.0,1.0,0.0,1.0,0.0,0.0,1.0,0.0,1.0,0.0,0.0,0.0
80.0,60.0,7134.0,5.0,1955.0,1955.0,384.0,0.0,384.0,1360.0,0.0,1360.0,1.0,6.0,1.0,1962.0,2.0,572.0,50.0,1744.0,1.0,50.0,52.0,52.0,6800.0,1144.0,0.0,0.0,1.0,0.0,0.0,0.0,1.0,0.0,0.0,0.0,1.0,1.0,0.0,1.0
60.0,74.0,9056.0,8.0,2004.0,2004.0,0.0,707.0,707.0,707.0,707.0,1414.0,2.0,6.0,1.0,2004.0,2.0,403.0,35.0,2121.0,2.5,135.0,2.0,2.0,11312.0,806.0,1.0,1.0,0.0,1.0,1.0,0.0,0.0,0.0,1.0,1.0,0.0,0.0,1.0,0.0
20.0,70.34384858044164,9790.0,6.0,1967.0,1967.0,251.0,491.0,1372.0,1342.0,0.0,1342.0,2.0,7.0,1.0,1967.0,2.0,457.0,0.0,2714.0,2.0,197.0,42.0,42.0,8052.0,914.0,0.0,0.0,1.0,0.0,0.0,0.0,1.0,0.0,0.0,0.0,1.0,0.0,0.0,1.0
190.0,65.0,7800.0,5.0,1939.0,1950.0,507.0,286.0,793.0,793.0,325.0,1118.0,1.0,5.0,1.0,1939.0,2.0,410.0,0.0,1911.0,2.0,271.0,67.0,56.0,5590.0,820.0,0.0,0.0,1.0,0.0,0.0,1.0,0.0,0.0,0.0,0.0,1.0,1.0,0.0,1.0
70.0,80.0,16560.0,6.0,1932.0,1950.0,503.0,449.0,952.0,1170.0,1175.0,2345.0,2.0,9.0,1.0,1932.0,2.0,360.0,0.0,3297.0,2.5,0.0,74.0,56.0,14070.0,720.0,0.0,0.0,1.0,0.0,0.0,1.0,0.0,0.0,0.0,0.0,1.0,1.0,0.0,1.0
20.0,105.0,11751.0,6.0,1977.0,1977.0,705.0,1139.0,1844.0,1844.0,0.0,1844.0,2.0,7.0,1.0,1977.0,2.0,546.0,122.0,3688.0,2.0,122.0,33.0,33.0,11064.0,1092.0,0.0,0.0,1.0,0.0,0.0,1.0,0.0,0.0,1.0,0.0,1.0,0.0,0.0,0.0
160.0,21.0,1680.0,6.0,1971.0,1971.0,387.0,96.0,483.0,483.0,504.0,987.0,1.0,4.0,0.0,1971.0,1.0,264.0,0.0,1470.0,1.5,0.0,37.0,37.0,5922.0,264.0,0.0,0.0,1.0,0.0,0.0,0.0,1.0,0.0,0.0,0.0,1.0,1.0,0.0,1.0
20.0,70.34384858044164,10603.0,6.0,1977.0,2001.0,1200.0,410.0,1610.0,1610.0,0.0,1610.0,2.0,6.0,2.0,1977.0,2.0,480.0,68.0,3220.0,3.0,236.0,33.0,9.0,9660.0,960.0,0.0,0.0,1.0,1.0,0.0,0.0,1.0,0.0,0.0,1.0,0.0,0.0,0.0,0.0
20.0,71.0,9187.0,6.0,1983.0,1983.0,336.0,748.0,1084.0,1080.0,0.0,1080.0,1.0,5.0,0.0,1983.0,2.0,484.0,0.0,2164.0,1.5,278.0,24.0,24.0,6480.0,968.0,1.0,0.0,1.0,1.0,0.0,0.0,1.0,0.0,0.0,0.0,1.0,0.0,0.0,1.0
190.0,70.34384858044164,32463.0,4.0,1961.0,1975.0,1159.0,90.0,1249.0,1622.0,0.0,1622.0,1.0,7.0,1.0,1975.0,4.0,1356.0,0.0,2871.0,2.0,439.0,46.0,32.0,6488.0,5424.0,0.0,0.0,1.0,0.0,0.0,0.0,1.0,0.0,1.0,0.0,1.0,0.0,1.0,0.0
60.0,70.0,11207.0,6.0,1997.0,1997.0,714.0,88.0,802.0,802.0,709.0,1511.0,2.0,8.0,1.0,1997.0,2.0,413.0,75.0,2313.0,3.5,170.0,9.0,9.0,9066.0,826.0,1.0,0.0,1.0,1.0,0.0,1.0,0.0,1.0,0.0,0.0,1.0,0.0,1.0,0.0
80.0,70.34384858044164,14112.0,5.0,1964.0,1964.0,1014.0,138.0,1152.0,1152.0,0.0,1152.0,1.0,6.0,1.0,1964.0,2.0,484.0,0.0,2304.0,2.0,227.0,46.0,46.0,5760.0,968.0,0.0,0.0,1.0,1.0,0.0,0.0,1.0,1.0,0.0,0.0,1.0,0.0,0.0,0.0
50.0,75.0,13710.0,5.0,1950.0,1950.0,420.0,490.0,910.0,910.0,648.0,1558.0,1.0,6.0,0.0,1950.0,1.0,282.0,0.0,2468.0,1.5,289.0,57.0,57.0,7790.0,282.0,0.0,0.0,1.0,0.0,0.0,0.0,1.0,0.0,0.0,0.0,1.0,0.0,0.0,1.0
60.0,80.0,9554.0,8.0,1993.0,1994.0,380.0,397.0,777.0,1065.0,846.0,1911.0,2.0,8.0,1.0,1993.0,2.0,471.0,81.0,2688.0,2.5,263.0,13.0,12.0,15288.0,942.0,1.0,1.0,0.0,1.0,0.0,1.0,0.0,1.0,1.0,1.0,0.0,0.0,0.0,0.0
20.0,64.0,8712.0,5.0,1957.0,2000.0,860.0,132.0,992.0,1306.0,0.0,1306.0,1.0,5.0,0.0,1968.0,1.0,756.0,0.0,2298.0,2.0,0.0,52.0,9.0,6530.0,756.0,0.0,0.0,1.0,0.0,0.0,0.0,1.0,0.0,0.0,0.0,1.0,1.0,0.0,1.0
75.0,90.0,8100.0,5.0,1898.0,1965.0,0.0,849.0,849.0,1075.0,1063.0,2138.0,2.0,11.0,0.0,1910.0,2.0,360.0,156.0,2987.0,2.0,196.0,111.0,44.0,10690.0,720.0,0.0,0.0,1.0,1.0,0.0,0.0,1.0,0.0,0.0,0.0,1.0,1.0,0.0,1.0
60.0,102.0,11143.0,8.0,2004.0,2005.0,0.0,1580.0,1580.0,1580.0,886.0,2466.0,3.0,8.0,1.0,2004.0,2.0,610.0,214.0,4046.0,3.0,373.0,3.0,2.0,19728.0,1220.0,0.0,1.0,0.0,1.0,0.0,1.0,0.0,0.0,1.0,1.0,0.0,0.0,0.0,0.0
50.0,77.0,9786.0,6.0,1962.0,1981.0,600.0,312.0,912.0,1085.0,649.0,1734.0,1.0,7.0,1.0,1962.0,2.0,440.0,0.0,2646.0,1.5,128.0,44.0,25.0,10404.0,880.0,0.0,0.0,1.0,0.0,0.0,0.0,1.0,0.0,0.0,1.0,0.0,0.0,0.0,0.0
50.0,50.0,6000.0,6.0,1929.0,1950.0,0.0,862.0,862.0,950.0,208.0,1158.0,1.0,5.0,1.0,1929.0,1.0,208.0,0.0,2020.0,1.0,112.0,79.0,58.0,6948.0,208.0,0.0,0.0,1.0,0.0,0.0,0.0,1.0,0.0,0.0,0.0,1.0,0.0,0.0,0.0
20.0,100.0,21750.0,5.0,1960.0,2006.0,0.0,0.0,0.0,1771.0,0.0,1771.0,1.0,9.0,1.0,1960.0,2.0,336.0,0.0,1771.0,1.0,0.0,49.0,3.0,8855.0,672.0,0.0,0.0,1.0,0.0,0.0,0.0,1.0,0.0,0.0,0.0,1.0,0.0,0.0,1.0
120.0,70.34384858044164,4928.0,6.0,1976.0,1976.0,120.0,958.0,1078.0,958.0,0.0,958.0,2.0,5.0,1.0,1977.0,2.0,440.0,205.0,2036.0,2.0,205.0,31.0,31.0,5748.0,880.0,0.0,0.0,1.0,0.0,0.0,1.0,0.0,0.0,0.0,0.0,1.0,0.0,0.0,0.0
20.0,90.0,11694.0,9.0,2007.0,2007.0,48.0,1774.0,1822.0,1828.0,0.0,1828.0,2.0,9.0,1.0,2007.0,3.0,774.0,108.0,3650.0,2.0,368.0,0.0,0.0,16452.0,2322.0,0.0,0.0,0.0,1.0,1.0,0.0,0.0,1.0,1.0,1.0,0.0,0.0,0.0,1.0
50.0,60.0,11409.0,5.0,1949.0,2008.0,292.0,476.0,768.0,1148.0,568.0,1716.0,1.0,8.0,1.0,1949.0,1.0,281.0,0.0,2484.0,1.5,160.0,60.0,1.0,8580.0,281.0,0.0,0.0,1.0,0.0,0.0,0.0,1.0,0.0,0.0,0.0,1.0,0.0,0.0,1.0
60.0,67.0,14948.0,9.0,2008.0,2008.0,1330.0,122.0,1452.0,1476.0,1237.0,2713.0,2.0,11.0,1.0,2008.0,3.0,858.0,66.0,4165.0,3.5,192.0,0.0,0.0,24417.0,2574.0,1.0,0.0,0.0,1.0,1.0,0.0,0.0,1.0,1.0,0.0,0.0,0.0,1.0,0.0
50.0,52.0,6240.0,6.0,1931.0,1950.0,425.0,459.0,884.0,959.0,408.0,1367.0,1.0,6.0,1.0,1978.0,1.0,560.0,0.0,2251.0,1.0,120.0,76.0,57.0,8202.0,560.0,0.0,0.0,1.0,0.0,0.0,0.0,1.0,0.0,0.0,0.0,1.0,1.0,0.0,1.0
70.0,50.0,2500.0,7.0,1915.0,2005.0,299.0,611.0,910.0,916.0,910.0,1826.0,1.0,7.0,1.0,1915.0,1.0,164.0,0.0,2736.0,2.5,0.0,94.0,4.0,12782.0,164.0,0.0,1.0,0.0,1.0,0.0,0.0,1.0,0.0,1.0,0.0,0.0,0.0,0.0,1.0
20.0,105.0,11249.0,6.0,1995.0,1995.0,334.0,322.0,1200.0,1200.0,0.0,1200.0,2.0,6.0,0.0,1995.0,2.0,521.0,26.0,2400.0,3.0,26.0,12.0,12.0,7200.0,1042.0,1.0,1.0,0.0,1.0,0.0,1.0,0.0,0.0,1.0,1.0,0.0,0.0,0.0,0.0
50.0,70.34384858044164,12358.0,5.0,1941.0,1950.0,360.0,360.0,720.0,854.0,0.0,1382.0,1.0,7.0,0.0,1991.0,2.0,660.0,0.0,1574.0,1.5,237.0,66.0,57.0,6910.0,1320.0,0.0,0.0,1.0,0.0,0.0,0.0,1.0,0.0,0.0,0.0,1.0,1.0,0.0,1.0
60.0,51.0,8029.0,6.0,2005.0,2005.0,0.0,728.0,728.0,728.0,728.0,1456.0,2.0,8.0,0.0,2005.0,2.0,400.0,24.0,2184.0,2.5,124.0,3.0,3.0,8736.0,800.0,1.0,0.0,1.0,1.0,0.0,1.0,0.0,0.0,1.0,1.0,0.0,0.0,1.0,0.0
60.0,52.0,46589.0,8.0,1994.0,2005.0,1361.0,88.0,1629.0,1686.0,762.0,2448.0,2.0,8.0,1.0,1994.0,3.0,711.0,76.0,4077.0,3.5,593.0,15.0,4.0,19584.0,2133.0,1.0,1.0,0.0,1.0,0.0,1.0,0.0,1.0,1.0,1.0,0.0,0.0,0.0,0.0
70.0,55.0,8525.0,5.0,1911.0,1950.0,0.0,940.0,940.0,1024.0,940.0,1964.0,1.0,7.0,0.0,1978.6621376811595,0.0,0.0,192.0,2904.0,1.5,192.0,97.0,58.0,9820.0,0.0,0.0,0.0,1.0,1.0,0.0,0.0,1.0,0.0,0.0,0.0,1.0,0.0,0.0,1.0
20.0,75.0,8250.0,6.0,1964.0,1964.0,787.0,305.0,1092.0,1092.0,0.0,1092.0,1.0,6.0,0.0,1964.0,2.0,504.0,0.0,2184.0,2.0,0.0,44.0,44.0,6552.0,1008.0,0.0,0.0,1.0,0.0,0.0,1.0,0.0,0.0,1.0,0.0,1.0,0.0,0.0,0.0
20.0,80.0,9600.0,5.0,1950.0,2007.0,607.0,506.0,1113.0,1113.0,0.0,1113.0,1.0,5.0,1.0,1950.0,1.0,264.0,80.0,2226.0,1.0,200.0,59.0,2.0,5565.0,264.0,0.0,1.0,0.0,0.0,0.0,0.0,1.0,0.0,0.0,1.0,0.0,0.0,0.0,1.0
20.0,70.0,10500.0,4.0,1971.0,1971.0,432.0,432.0,864.0,864.0,0.0,864.0,1.0,5.0,1.0,1978.6621376811595,0.0,0.0,0.0,1728.0,1.0,0.0,39.0,39.0,3456.0,0.0,0.0,0.0,1.0,0.0,0.0,0.0,1.0,0.0,0.0,0.0,1.0,0.0,0.0,1.0
60.0,60.0,7500.0,7.0,1999.0,1999.0,0.0,994.0,994.0,1028.0,776.0,1804.0,2.0,7.0,1.0,1999.0,2.0,442.0,60.0,2798.0,2.5,200.0,11.0,11.0,12628.0,884.0,1.0,0.0,1.0,1.0,0.0,0.0,1.0,0.0,0.0,1.0,0.0,0.0,1.0,0.0
90.0,100.0,25000.0,5.0,1967.0,1967.0,0.0,1632.0,1632.0,1632.0,0.0,1632.0,2.0,8.0,0.0,1967.0,2.0,576.0,0.0,3264.0,2.0,0.0,40.0,40.0,8160.0,1152.0,0.0,0.0,1.0,0.0,0.0,0.0,1.0,0.0,0.0,0.0,1.0,0.0,0.0,1.0
60.0,90.0,10800.0,6.0,1974.0,1997.0,956.0,384.0,1522.0,1548.0,1066.0,2614.0,2.0,9.0,1.0,1974.0,2.0,624.0,243.0,4136.0,2.5,281.0,34.0,11.0,15684.0,1248.0,0.0,0.0,1.0,0.0,0.0,0.0,1.0,0.0,0.0,0.0,1.0,0.0,0.0,0.0
120.0,34.0,5001.0,7.0,2007.0,2008.0,904.0,410.0,1314.0,1314.0,0.0,1314.0,2.0,6.0,1.0,2008.0,2.0,626.0,62.0,2628.0,3.0,234.0,2.0,1.0,9198.0,1252.0,1.0,1.0,0.0,1.0,0.0,1.0,0.0,1.0,1.0,1.0,0.0,0.0,0.0,0.0
60.0,107.0,10186.0,7.0,1992.0,1992.0,674.0,76.0,750.0,1061.0,862.0,1923.0,2.0,8.0,1.0,1992.0,2.0,564.0,39.0,2673.0,3.5,279.0,18.0,18.0,13461.0,1128.0,0.0,1.0,0.0,1.0,0.0,1.0,0.0,1.0,1.0,1.0,0.0,0.0,0.0,0.0
20.0,70.0,8400.0,7.0,2004.0,2005.0,712.0,761.0,1473.0,1484.0,0.0,1484.0,2.0,7.0,0.0,2004.0,2.0,606.0,35.0,2957.0,3.0,179.0,6.0,5.0,10388.0,1212.0,1.0,1.0,0.0,1.0,0.0,1.0,0.0,1.0,1.0,1.0,0.0,0.0,0.0,0.0
30.0,50.0,5330.0,4.0,1940.0,1950.0,280.0,140.0,420.0,708.0,0.0,708.0,1.0,5.0,0.0,1978.6621376811595,0.0,0.0,0.0,1128.0,1.0,164.0,69.0,59.0,2832.0,0.0,1.0,0.0,0.0,0.0,0.0,0.0,1.0,0.0,0.0,0.0,0.0,0.0,0.0,1.0
20.0,76.0,9591.0,8.0,2004.0,2005.0,1088.0,625.0,1713.0,1713.0,0.0,1713.0,2.0,7.0,1.0,2004.0,3.0,856.0,26.0,3426.0,3.0,196.0,5.0,4.0,13704.0,2568.0,1.0,1.0,0.0,1.0,1.0,0.0,0.0,1.0,1.0,0.0,0.0,0.0,1.0,0.0
20.0,70.0,7931.0,5.0,1960.0,1960.0,374.0,363.0,1269.0,1269.0,0.0,1269.0,1.0,6.0,1.0,1964.0,1.0,308.0,0.0,2538.0,1.5,0.0,48.0,48.0,6345.0,308.0,0.0,0.0,1.0,0.0,0.0,0.0,1.0,0.0,0.0,0.0,1.0,1.0,0.0,1.0
20.0,49.0,20896.0,8.0,2005.0,2006.0,1721.0,356.0,2077.0,2097.0,0.0,2097.0,1.0,8.0,1.0,2005.0,3.0,1134.0,267.0,4174.0,2.5,459.0,1.0,0.0,16776.0,3402.0,1.0,1.0,0.0,1.0,1.0,0.0,0.0,1.0,1.0,0.0,0.0,0.0,1.0,0.0
20.0,120.0,9560.0,5.0,1972.0,1972.0,360.0,504.0,864.0,864.0,0.0,864.0,1.0,5.0,0.0,1972.0,1.0,288.0,0.0,1728.0,1.0,0.0,34.0,34.0,4320.0,288.0,0.0,0.0,1.0,0.0,0.0,0.0,1.0,0.0,1.0,0.0,1.0,0.0,0.0,0.0
60.0,96.0,11308.0,9.0,2008.0,2008.0,936.0,168.0,1104.0,1130.0,1054.0,2184.0,2.0,10.0,1.0,2008.0,3.0,836.0,102.0,3288.0,3.5,102.0,1.0,1.0,19656.0,2508.0,1.0,0.0,0.0,1.0,1.0,0.0,0.0,1.0,1.0,0.0,0.0,0.0,1.0,0.0
20.0,89.0,12461.0,8.0,1994.0,1995.0,1456.0,168.0,1624.0,1624.0,0.0,1624.0,2.0,5.0,1.0,1994.0,3.0,757.0,114.0,3248.0,3.0,306.0,12.0,11.0,12992.0,2271.0,0.0,1.0,0.0,1.0,0.0,1.0,0.0,1.0,1.0,1.0,0.0,0.0,0.0,0.0
20.0,70.0,11200.0,5.0,1965.0,1965.0,906.0,134.0,1040.0,1040.0,0.0,1040.0,1.0,5.0,0.0,1965.0,1.0,384.0,0.0,2080.0,2.0,0.0,43.0,43.0,5200.0,384.0,0.0,0.0,1.0,0.0,0.0,0.0,1.0,0.0,1.0,0.0,1.0,1.0,0.0,1.0
60.0,70.34384858044164,9505.0,7.0,2001.0,2001.0,0.0,884.0,884.0,884.0,1151.0,2035.0,2.0,8.0,1.0,2001.0,2.0,434.0,48.0,2919.0,2.5,192.0,9.0,9.0,14245.0,868.0,1.0,1.0,0.0,1.0,0.0,1.0,0.0,0.0,1.0,1.0,0.0,0.0,1.0,0.0
120.0,30.0,9549.0,8.0,1995.0,1996.0,437.0,0.0,1494.0,1494.0,0.0,1494.0,1.0,6.0,1.0,1995.0,2.0,481.0,30.0,2988.0,2.5,246.0,11.0,10.0,11952.0,962.0,0.0,1.0,0.0,1.0,0.0,1.0,0.0,0.0,1.0,0.0,0.0,0.0,1.0,0.0
120.0,34.0,5063.0,7.0,2007.0,2008.0,904.0,410.0,1314.0,1314.0,0.0,1314.0,2.0,6.0,1.0,2008.0,2.0,626.0,62.0,2628.0,3.0,234.0,2.0,1.0,9198.0,1252.0,1.0,1.0,0.0,1.0,0.0,1.0,0.0,1.0,1.0,1.0,0.0,0.0,0.0,0.0
60.0,90.0,11700.0,6.0,1968.0,1968.0,384.0,143.0,702.0,1041.0,702.0,1743.0,1.0,7.0,1.0,1968.0,2.0,539.0,0.0,2445.0,2.5,224.0,39.0,39.0,10458.0,1078.0,0.0,1.0,0.0,0.0,0.0,0.0,1.0,0.0,0.0,0.0,1.0,0.0,0.0,1.0
60.0,103.0,13125.0,7.0,1991.0,1991.0,48.0,422.0,1104.0,912.0,1215.0,2127.0,2.0,8.0,1.0,1991.0,3.0,833.0,192.0,3231.0,3.5,488.0,16.0,16.0,14889.0,2499.0,0.0,1.0,0.0,1.0,1.0,0.0,0.0,0.0,1.0,1.0,0.0,0.0,0.0,0.0
190.0,55.0,5687.0,5.0,1912.0,2000.0,210.0,570.0,780.0,936.0,780.0,1716.0,2.0,9.0,0.0,1978.6621376811595,0.0,0.0,184.0,2496.0,3.0,184.0,96.0,8.0,8580.0,0.0,1.0,0.0,1.0,1.0,0.0,0.0,1.0,0.0,1.0,0.0,0.0,0.0,0.0,1.0
120.0,44.0,6371.0,7.0,2009.0,2010.0,733.0,625.0,1358.0,1358.0,0.0,1358.0,2.0,6.0,1.0,2010.0,2.0,484.0,35.0,2716.0,3.0,227.0,1.0,0.0,9506.0,968.0,1.0,1.0,0.0,1.0,0.0,1.0,0.0,1.0,1.0,1.0,0.0,0.0,0.0,0.0
80.0,76.0,9967.0,7.0,2000.0,2000.0,0.0,384.0,384.0,774.0,656.0,1430.0,2.0,8.0,1.0,2000.0,2.0,400.0,0.0,1814.0,2.5,100.0,7.0,7.0,10010.0,800.0,1.0,0.0,1.0,1.0,0.0,1.0,0.0,0.0,1.0,0.0,1.0,0.0,0.0,0.0
20.0,62.0,7500.0,7.0,2004.0,2005.0,410.0,811.0,1221.0,1221.0,0.0,1221.0,2.0,6.0,0.0,2004.0,2.0,400.0,113.0,2442.0,3.0,113.0,5.0,4.0,8547.0,800.0,1.0,1.0,0.0,1.0,0.0,1.0,0.0,1.0,1.0,1.0,0.0,0.0,0.0,0.0
60.0,75.0,9375.0,7.0,2003.0,2004.0,0.0,912.0,912.0,912.0,1182.0,2094.0,2.0,8.0,1.0,2003.0,2.0,615.0,182.0,3006.0,2.5,364.0,6.0,5.0,14658.0,1230.0,1.0,1.0,0.0,1.0,0.0,1.0,0.0,0.0,1.0,1.0,0.0,0.0,1.0,0.0
20.0,60.0,8281.0,5.0,1965.0,1965.0,553.0,0.0,864.0,864.0,0.0,864.0,1.0,5.0,1.0,1965.0,1.0,360.0,0.0,1728.0,1.0,236.0,44.0,44.0,4320.0,360.0,0.0,0.0,1.0,0.0,0.0,0.0,1.0,0.0,0.0,0.0,1.0,1.0,0.0,1.0
20.0,69.0,8973.0,5.0,1958.0,1991.0,567.0,413.0,1008.0,1053.0,0.0,1053.0,1.0,6.0,0.0,1998.0,2.0,750.0,80.0,2061.0,2.0,260.0,48.0,15.0,5265.0,1500.0,0.0,0.0,1.0,0.0,0.0,0.0,1.0,0.0,0.0,0.0,0.0,0.0,0.0,0.0
85.0,70.34384858044164,16647.0,5.0,1975.0,1981.0,1390.0,0.0,1390.0,1701.0,0.0,1701.0,2.0,6.0,2.0,1975.0,2.0,611.0,0.0,3091.0,3.0,0.0,32.0,26.0,8505.0,1222.0,0.0,0.0,1.0,0.0,0.0,1.0,0.0,0.0,0.0,0.0,1.0,0.0,1.0,0.0
20.0,70.0,8176.0,5.0,1958.0,1992.0,846.0,210.0,1056.0,1056.0,0.0,1056.0,1.0,6.0,0.0,1958.0,1.0,308.0,0.0,2112.0,2.0,0.0,49.0,15.0,5280.0,308.0,0.0,0.0,1.0,0.0,0.0,0.0,1.0,0.0,0.0,0.0,1.0,0.0,0.0,0.0
20.0,49.0,5820.0,3.0,1955.0,2005.0,256.0,906.0,1162.0,1163.0,0.0,1163.0,1.0,6.0,0.0,1955.0,1.0,220.0,98.0,2325.0,2.0,240.0,51.0,1.0,3489.0,220.0,1.0,0.0,1.0,0.0,0.0,0.0,1.0,0.0,1.0,0.0,1.0,0.0,0.0,1.0
60.0,65.0,8125.0,7.0,2007.0,2007.0,0.0,813.0,813.0,822.0,843.0,1665.0,2.0,7.0,0.0,2007.0,2.0,562.0,0.0,2478.0,2.5,0.0,1.0,1.0,11655.0,1124.0,0.0,1.0,0.0,1.0,0.0,1.0,0.0,0.0,1.0,1.0,0.0,0.0,0.0,0.0
50.0,67.0,12354.0,6.0,1920.0,2000.0,0.0,684.0,684.0,684.0,512.0,1196.0,1.0,7.0,0.0,2005.0,2.0,528.0,46.0,1880.0,1.0,46.0,89.0,9.0,7176.0,1056.0,0.0,0.0,1.0,0.0,0.0,0.0,1.0,0.0,0.0,1.0,0.0,1.0,0.0,1.0
60.0,104.0,13518.0,9.0,2008.0,2009.0,0.0,1926.0,1926.0,1966.0,1174.0,3140.0,3.0,11.0,2.0,2009.0,3.0,820.0,78.0,5066.0,3.5,222.0,1.0,0.0,28260.0,2460.0,1.0,0.0,0.0,1.0,1.0,0.0,0.0,0.0,1.0,0.0,0.0,0.0,1.0,0.0
20.0,80.0,10400.0,7.0,1970.0,1970.0,0.0,1304.0,1304.0,1682.0,0.0,1682.0,2.0,7.0,1.0,1970.0,2.0,530.0,0.0,2986.0,2.0,98.0,38.0,38.0,11774.0,1060.0,0.0,0.0,1.0,1.0,0.0,0.0,1.0,0.0,0.0,0.0,1.0,0.0,0.0,1.0
180.0,35.0,3675.0,5.0,2005.0,2005.0,547.0,0.0,547.0,1072.0,0.0,1072.0,1.0,5.0,0.0,2005.0,2.0,525.0,28.0,1619.0,2.0,28.0,1.0,1.0,5360.0,1050.0,1.0,0.0,1.0,1.0,0.0,1.0,0.0,1.0,0.0,0.0,1.0,0.0,1.0,0.0
60.0,72.0,8640.0,7.0,2009.0,2009.0,24.0,732.0,756.0,764.0,783.0,1547.0,2.0,7.0,0.0,2009.0,2.0,614.0,45.0,2303.0,2.5,214.0,1.0,1.0,10829.0,1228.0,1.0,0.0,1.0,1.0,0.0,1.0,0.0,1.0,1.0,1.0,0.0,0.0,0.0,1.0
20.0,84.0,11670.0,9.0,2006.0,2006.0,0.0,1905.0,1905.0,1905.0,0.0,1905.0,2.0,8.0,1.0,2006.0,3.0,788.0,191.0,3810.0,2.0,191.0,1.0,1.0,17145.0,2364.0,0.0,0.0,0.0,1.0,1.0,0.0,0.0,0.0,1.0,0.0,0.0,0.0,1.0,0.0
60.0,43.0,10667.0,7.0,1996.0,1996.0,385.0,70.0,799.0,827.0,834.0,1661.0,2.0,6.0,1.0,1996.0,2.0,550.0,61.0,2460.0,3.5,219.0,13.0,13.0,11627.0,1100.0,1.0,1.0,0.0,1.0,0.0,1.0,0.0,1.0,1.0,1.0,0.0,0.0,0.0,0.0
80.0,82.0,9020.0,6.0,1964.0,1964.0,624.0,288.0,1248.0,1350.0,0.0,1350.0,1.0,6.0,0.0,1964.0,2.0,520.0,0.0,2598.0,2.5,176.0,44.0,44.0,8100.0,1040.0,0.0,0.0,1.0,0.0,0.0,0.0,1.0,1.0,0.0,0.0,1.0,0.0,0.0,0.0
60.0,70.0,11218.0,6.0,1992.0,1992.0,0.0,1055.0,1055.0,1055.0,790.0,1845.0,2.0,8.0,1.0,1992.0,2.0,462.0,104.0,2900.0,2.5,739.0,18.0,18.0,11070.0,924.0,0.0,1.0,0.0,1.0,0.0,1.0,0.0,0.0,1.0,1.0,0.0,0.0,0.0,0.0
80.0,85.0,13825.0,5.0,1958.0,1987.0,0.0,533.0,533.0,1021.0,580.0,1601.0,1.0,6.0,0.0,1958.0,1.0,300.0,34.0,2134.0,1.5,314.0,50.0,21.0,8005.0,300.0,0.0,0.0,1.0,0.0,0.0,0.0,1.0,0.0,0.0,0.0,1.0,0.0,0.0,0.0
60.0,70.34384858044164,13031.0,6.0,1995.0,1996.0,592.0,99.0,691.0,691.0,807.0,1498.0,2.0,6.0,1.0,1995.0,2.0,409.0,44.0,2189.0,2.5,359.0,11.0,10.0,8988.0,818.0,0.0,0.0,1.0,1.0,0.0,1.0,0.0,0.0,0.0,0.0,1.0,0.0,1.0,0.0
60.0,100.0,12552.0,7.0,2004.0,2005.0,222.0,769.0,991.0,991.0,956.0,1947.0,2.0,8.0,1.0,2004.0,2.0,678.0,136.0,2938.0,2.5,136.0,6.0,5.0,13629.0,1356.0,1.0,1.0,0.0,1.0,0.0,1.0,0.0,1.0,1.0,1.0,0.0,0.0,0.0,0.0
20.0,70.34384858044164,7390.0,5.0,1955.0,1955.0,902.0,196.0,1098.0,1098.0,0.0,1098.0,1.0,6.0,0.0,1955.0,1.0,260.0,0.0,2196.0,2.0,0.0,53.0,53.0,5490.0,260.0,0.0,0.0,1.0,0.0,0.0,0.0,1.0,0.0,0.0,0.0,1.0,0.0,0.0,1.0
20.0,65.0,9750.0,6.0,1969.0,1969.0,602.0,14.0,1054.0,1054.0,0.0,1054.0,1.0,6.0,0.0,1969.0,2.0,460.0,0.0,2108.0,2.5,260.0,39.0,39.0,6324.0,920.0,0.0,0.0,1.0,0.0,0.0,1.0,0.0,0.0,0.0,0.0,1.0,0.0,0.0,1.0
20.0,50.0,6000.0,5.0,1957.0,1957.0,308.0,620.0,928.0,928.0,0.0,928.0,1.0,5.0,0.0,1957.0,1.0,288.0,0.0,1856.0,1.0,0.0,51.0,51.0,4640.0,288.0,0.0,0.0,1.0,0.0,0.0,0.0,1.0,0.0,0.0,0.0,1.0,0.0,1.0,0.0
50.0,60.0,9120.0,7.0,1925.0,1950.0,329.0,697.0,1026.0,1133.0,687.0,1820.0,2.0,8.0,0.0,1925.0,1.0,240.0,100.0,2846.0,3.0,100.0,83.0,58.0,12740.0,240.0,0.0,0.0,1.0,1.0,0.0,0.0,1.0,0.0,1.0,0.0,1.0,1.0,0.0,1.0
75.0,102.0,15863.0,7.0,1920.0,1970.0,523.0,301.0,824.0,1687.0,998.0,3082.0,2.0,12.0,2.0,1970.0,2.0,672.0,63.0,3509.0,3.5,199.0,89.0,39.0,21574.0,1344.0,0.0,0.0,1.0,0.0,0.0,0.0,1.0,1.0,1.0,0.0,1.0,0.0,1.0,0.0
50.0,70.34384858044164,11250.0,4.0,1957.0,1989.0,0.0,1104.0,1104.0,1104.0,684.0,1788.0,1.0,8.0,2.0,1957.0,1.0,304.0,0.0,2892.0,2.0,120.0,52.0,20.0,7152.0,304.0,0.0,0.0,1.0,0.0,0.0,0.0,1.0,0.0,1.0,0.0,1.0,0.0,0.0,1.0
30.0,60.0,7200.0,5.0,1910.0,2006.0,247.0,310.0,1022.0,1022.0,0.0,1022.0,1.0,4.0,0.0,1956.0,1.0,280.0,30.0,2044.0,2.0,256.0,99.0,3.0,5110.0,280.0,0.0,0.0,1.0,0.0,0.0,0.0,1.0,0.0,0.0,0.0,1.0,1.0,0.0,1.0
20.0,68.0,8814.0,7.0,2005.0,2007.0,925.0,349.0,1274.0,1274.0,0.0,1274.0,2.0,6.0,0.0,2005.0,2.0,508.0,98.0,2548.0,3.0,362.0,2.0,0.0,8918.0,1016.0,1.0,1.0,0.0,1.0,0.0,1.0,0.0,1.0,1.0,1.0,0.0,0.0,0.0,0.0
60.0,77.0,11198.0,9.0,2005.0,2007.0,0.0,1122.0,1122.0,1134.0,1370.0,2504.0,2.0,11.0,1.0,2005.0,3.0,656.0,39.0,3626.0,2.5,183.0,3.0,1.0,22536.0,1968.0,1.0,1.0,0.0,1.0,0.0,1.0,0.0,0.0,1.0,0.0,0.0,0.0,1.0,0.0
60.0,70.34384858044164,11050.0,9.0,2000.0,2000.0,904.0,536.0,1440.0,1476.0,677.0,2153.0,2.0,8.0,2.0,2000.0,3.0,736.0,142.0,3593.0,3.5,395.0,9.0,9.0,19377.0,2208.0,1.0,1.0,0.0,1.0,1.0,0.0,0.0,1.0,1.0,0.0,0.0,0.0,1.0,0.0
60.0,75.0,9473.0,8.0,2002.0,2002.0,804.0,324.0,1128.0,1128.0,903.0,2031.0,2.0,7.0,1.0,2002.0,2.0,577.0,211.0,3159.0,3.5,211.0,6.0,6.0,16248.0,1154.0,1.0,1.0,0.0,1.0,0.0,1.0,0.0,1.0,1.0,1.0,0.0,0.0,0.0,0.0
70.0,60.0,13515.0,6.0,1919.0,1950.0,0.0,764.0,764.0,1060.0,764.0,1824.0,1.0,8.0,1.0,1940.0,2.0,520.0,0.0,2588.0,1.0,126.0,88.0,57.0,10944.0,1040.0,0.0,0.0,1.0,1.0,0.0,0.0,1.0,0.0,1.0,0.0,1.0,1.0,0.0,1.0
20.0,70.34384858044164,11425.0,5.0,1954.0,1954.0,486.0,522.0,1008.0,1008.0,0.0,1008.0,1.0,4.0,1.0,1954.0,1.0,275.0,0.0,2016.0,1.0,120.0,52.0,52.0,5040.0,275.0,0.0,0.0,1.0,0.0,0.0,0.0,1.0,0.0,0.0,0.0,1.0,0.0,0.0,0.0
30.0,40.0,4280.0,5.0,1913.0,2002.0,365.0,75.0,440.0,694.0,0.0,694.0,1.0,4.0,1.0,1990.0,1.0,352.0,0.0,1134.0,1.0,34.0,94.0,5.0,3470.0,352.0,0.0,0.0,1.0,1.0,0.0,0.0,1.0,0.0,0.0,1.0,0.0,1.0,0.0,1.0
90.0,55.0,12640.0,6.0,1976.0,1976.0,936.0,396.0,1728.0,1728.0,0.0,1728.0,2.0,8.0,0.0,1976.0,2.0,574.0,0.0,3456.0,2.0,40.0,30.0,30.0,10368.0,1148.0,0.0,0.0,1.0,0.0,0.0,0.0,1.0,0.0,0.0,0.0,1.0,0.0,0.0,1.0
20.0,78.0,10264.0,7.0,1999.0,1999.0,1162.0,426.0,1588.0,1588.0,0.0,1588.0,2.0,6.0,0.0,1999.0,2.0,472.0,29.0,3176.0,2.0,187.0,7.0,7.0,11116.0,944.0,1.0,1.0,0.0,1.0,0.0,1.0,0.0,0.0,1.0,1.0,0.0,0.0,0.0,0.0
20.0,70.34384858044164,11341.0,5.0,1957.0,1996.0,1302.0,90.0,1392.0,1392.0,0.0,1392.0,1.0,5.0,1.0,1957.0,2.0,528.0,0.0,2784.0,2.5,95.0,53.0,14.0,6960.0,1056.0,0.0,0.0,1.0,0.0,0.0,1.0,0.0,0.0,0.0,0.0,1.0,1.0,0.0,1.0
60.0,160.0,15623.0,10.0,1996.0,1996.0,2096.0,300.0,2396.0,2411.0,2065.0,4476.0,3.0,10.0,2.0,1996.0,3.0,813.0,78.0,6872.0,4.5,249.0,11.0,11.0,44760.0,2439.0,0.0,1.0,0.0,1.0,1.0,0.0,0.0,1.0,1.0,0.0,0.0,0.0,1.0,0.0
60.0,92.0,11952.0,7.0,1977.0,1977.0,0.0,808.0,808.0,1161.0,808.0,1969.0,2.0,8.0,1.0,1977.0,2.0,534.0,0.0,2777.0,2.5,276.0,30.0,30.0,13783.0,1068.0,0.0,0.0,1.0,0.0,0.0,1.0,0.0,0.0,0.0,0.0,1.0,0.0,0.0,0.0
120.0,43.0,3182.0,7.0,2005.0,2006.0,16.0,1330.0,1346.0,1504.0,0.0,1504.0,2.0,7.0,1.0,2005.0,2.0,457.0,0.0,2850.0,2.0,156.0,4.0,3.0,10528.0,914.0,1.0,1.0,0.0,1.0,0.0,1.0,0.0,1.0,1.0,1.0,0.0,0.0,1.0,0.0
20.0,68.0,9571.0,5.0,1958.0,1958.0,0.0,1276.0,1276.0,1276.0,0.0,1276.0,1.0,5.0,0.0,1958.0,1.0,350.0,0.0,2552.0,1.0,0.0,51.0,51.0,6380.0,350.0,0.0,0.0,1.0,0.0,0.0,0.0,1.0,0.0,0.0,0.0,1.0,0.0,0.0,1.0
20.0,122.0,11923.0,9.0,2007.0,2007.0,0.0,1800.0,1800.0,1800.0,0.0,1800.0,2.0,7.0,0.0,2007.0,2.0,702.0,136.0,3600.0,2.0,424.0,2.0,2.0,16200.0,1404.0,1.0,1.0,0.0,1.0,1.0,0.0,0.0,0.0,1.0,0.0,0.0,0.0,1.0,0.0
90.0,81.0,11841.0,6.0,1990.0,1990.0,816.0,0.0,816.0,816.0,0.0,816.0,1.0,5.0,0.0,1978.6621376811595,0.0,0.0,32.0,1632.0,2.0,32.0,17.0,17.0,4896.0,0.0,0.0,0.0,1.0,0.0,0.0,1.0,0.0,1.0,0.0,0.0,1.0,0.0,0.0,1.0
20.0,60.0,7200.0,5.0,1950.0,1950.0,0.0,0.0,0.0,1040.0,0.0,1040.0,1.0,5.0,0.0,1950.0,2.0,625.0,0.0,1040.0,1.0,0.0,56.0,56.0,5200.0,1250.0,0.0,0.0,1.0,0.0,0.0,0.0,1.0,0.0,0.0,0.0,1.0,1.0,0.0,1.0
20.0,88.0,7990.0,5.0,1975.0,1975.0,0.0,924.0,924.0,924.0,0.0,924.0,1.0,5.0,0.0,1981.0,1.0,280.0,0.0,1848.0,1.0,0.0,33.0,33.0,4620.0,280.0,0.0,0.0,1.0,0.0,0.0,1.0,0.0,0.0,0.0,0.0,1.0,1.0,0.0,1.0
45.0,59.0,7227.0,6.0,1954.0,1954.0,0.0,832.0,832.0,832.0,0.0,832.0,1.0,4.0,0.0,1962.0,2.0,528.0,0.0,1664.0,1.0,0.0,54.0,54.0,4992.0,1056.0,0.0,0.0,1.0,0.0,0.0,0.0,1.0,0.0,0.0,1.0,0.0,1.0,0.0,1.0
60.0,70.34384858044164,11214.0,7.0,1998.0,1999.0,0.0,930.0,930.0,956.0,930.0,1886.0,2.0,10.0,1.0,1998.0,2.0,431.0,0.0,2816.0,2.5,89.0,8.0,7.0,13202.0,862.0,1.0,1.0,0.0,1.0,0.0,1.0,0.0,0.0,0.0,1.0,0.0,0.0,1.0,0.0
20.0,90.0,14684.0,7.0,1990.0,1991.0,485.0,1496.0,2158.0,2196.0,0.0,2196.0,2.0,7.0,1.0,1990.0,3.0,701.0,70.0,4354.0,2.0,154.0,19.0,18.0,15372.0,2103.0,0.0,1.0,0.0,0.0,0.0,1.0,0.0,0.0,0.0,1.0,0.0,0.0,0.0,0.0
190.0,75.0,11625.0,5.0,1965.0,1965.0,841.0,198.0,1039.0,1039.0,0.0,1039.0,1.0,6.0,0.0,1965.0,2.0,504.0,0.0,2078.0,2.5,0.0,45.0,45.0,5195.0,1008.0,0.0,0.0,1.0,1.0,0.0,0.0,1.0,0.0,1.0,0.0,1.0,0.0,0.0,1.0
50.0,115.0,21286.0,5.0,1948.0,1950.0,0.0,720.0,720.0,720.0,551.0,1271.0,2.0,7.0,1.0,1948.0,1.0,312.0,0.0,1991.0,2.0,108.0,60.0,58.0,6355.0,312.0,0.0,0.0,1.0,0.0,0.0,0.0,1.0,0.0,0.0,0.0,1.0,0.0,0.0,1.0
50.0,50.0,8405.0,5.0,1900.0,1950.0,241.0,229.0,861.0,961.0,406.0,1367.0,1.0,7.0,0.0,1978.0,1.0,384.0,130.0,2228.0,2.0,242.0,108.0,58.0,6835.0,384.0,0.0,0.0,1.0,0.0,0.0,0.0,1.0,0.0,1.0,0.0,1.0,1.0,0.0,1.0
60.0,46.0,20544.0,7.0,1986.0,1991.0,0.0,791.0,791.0,1236.0,857.0,2093.0,2.0,7.0,1.0,1986.0,2.0,542.0,63.0,2884.0,2.5,427.0,22.0,17.0,14651.0,1084.0,0.0,0.0,1.0,0.0,0.0,1.0,0.0,0.0,0.0,0.0,1.0,0.0,1.0,0.0
20.0,36.0,15523.0,5.0,1972.0,1972.0,460.0,404.0,864.0,864.0,0.0,864.0,1.0,5.0,1.0,1972.0,1.0,338.0,0.0,1728.0,2.0,0.0,37.0,37.0,4320.0,338.0,0.0,0.0,1.0,0.0,0.0,0.0,1.0,0.0,1.0,0.0,1.0,0.0,0.0,1.0
50.0,50.0,9638.0,6.0,1919.0,1990.0,0.0,804.0,804.0,1699.0,748.0,2447.0,2.0,10.0,1.0,1969.0,1.0,336.0,0.0,3251.0,2.0,430.0,91.0,20.0,14682.0,336.0,0.0,0.0,1.0,1.0,0.0,0.0,1.0,0.0,1.0,1.0,0.0,1.0,0.0,1.0
85.0,80.0,8800.0,6.0,1963.0,1963.0,763.0,173.0,936.0,1054.0,0.0,1054.0,1.0,6.0,0.0,1963.0,2.0,480.0,0.0,1990.0,2.0,120.0,47.0,47.0,6324.0,960.0,0.0,0.0,1.0,1.0,0.0,0.0,1.0,1.0,1.0,1.0,0.0,0.0,0.0,0.0
20.0,70.0,8402.0,5.0,2007.0,2007.0,206.0,914.0,1120.0,1120.0,0.0,1120.0,1.0,6.0,0.0,1978.6621376811595,0.0,0.0,30.0,2240.0,1.0,30.0,0.0,0.0,5600.0,0.0,1.0,0.0,1.0,1.0,0.0,1.0,0.0,0.0,1.0,0.0,1.0,0.0,0.0,1.0
20.0,73.0,8688.0,7.0,2005.0,2005.0,0.0,1616.0,1616.0,1616.0,0.0,1616.0,2.0,7.0,0.0,2005.0,3.0,834.0,59.0,3232.0,2.0,267.0,1.0,1.0,11312.0,2502.0,1.0,1.0,0.0,1.0,0.0,1.0,0.0,0.0,1.0,1.0,0.0,0.0,0.0,0.0
20.0,79.0,10289.0,5.0,1965.0,1965.0,836.0,237.0,1073.0,1073.0,0.0,1073.0,1.0,6.0,0.0,1965.0,2.0,515.0,0.0,2146.0,2.5,0.0,42.0,42.0,5365.0,1030.0,0.0,0.0,1.0,0.0,0.0,0.0,1.0,0.0,0.0,0.0,1.0,0.0,0.0,0.0
20.0,77.0,10010.0,5.0,1974.0,1975.0,1071.0,195.0,1389.0,1389.0,0.0,1389.0,1.0,6.0,1.0,1975.0,2.0,418.0,38.0,2778.0,2.0,278.0,32.0,31.0,6945.0,836.0,0.0,0.0,1.0,0.0,0.0,1.0,0.0,0.0,0.0,0.0,1.0,0.0,0.0,0.0
30.0,70.34384858044164,12342.0,4.0,1940.0,1950.0,262.0,599.0,861.0,861.0,0.0,861.0,1.0,4.0,0.0,1961.0,2.0,539.0,0.0,1722.0,1.0,158.0,69.0,59.0,3444.0,1078.0,1.0,0.0,1.0,0.0,0.0,0.0,1.0,0.0,1.0,0.0,1.0,1.0,0.0,1.0
70.0,60.0,7200.0,7.0,1936.0,2007.0,350.0,0.0,560.0,575.0,560.0,1135.0,1.0,6.0,0.0,1971.0,2.0,576.0,0.0,1695.0,2.0,256.0,73.0,2.0,7945.0,1152.0,0.0,1.0,0.0,1.0,0.0,1.0,0.0,0.0,1.0,1.0,0.0,1.0,0.0,0.0
60.0,77.0,9965.0,8.0,2006.0,2007.0,1150.0,316.0,1466.0,1466.0,1362.0,2828.0,3.0,11.0,1.0,2006.0,3.0,1052.0,144.0,4294.0,4.0,269.0,1.0,0.0,22624.0,3156.0,1.0,1.0,0.0,1.0,1.0,0.0,0.0,1.0,1.0,1.0,0.0,0.0,0.0,0.0
120.0,39.0,5389.0,8.0,1995.0,1996.0,1180.0,415.0,1595.0,1616.0,0.0,1616.0,2.0,5.0,1.0,1995.0,2.0,608.0,152.0,3211.0,3.0,389.0,15.0,14.0,12928.0,1216.0,0.0,1.0,0.0,1.0,0.0,1.0,0.0,1.0,1.0,1.0,0.0,0.0,0.0,0.0
20.0,90.0,10768.0,5.0,1976.0,2004.0,1157.0,280.0,1437.0,1437.0,0.0,1437.0,2.0,6.0,1.0,1976.0,2.0,528.0,21.0,2874.0,3.0,201.0,31.0,3.0,7185.0,1056.0,0.0,1.0,0.0,0.0,0.0,1.0,0.0,0.0,0.0,1.0,0.0,0.0,0.0,0.0
20.0,75.0,9750.0,7.0,2000.0,2001.0,0.0,1630.0,1630.0,1630.0,0.0,1630.0,2.0,6.0,1.0,2000.0,2.0,451.0,234.0,3260.0,2.0,308.0,9.0,8.0,11410.0,902.0,1.0,1.0,0.0,1.0,0.0,1.0,0.0,0.0,1.0,1.0,0.0,0.0,0.0,1.0
20.0,85.0,14331.0,8.0,2002.0,2002.0,1274.0,526.0,1800.0,1800.0,0.0,1800.0,2.0,7.0,1.0,2002.0,3.0,765.0,78.0,3600.0,3.0,348.0,4.0,4.0,14400.0,2295.0,1.0,1.0,0.0,1.0,1.0,0.0,0.0,1.0,1.0,1.0,0.0,0.0,1.0,0.0
80.0,80.0,9600.0,6.0,1976.0,1994.0,0.0,528.0,528.0,1094.0,761.0,1855.0,2.0,7.0,1.0,1976.0,2.0,512.0,100.0,2383.0,2.5,213.0,31.0,13.0,11130.0,1024.0,0.0,1.0,0.0,0.0,0.0,0.0,1.0,0.0,1.0,0.0,1.0,0.0,0.0,0.0
60.0,70.34384858044164,24682.0,6.0,1999.0,1999.0,0.0,841.0,841.0,892.0,783.0,1675.0,2.0,7.0,1.0,1999.0,2.0,502.0,103.0,2516.0,2.5,103.0,10.0,10.0,10050.0,1004.0,1.0,0.0,1.0,1.0,0.0,1.0,0.0,0.0,1.0,0.0,1.0,0.0,1.0,0.0
60.0,76.0,10142.0,7.0,2004.0,2004.0,656.0,300.0,956.0,956.0,1128.0,2084.0,2.0,8.0,0.0,2004.0,2.0,618.0,45.0,3040.0,3.5,45.0,6.0,6.0,14588.0,1236.0,1.0,1.0,0.0,1.0,0.0,1.0,0.0,1.0,1.0,1.0,0.0,0.0,0.0,0.0
50.0,60.0,9084.0,5.0,1941.0,1950.0,236.0,0.0,616.0,616.0,495.0,1111.0,1.0,5.0,0.0,1941.0,1.0,200.0,0.0,1727.0,1.5,48.0,67.0,58.0,5555.0,200.0,1.0,0.0,1.0,0.0,0.0,0.0,1.0,0.0,0.0,0.0,1.0,1.0,0.0,1.0
30.0,56.0,4130.0,3.0,1935.0,2003.0,0.0,270.0,270.0,729.0,0.0,729.0,1.0,5.0,0.0,1978.6621376811595,0.0,0.0,0.0,999.0,1.0,0.0,73.0,5.0,2187.0,0.0,1.0,1.0,0.0,0.0,0.0,0.0,1.0,0.0,0.0,0.0,1.0,0.0,0.0,1.0
20.0,48.0,17043.0,6.0,1979.0,1998.0,0.0,1362.0,1362.0,1586.0,0.0,1586.0,2.0,7.0,1.0,1979.0,2.0,435.0,0.0,2948.0,2.0,192.0,30.0,11.0,9516.0,870.0,0.0,0.0,1.0,0.0,0.0,1.0,0.0,0.0,0.0,0.0,1.0,0.0,0.0,1.0
20.0,63.0,17423.0,9.0,2008.0,2009.0,1904.0,312.0,2216.0,2234.0,0.0,2234.0,2.0,9.0,1.0,2009.0,3.0,1166.0,60.0,4450.0,3.0,60.0,1.0,0.0,20106.0,3498.0,1.0,0.0,0.0,1.0,1.0,0.0,0.0,1.0,1.0,0.0,0.0,0.0,1.0,0.0
20.0,70.34384858044164,8125.0,4.0,1971.0,1971.0,614.0,244.0,858.0,858.0,0.0,858.0,1.0,5.0,0.0,1978.6621376811595,0.0,0.0,0.0,1716.0,1.0,0.0,35.0,35.0,3432.0,0.0,0.0,0.0,1.0,0.0,0.0,0.0,1.0,0.0,0.0,0.0,1.0,0.0,0.0,1.0
20.0,70.34384858044164,8780.0,5.0,1985.0,1985.0,625.0,208.0,833.0,833.0,0.0,833.0,1.0,5.0,0.0,1978.6621376811595,0.0,0.0,0.0,1666.0,2.0,0.0,24.0,24.0,4165.0,0.0,0.0,0.0,1.0,0.0,0.0,0.0,1.0,0.0,1.0,0.0,1.0,0.0,0.0,1.0
20.0,70.0,7763.0,5.0,1962.0,1980.0,504.0,319.0,931.0,1283.0,0.0,1283.0,1.0,6.0,0.0,1980.0,2.0,506.0,0.0,2214.0,2.0,0.0,46.0,28.0,6415.0,1012.0,0.0,0.0,1.0,0.0,0.0,0.0,1.0,0.0,0.0,0.0,1.0,1.0,0.0,1.0
20.0,80.0,9600.0,6.0,1953.0,1953.0,1285.0,131.0,1416.0,1644.0,0.0,1644.0,1.0,7.0,2.0,1953.0,2.0,418.0,0.0,3060.0,2.0,110.0,56.0,56.0,9864.0,836.0,0.0,0.0,1.0,0.0,0.0,0.0,1.0,1.0,0.0,0.0,1.0,0.0,1.0,0.0
20.0,80.0,11600.0,6.0,1960.0,1960.0,565.0,818.0,1383.0,1383.0,0.0,1383.0,1.0,7.0,0.0,1960.0,1.0,292.0,45.0,2766.0,1.5,45.0,46.0,46.0,8298.0,292.0,0.0,0.0,1.0,0.0,0.0,0.0,1.0,0.0,0.0,0.0,1.0,0.0,0.0,0.0
20.0,85.0,13175.0,6.0,1978.0,1988.0,790.0,589.0,1542.0,2073.0,0.0,2073.0,2.0,7.0,2.0,1978.0,2.0,500.0,0.0,3615.0,3.0,349.0,32.0,22.0,12438.0,1000.0,0.0,0.0,1.0,0.0,0.0,1.0,0.0,0.0,0.0,0.0,1.0,0.0,0.0,1.0
70.0,60.0,10440.0,5.0,1904.0,2002.0,0.0,650.0,650.0,958.0,581.0,1539.0,2.0,8.0,1.0,1983.0,2.0,686.0,78.0,2189.0,2.0,216.0,104.0,6.0,7695.0,1372.0,0.0,0.0,1.0,1.0,0.0,0.0,1.0,0.0,0.0,1.0,0.0,1.0,0.0,1.0
20.0,84.0,10084.0,7.0,2005.0,2006.0,24.0,1528.0,1552.0,1552.0,0.0,1552.0,2.0,7.0,0.0,2005.0,3.0,782.0,20.0,3104.0,2.0,164.0,1.0,0.0,10864.0,2346.0,1.0,1.0,0.0,1.0,0.0,1.0,0.0,1.0,1.0,1.0,0.0,0.0,0.0,0.0
20.0,70.0,9100.0,5.0,1965.0,1965.0,338.0,121.0,925.0,925.0,0.0,925.0,1.0,5.0,0.0,1965.0,1.0,429.0,0.0,1850.0,1.5,0.0,44.0,44.0,4625.0,429.0,1.0,0.0,1.0,0.0,0.0,0.0,1.0,0.0,1.0,0.0,1.0,1.0,0.0,1.0
20.0,65.0,8773.0,7.0,2004.0,2004.0,24.0,1390.0,1414.0,1414.0,0.0,1414.0,2.0,6.0,0.0,2004.0,2.0,494.0,105.0,2828.0,2.0,237.0,6.0,6.0,9898.0,988.0,1.0,1.0,0.0,1.0,0.0,1.0,0.0,1.0,1.0,1.0,0.0,0.0,0.0,0.0
50.0,105.0,8470.0,3.0,1915.0,1982.0,0.0,1013.0,1013.0,1013.0,0.0,1526.0,1.0,6.0,0.0,1978.6621376811595,0.0,0.0,0.0,2026.0,1.0,156.0,94.0,27.0,4578.0,0.0,0.0,0.0,0.0,0.0,0.0,0.0,1.0,0.0,0.0,0.0,0.0,0.0,0.0,1.0
90.0,70.0,8393.0,5.0,1959.0,2005.0,528.0,1098.0,1626.0,1712.0,0.0,1712.0,2.0,8.0,0.0,2005.0,2.0,588.0,54.0,3338.0,2.0,326.0,47.0,1.0,8560.0,1176.0,0.0,0.0,1.0,0.0,0.0,0.0,1.0,0.0,1.0,0.0,1.0,0.0,1.0,0.0
20.0,87.0,11146.0,8.0,2006.0,2006.0,0.0,1709.0,1709.0,1717.0,0.0,1717.0,2.0,7.0,1.0,2006.0,3.0,908.0,39.0,3426.0,2.0,208.0,3.0,3.0,13736.0,2724.0,1.0,1.0,0.0,1.0,1.0,0.0,0.0,0.0,1.0,1.0,0.0,0.0,0.0,0.0
70.0,50.0,9000.0,5.0,1880.0,1991.0,0.0,636.0,636.0,1089.0,661.0,1750.0,1.0,8.0,0.0,1937.0,1.0,240.0,0.0,2386.0,1.0,293.0,126.0,15.0,8750.0,240.0,1.0,0.0,1.0,0.0,0.0,0.0,0.0,0.0,0.0,0.0,0.0,1.0,0.0,1.0
50.0,50.0,6000.0,6.0,1937.0,2000.0,0.0,698.0,698.0,786.0,390.0,1176.0,1.0,4.0,0.0,1999.0,2.0,624.0,0.0,1874.0,1.0,210.0,72.0,9.0,7056.0,1248.0,0.0,1.0,0.0,0.0,0.0,0.0,1.0,0.0,0.0,0.0,1.0,1.0,0.0,1.0
60.0,106.0,11194.0,8.0,2000.0,2000.0,0.0,1406.0,1406.0,1454.0,482.0,1936.0,2.0,7.0,1.0,2000.0,2.0,504.0,124.0,3342.0,2.5,312.0,6.0,6.0,15488.0,1008.0,1.0,1.0,0.0,1.0,0.0,1.0,0.0,0.0,1.0,1.0,0.0,0.0,0.0,0.0
20.0,70.34384858044164,7340.0,4.0,1971.0,1971.0,322.0,536.0,858.0,858.0,0.0,858.0,1.0,4.0,0.0,1979.0,1.0,684.0,0.0,1716.0,1.0,0.0,36.0,36.0,3432.0,684.0,0.0,0.0,1.0,0.0,0.0,0.0,1.0,0.0,0.0,0.0,1.0,1.0,0.0,1.0
60.0,120.0,15611.0,8.0,2006.0,2006.0,0.0,1079.0,1079.0,1079.0,840.0,1919.0,2.0,8.0,1.0,2006.0,2.0,685.0,51.0,2998.0,2.5,51.0,0.0,0.0,15352.0,1370.0,1.0,1.0,0.0,1.0,0.0,1.0,0.0,0.0,1.0,1.0,0.0,0.0,0.0,0.0
70.0,60.0,7200.0,7.0,1920.0,1950.0,0.0,596.0,596.0,998.0,764.0,1762.0,1.0,8.0,0.0,1989.0,2.0,576.0,0.0,2358.0,2.5,257.0,86.0,56.0,12334.0,1152.0,0.0,0.0,1.0,0.0,0.0,0.0,0.0,0.0,1.0,1.0,0.0,1.0,0.0,1.0
90.0,74.0,13101.0,5.0,1965.0,1965.0,231.0,1497.0,1728.0,1728.0,0.0,1728.0,2.0,10.0,0.0,1987.0,2.0,576.0,0.0,3456.0,2.0,0.0,43.0,43.0,8640.0,1152.0,0.0,0.0,1.0,0.0,0.0,0.0,1.0,0.0,0.0,0.0,1.0,1.0,0.0,1.0
160.0,36.0,2448.0,7.0,2003.0,2004.0,573.0,191.0,764.0,764.0,862.0,1626.0,2.0,6.0,0.0,2003.0,2.0,474.0,27.0,2390.0,3.5,27.0,5.0,4.0,11382.0,948.0,0.0,1.0,0.0,1.0,0.0,1.0,0.0,1.0,1.0,1.0,0.0,0.0,0.0,0.0
60.0,58.0,17104.0,7.0,2006.0,2006.0,554.0,100.0,654.0,664.0,832.0,1496.0,2.0,7.0,1.0,2006.0,2.0,426.0,24.0,2150.0,3.5,124.0,0.0,0.0,10472.0,852.0,1.0,1.0,0.0,1.0,0.0,1.0,0.0,1.0,1.0,1.0,0.0,0.0,0.0,0.0
30.0,52.0,6292.0,6.0,1930.0,1950.0,384.0,384.0,768.0,790.0,0.0,790.0,1.0,4.0,0.0,1925.0,1.0,160.0,141.0,1558.0,1.0,141.0,78.0,58.0,4740.0,160.0,0.0,0.0,1.0,0.0,0.0,1.0,0.0,0.0,0.0,0.0,1.0,1.0,0.0,1.0
60.0,70.34384858044164,12384.0,7.0,1976.0,1976.0,0.0,793.0,793.0,1142.0,793.0,1935.0,2.0,7.0,1.0,1976.0,2.0,550.0,113.0,2728.0,2.5,365.0,31.0,31.0,13545.0,1100.0,0.0,0.0,1.0,0.0,0.0,1.0,0.0,0.0,0.0,0.0,1.0,0.0,0.0,0.0
60.0,80.0,10480.0,7.0,1976.0,1976.0,403.0,400.0,803.0,1098.0,866.0,1964.0,2.0,8.0,1.0,1976.0,2.0,483.0,69.0,2767.0,2.5,69.0,32.0,32.0,13748.0,966.0,0.0,0.0,1.0,0.0,0.0,0.0,1.0,0.0,0.0,0.0,1.0,0.0,0.0,0.0
70.0,70.34384858044164,5100.0,8.0,1925.0,1996.0,0.0,588.0,588.0,833.0,833.0,1666.0,1.0,7.0,1.0,1925.0,1.0,228.0,63.0,2254.0,1.0,255.0,83.0,12.0,13328.0,228.0,0.0,0.0,1.0,1.0,0.0,0.0,1.0,0.0,0.0,1.0,0.0,1.0,0.0,1.0
80.0,65.0,8385.0,5.0,1977.0,1977.0,595.0,390.0,985.0,985.0,0.0,985.0,2.0,6.0,0.0,1977.0,1.0,328.0,0.0,1970.0,2.0,210.0,31.0,31.0,4925.0,328.0,0.0,1.0,0.0,0.0,0.0,1.0,0.0,1.0,0.0,0.0,1.0,0.0,0.0,1.0
120.0,59.0,8198.0,7.0,2004.0,2004.0,720.0,638.0,1358.0,1358.0,0.0,1358.0,2.0,6.0,1.0,2004.0,2.0,484.0,30.0,2716.0,3.0,222.0,4.0,4.0,9506.0,968.0,1.0,1.0,0.0,1.0,0.0,1.0,0.0,1.0,1.0,1.0,0.0,0.0,0.0,0.0
120.0,70.34384858044164,4426.0,6.0,2004.0,2004.0,662.0,186.0,848.0,848.0,0.0,848.0,1.0,3.0,0.0,2004.0,2.0,420.0,0.0,1696.0,2.0,160.0,6.0,6.0,5088.0,840.0,1.0,1.0,0.0,1.0,0.0,1.0,0.0,1.0,1.0,1.0,0.0,0.0,0.0,0.0
60.0,86.0,11065.0,8.0,2006.0,2006.0,0.0,1085.0,1085.0,1120.0,850.0,1970.0,2.0,8.0,1.0,2006.0,3.0,753.0,74.0,3055.0,2.5,251.0,0.0,0.0,15760.0,2259.0,1.0,1.0,0.0,1.0,0.0,1.0,0.0,0.0,1.0,0.0,0.0,0.0,1.0,0.0
20.0,80.0,11844.0,8.0,2008.0,2008.0,0.0,2046.0,2046.0,2046.0,0.0,2046.0,2.0,7.0,1.0,2008.0,3.0,834.0,82.0,4092.0,2.5,404.0,1.0,1.0,16368.0,2502.0,1.0,1.0,0.0,1.0,1.0,0.0,0.0,0.0,1.0,1.0,0.0,0.0,1.0,0.0
60.0,70.34384858044164,10316.0,7.0,2000.0,2000.0,735.0,257.0,992.0,992.0,873.0,1865.0,2.0,7.0,1.0,2000.0,3.0,839.0,184.0,2857.0,3.5,184.0,8.0,8.0,13055.0,2517.0,1.0,1.0,0.0,1.0,0.0,1.0,0.0,1.0,1.0,1.0,0.0,0.0,0.0,0.0
75.0,70.34384858044164,11888.0,6.0,1916.0,1994.0,0.0,844.0,844.0,1445.0,689.0,2134.0,2.0,10.0,0.0,1930.0,2.0,441.0,60.0,2978.0,2.0,328.0,93.0,15.0,12804.0,882.0,0.0,0.0,1.0,0.0,0.0,0.0,1.0,0.0,0.0,1.0,0.0,1.0,0.0,1.0
60.0,90.0,9900.0,7.0,1993.0,1993.0,987.0,360.0,1347.0,1372.0,1274.0,2646.0,2.0,9.0,1.0,1993.0,3.0,656.0,60.0,3993.0,3.5,544.0,16.0,16.0,18522.0,1968.0,0.0,1.0,0.0,1.0,0.0,1.0,0.0,1.0,1.0,1.0,0.0,0.0,0.0,0.0
20.0,90.0,7407.0,6.0,1957.0,1996.0,600.0,312.0,912.0,1236.0,0.0,1236.0,1.0,6.0,0.0,1957.0,2.0,923.0,158.0,2148.0,2.0,316.0,53.0,14.0,7416.0,1846.0,0.0,0.0,1.0,0.0,0.0,0.0,1.0,1.0,0.0,0.0,1.0,0.0,0.0,1.0
20.0,70.34384858044164,8885.0,5.0,1983.0,1983.0,301.0,239.0,864.0,902.0,0.0,902.0,1.0,5.0,0.0,1983.0,2.0,484.0,0.0,1766.0,2.0,164.0,23.0,23.0,4510.0,968.0,0.0,0.0,1.0,0.0,0.0,1.0,0.0,0.0,0.0,0.0,1.0,0.0,0.0,1.0
20.0,70.34384858044164,12968.0,5.0,1962.0,1962.0,737.0,175.0,912.0,912.0,0.0,912.0,1.0,4.0,0.0,1962.0,1.0,352.0,0.0,1824.0,2.0,316.0,46.0,46.0,4560.0,352.0,0.0,0.0,1.0,0.0,0.0,0.0,1.0,0.0,0.0,0.0,1.0,1.0,0.0,1.0
20.0,141.0,31770.0,6.0,1960.0,1960.0,639.0,441.0,1080.0,1656.0,0.0,1656.0,1.0,7.0,2.0,1960.0,2.0,528.0,62.0,2736.0,2.0,272.0,50.0,50.0,9936.0,1056.0,0.0,0.0,1.0,0.0,0.0,0.0,1.0,0.0,0.0,0.0,1.0,0.0,1.0,0.0
80.0,120.0,19296.0,6.0,1962.0,1962.0,672.0,0.0,1362.0,1382.0,0.0,1382.0,1.0,6.0,1.0,1991.0,2.0,884.0,0.0,2744.0,2.0,252.0,47.0,47.0,8292.0,1768.0,0.0,0.0,1.0,0.0,0.0,0.0,1.0,0.0,0.0,0.0,1.0,0.0,0.0,1.0
90.0,60.0,8400.0,5.0,1977.0,1977.0,0.0,0.0,0.0,2020.0,0.0,2020.0,2.0,10.0,2.0,1977.0,2.0,630.0,0.0,2020.0,2.0,0.0,30.0,30.0,10100.0,1260.0,0.0,0.0,1.0,0.0,0.0,0.0,1.0,0.0,0.0,0.0,1.0,1.0,0.0,1.0
80.0,80.0,8816.0,6.0,1971.0,1971.0,504.0,506.0,1010.0,1052.0,0.0,1052.0,1.0,6.0,0.0,1971.0,2.0,440.0,0.0,2062.0,2.0,0.0,39.0,39.0,6312.0,880.0,0.0,0.0,1.0,0.0,0.0,0.0,1.0,1.0,0.0,0.0,1.0,0.0,0.0,1.0
60.0,65.0,12257.0,8.0,1995.0,1995.0,56.0,1198.0,1318.0,1328.0,1203.0,2531.0,2.0,9.0,1.0,1995.0,3.0,752.0,98.0,3849.0,2.5,320.0,12.0,12.0,20248.0,2256.0,1.0,1.0,0.0,1.0,0.0,1.0,0.0,0.0,1.0,1.0,0.0,0.0,0.0,0.0
60.0,73.0,9066.0,8.0,1999.0,2000.0,668.0,336.0,1004.0,1004.0,848.0,1852.0,2.0,7.0,2.0,1999.0,3.0,660.0,106.0,2856.0,2.5,330.0,9.0,8.0,14816.0,1980.0,1.0,1.0,0.0,1.0,0.0,1.0,0.0,1.0,1.0,1.0,0.0,0.0,1.0,0.0
20.0,85.0,10182.0,8.0,2006.0,2006.0,1220.0,440.0,1660.0,1660.0,0.0,1660.0,2.0,8.0,1.0,2006.0,2.0,500.0,50.0,3320.0,3.0,372.0,0.0,0.0,13280.0,1000.0,1.0,1.0,0.0,1.0,1.0,0.0,0.0,1.0,1.0,1.0,0.0,0.0,0.0,0.0
120.0,50.0,5119.0,9.0,1999.0,2000.0,1238.0,460.0,1698.0,1709.0,0.0,1709.0,2.0,5.0,1.0,1999.0,2.0,506.0,65.0,3407.0,3.0,162.0,9.0,8.0,15381.0,1012.0,0.0,1.0,0.0,1.0,1.0,0.0,0.0,1.0,1.0,1.0,0.0,0.0,1.0,0.0
20.0,65.0,6768.0,6.0,1961.0,1996.0,832.0,80.0,912.0,912.0,0.0,912.0,1.0,5.0,0.0,1962.0,1.0,288.0,0.0,1824.0,2.5,168.0,47.0,12.0,5472.0,288.0,0.0,0.0,1.0,0.0,0.0,0.0,1.0,1.0,0.0,1.0,0.0,1.0,0.0,1.0
60.0,65.0,15426.0,6.0,1997.0,1997.0,821.0,107.0,928.0,928.0,836.0,1764.0,2.0,7.0,0.0,1997.0,2.0,470.0,99.0,2692.0,3.5,375.0,12.0,12.0,10584.0,940.0,1.0,0.0,1.0,1.0,0.0,1.0,0.0,1.0,1.0,1.0,0.0,0.0,0.0,0.0
60.0,70.34384858044164,12936.0,6.0,1972.0,1972.0,593.0,130.0,723.0,735.0,660.0,1395.0,1.0,6.0,1.0,1972.0,2.0,497.0,116.0,2118.0,2.0,410.0,37.0,37.0,8370.0,994.0,0.0,0.0,1.0,0.0,0.0,0.0,1.0,0.0,0.0,0.0,1.0,0.0,0.0,1.0
20.0,75.0,7500.0,5.0,1963.0,1963.0,824.0,216.0,1040.0,1040.0,0.0,1040.0,1.0,5.0,0.0,1963.0,1.0,308.0,0.0,2080.0,2.5,220.0,47.0,47.0,5200.0,308.0,0.0,0.0,1.0,0.0,0.0,0.0,1.0,0.0,0.0,0.0,1.0,0.0,1.0,0.0
20.0,103.0,13472.0,10.0,2003.0,2003.0,56.0,2336.0,2392.0,2392.0,0.0,2392.0,2.0,8.0,1.0,2003.0,3.0,968.0,105.0,4784.0,2.0,353.0,6.0,6.0,23920.0,2904.0,1.0,0.0,0.0,1.0,1.0,0.0,0.0,1.0,1.0,0.0,0.0,0.0,1.0,0.0
30.0,50.0,6000.0,6.0,1925.0,1980.0,397.0,706.0,1103.0,1103.0,0.0,1103.0,1.0,5.0,1.0,1976.0,2.0,440.0,120.0,2206.0,1.0,286.0,81.0,26.0,6618.0,880.0,0.0,0.0,1.0,0.0,0.0,0.0,1.0,0.0,0.0,1.0,0.0,1.0,0.0,1.0
60.0,85.0,10800.0,8.0,2007.0,2008.0,789.0,245.0,1034.0,1050.0,1028.0,2078.0,2.0,8.0,1.0,2008.0,3.0,836.0,102.0,3112.0,3.5,102.0,1.0,0.0,16624.0,2508.0,1.0,1.0,0.0,1.0,1.0,0.0,0.0,1.0,1.0,0.0,0.0,0.0,1.0,0.0
45.0,50.0,5000.0,5.0,1941.0,1950.0,116.0,604.0,720.0,803.0,0.0,803.0,1.0,5.0,0.0,1941.0,2.0,360.0,0.0,1523.0,1.0,244.0,66.0,57.0,4015.0,720.0,0.0,0.0,1.0,0.0,0.0,0.0,1.0,0.0,0.0,0.0,1.0,1.0,0.0,1.0
20.0,80.0,14000.0,6.0,1950.0,2004.0,0.0,1092.0,1092.0,1152.0,0.0,1152.0,1.0,6.0,1.0,1950.0,1.0,300.0,36.0,2244.0,1.5,36.0,59.0,5.0,6912.0,300.0,0.0,0.0,1.0,0.0,0.0,0.0,1.0,0.0,1.0,1.0,0.0,0.0,0.0,1.0
85.0,85.0,10625.0,7.0,1974.0,1974.0,885.0,0.0,1053.0,1173.0,0.0,1173.0,2.0,6.0,2.0,1974.0,2.0,528.0,120.0,2226.0,3.0,120.0,36.0,36.0,8211.0,1056.0,0.0,0.0,1.0,0.0,0.0,1.0,0.0,1.0,0.0,1.0,0.0,0.0,0.0,0.0
190.0,70.0,5600.0,4.0,1930.0,1950.0,0.0,0.0,0.0,372.0,720.0,1092.0,2.0,7.0,0.0,1978.6621376811595,0.0,0.0,0.0,1092.0,2.0,0.0,80.0,60.0,4368.0,0.0,0.0,0.0,0.0,0.0,0.0,0.0,1.0,0.0,0.0,0.0,0.0,0.0,0.0,1.0
70.0,96.0,13132.0,5.0,1914.0,1950.0,0.0,747.0,747.0,892.0,892.0,1784.0,1.0,9.0,0.0,1914.0,1.0,180.0,40.0,2531.0,1.5,243.0,92.0,56.0,8920.0,180.0,0.0,0.0,1.0,0.0,0.0,1.0,0.0,0.0,0.0,0.0,1.0,1.0,0.0,1.0
80.0,102.0,10192.0,7.0,1968.0,1992.0,0.0,570.0,570.0,1222.0,698.0,1920.0,3.0,8.0,1.0,1968.0,2.0,487.0,98.0,2490.0,3.0,98.0,38.0,14.0,13440.0,974.0,0.0,0.0,1.0,0.0,0.0,0.0,1.0,0.0,0.0,1.0,0.0,0.0,0.0,0.0
20.0,50.0,14859.0,7.0,2006.0,2006.0,0.0,1670.0,1670.0,1670.0,0.0,1670.0,2.0,7.0,1.0,2006.0,3.0,690.0,60.0,3340.0,2.0,204.0,0.0,0.0,11690.0,2070.0,1.0,1.0,0.0,1.0,0.0,1.0,0.0,0.0,1.0,1.0,0.0,0.0,0.0,0.0
160.0,24.0,2544.0,7.0,2005.0,2005.0,0.0,600.0,600.0,520.0,623.0,1223.0,2.0,4.0,0.0,2005.0,2.0,480.0,166.0,1743.0,2.5,166.0,1.0,1.0,8561.0,960.0,0.0,1.0,0.0,1.0,0.0,1.0,0.0,0.0,1.0,1.0,0.0,1.0,0.0,0.0
20.0,100.0,15602.0,7.0,1959.0,1997.0,1247.0,254.0,1501.0,1801.0,0.0,1801.0,2.0,6.0,2.0,1959.0,2.0,484.0,54.0,3302.0,3.0,215.0,51.0,13.0,12607.0,968.0,0.0,0.0,1.0,0.0,0.0,0.0,1.0,0.0,0.0,0.0,1.0,0.0,1.0,0.0
90.0,87.0,9246.0,5.0,1973.0,1973.0,0.0,1656.0,1656.0,1656.0,0.0,1656.0,2.0,8.0,0.0,1973.0,2.0,506.0,211.0,3312.0,2.0,211.0,35.0,35.0,8280.0,1012.0,0.0,0.0,1.0,0.0,0.0,0.0,1.0,0.0,0.0,0.0,1.0,1.0,0.0,1.0
70.0,60.0,9550.0,7.0,1915.0,1970.0,216.0,540.0,756.0,961.0,756.0,1717.0,1.0,7.0,1.0,1998.0,3.0,642.0,35.0,2473.0,2.0,307.0,91.0,36.0,12019.0,1926.0,0.0,0.0,1.0,0.0,0.0,0.0,1.0,0.0,0.0,1.0,0.0,1.0,0.0,1.0
60.0,108.0,14774.0,9.0,1999.0,1999.0,0.0,1393.0,1393.0,1422.0,1177.0,2599.0,2.0,10.0,1.0,1999.0,3.0,779.0,30.0,3992.0,2.5,698.0,11.0,11.0,23391.0,2337.0,1.0,1.0,0.0,1.0,0.0,1.0,0.0,0.0,1.0,1.0,0.0,0.0,1.0,0.0
70.0,79.0,9480.0,5.0,1942.0,1995.0,386.0,342.0,728.0,888.0,756.0,1644.0,1.0,7.0,2.0,1942.0,1.0,312.0,0.0,2372.0,1.5,168.0,65.0,12.0,8220.0,312.0,0.0,0.0,1.0,0.0,0.0,0.0,1.0,0.0,1.0,1.0,0.0,0.0,0.0,1.0
60.0,99.0,12099.0,8.0,2004.0,2004.0,970.0,166.0,1136.0,1136.0,1332.0,2468.0,2.0,10.0,1.0,2004.0,3.0,872.0,154.0,3604.0,3.5,338.0,3.0,3.0,19744.0,2616.0,1.0,1.0,0.0,1.0,1.0,0.0,0.0,1.0,1.0,1.0,0.0,0.0,1.0,0.0
50.0,85.0,14115.0,5.0,1993.0,1995.0,732.0,64.0,796.0,796.0,566.0,1362.0,1.0,5.0,0.0,1993.0,2.0,480.0,30.0,2158.0,2.5,390.0,16.0,14.0,6810.0,960.0,1.0,0.0,1.0,0.0,0.0,1.0,0.0,1.0,1.0,0.0,1.0,0.0,0.0,1.0
20.0,64.0,9037.0,8.0,2006.0,2006.0,428.0,1048.0,1476.0,1484.0,0.0,1484.0,2.0,6.0,1.0,2006.0,2.0,472.0,33.0,2960.0,2.0,153.0,1.0,1.0,11872.0,944.0,1.0,1.0,0.0,1.0,0.0,1.0,0.0,1.0,1.0,0.0,0.0,0.0,0.0,0.0
20.0,71.0,9230.0,5.0,1965.0,1998.0,661.0,203.0,864.0,1200.0,0.0,1200.0,1.0,6.0,0.0,1977.0,2.0,884.0,64.0,2064.0,2.5,64.0,41.0,8.0,6000.0,1768.0,0.0,0.0,1.0,0.0,0.0,0.0,1.0,1.0,0.0,1.0,0.0,1.0,0.0,1.0
20.0,78.0,10140.0,6.0,1974.0,1974.0,0.0,1064.0,1064.0,1350.0,0.0,1350.0,2.0,7.0,1.0,1974.0,2.0,478.0,0.0,2414.0,2.0,0.0,35.0,35.0,8100.0,956.0,0.0,0.0,1.0,0.0,0.0,1.0,0.0,0.0,0.0,0.0,1.0,0.0,0.0,0.0
90.0,65.0,6040.0,4.0,1955.0,1955.0,0.0,0.0,0.0,1152.0,0.0,1152.0,2.0,6.0,0.0,1978.6621376811595,0.0,0.0,0.0,1152.0,2.0,0.0,53.0,53.0,4608.0,0.0,0.0,0.0,1.0,1.0,0.0,0.0,1.0,0.0,0.0,0.0,0.0,0.0,0.0,1.0
20.0,78.0,10140.0,7.0,1998.0,1999.0,144.0,379.0,1650.0,1680.0,0.0,1680.0,2.0,7.0,1.0,1998.0,2.0,583.0,73.0,3330.0,3.0,151.0,11.0,10.0,11760.0,1166.0,1.0,1.0,0.0,1.0,1.0,0.0,0.0,0.0,1.0,1.0,0.0,0.0,1.0,0.0
50.0,63.0,5000.0,5.0,1900.0,1950.0,0.0,540.0,540.0,889.0,551.0,1440.0,1.0,6.0,0.0,1940.0,1.0,352.0,0.0,1980.0,1.0,77.0,106.0,56.0,7200.0,352.0,0.0,0.0,1.0,0.0,0.0,0.0,1.0,0.0,0.0,0.0,1.0,0.0,0.0,1.0
20.0,70.34384858044164,10355.0,5.0,1967.0,1967.0,695.0,519.0,1214.0,1214.0,0.0,1214.0,2.0,5.0,1.0,1967.0,1.0,318.0,111.0,2428.0,2.0,111.0,40.0,40.0,6070.0,318.0,0.0,0.0,1.0,0.0,0.0,0.0,1.0,0.0,0.0,0.0,1.0,0.0,0.0,0.0
60.0,70.34384858044164,13517.0,6.0,1976.0,2005.0,533.0,192.0,725.0,725.0,754.0,1479.0,2.0,6.0,0.0,1976.0,2.0,475.0,44.0,2204.0,2.5,44.0,34.0,5.0,8874.0,950.0,0.0,1.0,0.0,0.0,0.0,0.0,1.0,1.0,1.0,1.0,0.0,0.0,0.0,0.0
60.0,72.0,10463.0,8.0,2005.0,2005.0,0.0,893.0,893.0,901.0,900.0,1801.0,2.0,8.0,1.0,2005.0,3.0,800.0,116.0,2694.0,2.5,116.0,1.0,1.0,14408.0,2400.0,1.0,1.0,0.0,1.0,0.0,1.0,0.0,0.0,1.0,1.0,0.0,0.0,1.0,0.0
70.0,70.34384858044164,7500.0,6.0,1942.0,1950.0,547.0,224.0,771.0,753.0,741.0,1494.0,1.0,7.0,2.0,1942.0,1.0,213.0,0.0,2265.0,1.0,224.0,67.0,59.0,8964.0,213.0,0.0,0.0,1.0,0.0,0.0,0.0,1.0,0.0,0.0,1.0,0.0,0.0,0.0,1.0
60.0,86.0,11839.0,7.0,1990.0,1990.0,1085.0,390.0,1475.0,1532.0,797.0,2329.0,2.0,10.0,1.0,1990.0,2.0,514.0,121.0,3804.0,3.5,313.0,18.0,18.0,16303.0,1028.0,0.0,0.0,1.0,1.0,0.0,1.0,0.0,1.0,1.0,1.0,0.0,0.0,0.0,1.0
20.0,85.0,10000.0,8.0,2006.0,2006.0,0.0,1588.0,1588.0,1588.0,0.0,1588.0,2.0,7.0,1.0,2006.0,3.0,825.0,45.0,3176.0,2.0,189.0,1.0,1.0,12704.0,2475.0,1.0,1.0,0.0,1.0,0.0,1.0,0.0,0.0,1.0,1.0,0.0,0.0,0.0,0.0
20.0,79.0,8910.0,6.0,1959.0,1959.0,655.0,0.0,655.0,1194.0,0.0,1194.0,1.0,6.0,1.0,1954.0,2.0,539.0,0.0,1849.0,1.5,192.0,47.0,47.0,7164.0,1078.0,0.0,0.0,1.0,0.0,0.0,0.0,1.0,0.0,1.0,0.0,1.0,0.0,1.0,0.0
20.0,79.0,9236.0,6.0,1997.0,1997.0,1200.0,279.0,1479.0,1494.0,0.0,1494.0,2.0,6.0,0.0,1997.0,2.0,576.0,27.0,2973.0,3.0,195.0,9.0,9.0,8964.0,1152.0,1.0,0.0,1.0,1.0,0.0,1.0,0.0,1.0,1.0,1.0,0.0,0.0,0.0,0.0
50.0,56.0,14720.0,8.0,1995.0,1996.0,816.0,1217.0,2033.0,2053.0,1185.0,3238.0,2.0,9.0,1.0,1996.0,3.0,666.0,86.0,5271.0,3.5,369.0,15.0,14.0,25904.0,1998.0,1.0,1.0,0.0,1.0,0.0,1.0,0.0,1.0,1.0,1.0,0.0,0.0,1.0,0.0
85.0,57.0,8846.0,5.0,1996.0,1996.0,298.0,572.0,870.0,914.0,0.0,914.0,1.0,5.0,0.0,1998.0,2.0,576.0,0.0,1784.0,1.0,0.0,10.0,10.0,4570.0,1152.0,1.0,1.0,0.0,1.0,0.0,1.0,0.0,1.0,1.0,0.0,1.0,1.0,0.0,1.0
70.0,60.0,9600.0,7.0,1925.0,1990.0,16.0,712.0,728.0,832.0,809.0,1641.0,1.0,6.0,1.0,1925.0,2.0,546.0,0.0,2369.0,2.0,234.0,81.0,16.0,11487.0,1092.0,0.0,0.0,1.0,0.0,0.0,0.0,1.0,0.0,1.0,0.0,0.0,1.0,0.0,1.0
50.0,52.0,6240.0,5.0,1930.0,1992.0,0.0,1078.0,1078.0,1128.0,445.0,1573.0,2.0,8.0,1.0,1930.0,2.0,360.0,0.0,2651.0,2.0,0.0,78.0,16.0,7865.0,720.0,0.0,0.0,1.0,1.0,0.0,0.0,1.0,0.0,0.0,0.0,1.0,1.0,0.0,1.0
80.0,70.34384858044164,14115.0,7.0,1980.0,1980.0,1036.0,336.0,1372.0,1472.0,0.0,1472.0,2.0,6.0,2.0,1980.0,2.0,588.0,48.0,2844.0,3.0,281.0,29.0,29.0,10304.0,1176.0,0.0,0.0,1.0,0.0,0.0,1.0,0.0,1.0,0.0,0.0,1.0,0.0,0.0,1.0
50.0,75.0,12508.0,6.0,1940.0,1985.0,660.0,323.0,983.0,983.0,767.0,1750.0,2.0,7.0,0.0,1989.0,1.0,423.0,0.0,2733.0,3.0,401.0,68.0,23.0,10500.0,423.0,1.0,0.0,1.0,0.0,0.0,1.0,0.0,0.0,1.0,0.0,1.0,0.0,0.0,1.0
60.0,68.0,10769.0,8.0,2007.0,2007.0,20.0,846.0,866.0,866.0,902.0,1768.0,2.0,7.0,0.0,2007.0,2.0,578.0,105.0,2634.0,2.5,249.0,2.0,2.0,14144.0,1156.0,1.0,1.0,0.0,1.0,0.0,1.0,0.0,1.0,1.0,1.0,0.0,0.0,0.0,0.0
20.0,72.0,9000.0,6.0,1956.0,1956.0,616.0,580.0,1196.0,1196.0,0.0,1196.0,1.0,6.0,1.0,1956.0,1.0,297.0,44.0,2392.0,2.0,44.0,52.0,52.0,7176.0,297.0,0.0,0.0,1.0,0.0,0.0,1.0,0.0,0.0,0.0,0.0,1.0,0.0,0.0,0.0
20.0,67.0,8777.0,4.0,1949.0,2003.0,0.0,0.0,0.0,1126.0,0.0,1126.0,2.0,5.0,0.0,2002.0,2.0,520.0,96.0,1126.0,2.0,96.0,60.0,6.0,4504.0,1040.0,1.0,0.0,1.0,0.0,0.0,0.0,1.0,0.0,1.0,1.0,0.0,1.0,1.0,0.0
20.0,70.34384858044164,11500.0,4.0,1957.0,1957.0,0.0,0.0,0.0,845.0,0.0,845.0,1.0,5.0,0.0,1957.0,1.0,290.0,0.0,845.0,1.0,186.0,52.0,52.0,3380.0,290.0,0.0,0.0,1.0,0.0,0.0,0.0,1.0,0.0,1.0,0.0,1.0,1.0,0.0,1.0
60.0,70.34384858044164,11075.0,5.0,1969.0,1969.0,562.0,29.0,784.0,1168.0,800.0,1968.0,2.0,7.0,1.0,1969.0,2.0,530.0,189.0,2752.0,3.0,494.0,39.0,39.0,9840.0,1060.0,0.0,0.0,1.0,0.0,0.0,0.0,1.0,0.0,1.0,0.0,1.0,0.0,0.0,0.0
50.0,60.0,9738.0,5.0,1924.0,1950.0,392.0,392.0,784.0,949.0,272.0,1221.0,1.0,7.0,0.0,1965.0,1.0,392.0,0.0,2005.0,2.0,236.0,82.0,56.0,6105.0,392.0,0.0,0.0,1.0,0.0,0.0,0.0,1.0,0.0,0.0,0.0,1.0,0.0,0.0,1.0
70.0,60.0,3600.0,6.0,1910.0,1993.0,0.0,684.0,684.0,684.0,684.0,1368.0,1.0,7.0,0.0,1930.0,1.0,216.0,158.0,2052.0,1.0,158.0,96.0,13.0,8208.0,216.0,1.0,0.0,1.0,0.0,0.0,0.0,1.0,0.0,1.0,0.0,1.0,1.0,0.0,1.0
160.0,21.0,1869.0,6.0,1970.0,1970.0,321.0,162.0,483.0,483.0,504.0,987.0,1.0,5.0,0.0,1987.0,1.0,280.0,0.0,1470.0,1.5,0.0,38.0,38.0,5922.0,280.0,0.0,0.0,1.0,0.0,0.0,0.0,1.0,0.0,0.0,0.0,1.0,1.0,0.0,1.0
20.0,114.0,10357.0,7.0,1990.0,1991.0,738.0,172.0,910.0,1442.0,0.0,1442.0,2.0,6.0,1.0,1990.0,2.0,719.0,244.0,2352.0,3.0,244.0,17.0,16.0,10094.0,1438.0,0.0,1.0,0.0,1.0,0.0,1.0,0.0,1.0,0.0,1.0,0.0,0.0,1.0,0.0
20.0,67.0,8877.0,4.0,1951.0,1951.0,836.0,0.0,836.0,1220.0,0.0,1220.0,1.0,6.0,0.0,1951.0,2.0,396.0,0.0,2056.0,1.0,0.0,55.0,55.0,4880.0,792.0,0.0,0.0,1.0,0.0,0.0,0.0,0.0,0.0,0.0,0.0,1.0,1.0,0.0,1.0
20.0,63.0,8487.0,7.0,2004.0,2004.0,20.0,1480.0,1500.0,1500.0,0.0,1500.0,2.0,6.0,0.0,2004.0,2.0,570.0,36.0,3000.0,2.0,228.0,5.0,5.0,10500.0,1140.0,1.0,1.0,0.0,1.0,0.0,1.0,0.0,1.0,1.0,1.0,0.0,0.0,0.0,0.0
60.0,70.34384858044164,16545.0,8.0,1998.0,1998.0,781.0,503.0,1284.0,1310.0,1140.0,2450.0,2.0,7.0,1.0,1998.0,3.0,1069.0,126.0,3734.0,3.5,126.0,11.0,11.0,19600.0,3207.0,1.0,1.0,0.0,1.0,0.0,1.0,0.0,1.0,1.0,1.0,0.0,0.0,1.0,0.0
20.0,70.34384858044164,19900.0,7.0,1970.0,1989.0,912.0,1035.0,1947.0,2207.0,0.0,2207.0,2.0,7.0,1.0,1970.0,2.0,576.0,0.0,4154.0,3.0,301.0,40.0,21.0,15449.0,1152.0,0.0,0.0,1.0,0.0,0.0,1.0,0.0,1.0,0.0,0.0,1.0,0.0,0.0,0.0
20.0,64.0,6762.0,7.0,2006.0,2006.0,686.0,501.0,1187.0,1208.0,0.0,1208.0,2.0,6.0,0.0,2006.0,2.0,632.0,61.0,2395.0,3.0,166.0,4.0,4.0,8456.0,1264.0,1.0,1.0,0.0,1.0,0.0,1.0,0.0,1.0,1.0,1.0,0.0,0.0,0.0,0.0
50.0,81.0,12150.0,5.0,1954.0,1954.0,0.0,1050.0,1050.0,1050.0,745.0,1795.0,2.0,7.0,0.0,1954.0,1.0,352.0,0.0,2845.0,2.0,0.0,54.0,54.0,8975.0,352.0,0.0,0.0,1.0,0.0,0.0,0.0,1.0,0.0,1.0,0.0,1.0,0.0,0.0,1.0
90.0,42.0,7711.0,4.0,1977.0,1977.0,1440.0,0.0,1440.0,1440.0,0.0,1440.0,2.0,8.0,0.0,1978.6621376811595,0.0,0.0,0.0,2880.0,4.0,321.0,30.0,30.0,5760.0,0.0,0.0,0.0,1.0,1.0,0.0,1.0,0.0,1.0,0.0,0.0,1.0,0.0,0.0,1.0
20.0,83.0,10420.0,6.0,2009.0,2009.0,36.0,1176.0,1212.0,1212.0,0.0,1212.0,2.0,6.0,0.0,2009.0,2.0,460.0,22.0,2424.0,2.0,122.0,1.0,1.0,7272.0,920.0,1.0,0.0,1.0,1.0,0.0,1.0,0.0,1.0,1.0,1.0,0.0,0.0,0.0,0.0
50.0,70.34384858044164,5700.0,7.0,1926.0,1950.0,0.0,572.0,572.0,572.0,539.0,1111.0,1.0,5.0,1.0,1982.0,1.0,288.0,0.0,1683.0,1.0,176.0,82.0,58.0,7777.0,288.0,0.0,0.0,1.0,1.0,0.0,0.0,1.0,0.0,0.0,0.0,1.0,1.0,0.0,1.0
60.0,70.34384858044164,8963.0,8.0,1976.0,1996.0,575.0,487.0,1142.0,1175.0,1540.0,2715.0,3.0,11.0,2.0,1994.0,2.0,831.0,204.0,3857.0,4.0,204.0,32.0,12.0,21720.0,1662.0,1.0,0.0,0.0,0.0,0.0,0.0,1.0,1.0,1.0,1.0,0.0,0.0,1.0,0.0
60.0,57.0,8924.0,7.0,1998.0,1999.0,0.0,880.0,880.0,880.0,844.0,1724.0,2.0,8.0,0.0,1998.0,2.0,527.0,155.0,2604.0,2.5,275.0,10.0,9.0,12068.0,1054.0,1.0,0.0,1.0,1.0,0.0,1.0,0.0,0.0,1.0,1.0,0.0,0.0,1.0,0.0
20.0,70.34384858044164,9790.0,6.0,1963.0,1963.0,569.0,678.0,1328.0,1328.0,0.0,1328.0,1.0,6.0,2.0,1963.0,2.0,528.0,26.0,2656.0,2.5,26.0,47.0,47.0,7968.0,1056.0,0.0,0.0,1.0,0.0,0.0,0.0,1.0,0.0,0.0,0.0,1.0,0.0,0.0,1.0
20.0,70.0,8400.0,5.0,1968.0,1968.0,1016.0,36.0,1052.0,1052.0,0.0,1052.0,1.0,5.0,0.0,1968.0,1.0,288.0,0.0,2104.0,2.5,356.0,38.0,38.0,5260.0,288.0,0.0,0.0,1.0,0.0,0.0,0.0,1.0,0.0,0.0,0.0,1.0,0.0,0.0,0.0
60.0,121.0,16059.0,8.0,1991.0,1992.0,0.0,1288.0,1288.0,1301.0,1116.0,2417.0,2.0,9.0,1.0,1991.0,2.0,462.0,82.0,3705.0,2.5,209.0,15.0,14.0,19336.0,924.0,0.0,1.0,0.0,0.0,0.0,1.0,0.0,0.0,1.0,1.0,0.0,0.0,0.0,1.0
20.0,60.0,8190.0,4.0,1954.0,1954.0,732.0,216.0,948.0,948.0,0.0,948.0,1.0,5.0,1.0,1956.0,1.0,280.0,36.0,1896.0,2.0,36.0,53.0,53.0,3792.0,280.0,0.0,0.0,1.0,0.0,0.0,0.0,1.0,0.0,1.0,0.0,1.0,1.0,0.0,1.0
70.0,60.0,11414.0,7.0,1910.0,1993.0,0.0,728.0,728.0,1136.0,883.0,2019.0,1.0,8.0,0.0,1997.0,2.0,532.0,135.0,2747.0,1.0,644.0,99.0,16.0,14133.0,1064.0,0.0,0.0,1.0,0.0,0.0,1.0,0.0,0.0,0.0,1.0,0.0,1.0,0.0,1.0
30.0,51.0,5900.0,4.0,1923.0,1958.0,0.0,440.0,440.0,869.0,0.0,869.0,1.0,4.0,0.0,1978.6621376811595,0.0,0.0,0.0,1309.0,1.0,0.0,83.0,48.0,3476.0,0.0,0.0,0.0,1.0,1.0,0.0,1.0,0.0,0.0,0.0,0.0,0.0,0.0,0.0,1.0
120.0,34.0,4590.0,8.0,2006.0,2006.0,24.0,1530.0,1554.0,1554.0,0.0,1554.0,2.0,6.0,1.0,2006.0,2.0,627.0,73.0,3108.0,2.0,229.0,1.0,1.0,12432.0,1254.0,1.0,1.0,0.0,1.0,0.0,1.0,0.0,1.0,1.0,1.0,0.0,0.0,0.0,0.0
60.0,85.0,11075.0,6.0,1969.0,1969.0,500.0,176.0,952.0,1092.0,1020.0,2112.0,2.0,9.0,2.0,1969.0,2.0,576.0,0.0,3064.0,2.5,280.0,39.0,39.0,12672.0,1152.0,0.0,0.0,1.0,0.0,0.0,0.0,0.0,0.0,0.0,0.0,1.0,0.0,0.0,1.0
30.0,70.34384858044164,25339.0,5.0,1918.0,2007.0,0.0,816.0,816.0,1416.0,0.0,1416.0,2.0,7.0,0.0,2007.0,2.0,576.0,0.0,2232.0,2.0,112.0,89.0,0.0,7080.0,1152.0,0.0,0.0,1.0,0.0,0.0,0.0,1.0,0.0,1.0,1.0,0.0,0.0,0.0,1.0
60.0,62.0,7415.0,6.0,2004.0,2004.0,759.0,80.0,839.0,864.0,729.0,1593.0,2.0,8.0,1.0,2004.0,2.0,398.0,75.0,2432.0,3.5,175.0,4.0,4.0,9558.0,796.0,1.0,0.0,1.0,1.0,0.0,0.0,1.0,1.0,1.0,0.0,1.0,0.0,1.0,0.0
20.0,78.0,9360.0,6.0,1972.0,2006.0,982.0,179.0,1161.0,1381.0,0.0,1381.0,1.0,5.0,1.0,1972.0,2.0,676.0,0.0,2542.0,2.5,0.0,38.0,4.0,8286.0,1352.0,0.0,0.0,1.0,0.0,0.0,0.0,1.0,0.0,0.0,1.0,0.0,0.0,0.0,0.0
20.0,80.0,9600.0,6.0,1958.0,1988.0,620.0,0.0,1240.0,1632.0,0.0,1632.0,2.0,6.0,1.0,1958.0,1.0,338.0,0.0,2872.0,3.0,289.0,51.0,21.0,9792.0,338.0,0.0,0.0,1.0,0.0,0.0,0.0,1.0,0.0,0.0,0.0,1.0,0.0,0.0,0.0
30.0,50.0,6305.0,5.0,1938.0,1950.0,0.0,920.0,920.0,954.0,0.0,954.0,1.0,5.0,1.0,1938.0,1.0,240.0,0.0,1874.0,1.0,0.0,69.0,57.0,4770.0,240.0,0.0,0.0,1.0,1.0,0.0,0.0,0.0,0.0,1.0,0.0,0.0,0.0,0.0,1.0
85.0,64.0,7301.0,7.0,2003.0,2003.0,0.0,0.0,0.0,495.0,1427.0,1922.0,3.0,7.0,1.0,2003.0,2.0,672.0,0.0,1922.0,3.0,177.0,6.0,6.0,13454.0,1344.0,0.0,1.0,0.0,0.0,0.0,0.0,1.0,0.0,1.0,1.0,0.0,0.0,0.0,0.0
20.0,71.0,7064.0,5.0,1977.0,1977.0,560.0,420.0,980.0,980.0,0.0,980.0,1.0,6.0,0.0,1986.0,2.0,484.0,0.0,1960.0,1.0,192.0,32.0,32.0,4900.0,968.0,0.0,0.0,1.0,0.0,0.0,0.0,1.0,0.0,0.0,0.0,1.0,1.0,0.0,1.0
60.0,68.0,11250.0,7.0,2001.0,2002.0,486.0,434.0,920.0,920.0,866.0,1786.0,2.0,6.0,1.0,2001.0,2.0,608.0,42.0,2706.0,3.5,42.0,7.0,6.0,12502.0,1216.0,1.0,1.0,0.0,1.0,0.0,1.0,0.0,1.0,1.0,1.0,0.0,0.0,0.0,0.0
20.0,75.0,10084.0,8.0,2004.0,2005.0,1369.0,317.0,1686.0,1694.0,0.0,1694.0,2.0,7.0,1.0,2004.0,2.0,636.0,57.0,3380.0,3.0,312.0,3.0,2.0,13552.0,1272.0,1.0,1.0,0.0,1.0,1.0,0.0,0.0,1.0,1.0,1.0,0.0,0.0,0.0,0.0
20.0,50.0,8000.0,6.0,1948.0,2002.0,680.0,292.0,972.0,972.0,0.0,972.0,1.0,5.0,1.0,1948.0,1.0,240.0,0.0,1944.0,2.0,0.0,61.0,7.0,5832.0,240.0,1.0,0.0,1.0,0.0,0.0,0.0,1.0,0.0,1.0,0.0,1.0,1.0,0.0,1.0
20.0,70.34384858044164,14175.0,5.0,1956.0,1987.0,988.0,200.0,1188.0,1437.0,0.0,1437.0,1.0,6.0,1.0,1999.0,2.0,576.0,0.0,2625.0,2.5,304.0,50.0,19.0,7185.0,1152.0,0.0,0.0,1.0,0.0,0.0,0.0,1.0,0.0,0.0,0.0,1.0,1.0,0.0,1.0
60.0,70.34384858044164,9240.0,8.0,2001.0,2002.0,0.0,1055.0,1055.0,1055.0,1208.0,2263.0,2.0,7.0,1.0,2001.0,2.0,905.0,45.0,3318.0,2.5,234.0,7.0,6.0,18104.0,1810.0,1.0,1.0,0.0,1.0,0.0,1.0,0.0,0.0,1.0,1.0,0.0,0.0,1.0,0.0
60.0,80.0,11584.0,7.0,1979.0,1979.0,315.0,114.0,539.0,1040.0,685.0,1725.0,2.0,6.0,1.0,1979.0,2.0,550.0,88.0,2264.0,2.5,304.0,28.0,28.0,12075.0,1100.0,0.0,0.0,1.0,0.0,0.0,0.0,1.0,1.0,0.0,0.0,1.0,0.0,0.0,0.0
20.0,72.0,10011.0,5.0,1957.0,1996.0,360.0,710.0,1070.0,1236.0,0.0,1236.0,1.0,6.0,1.0,1957.0,1.0,447.0,0.0,2306.0,1.5,0.0,49.0,10.0,6180.0,447.0,0.0,0.0,1.0,0.0,0.0,0.0,1.0,0.0,0.0,1.0,0.0,0.0,0.0,1.0
20.0,70.0,7560.0,5.0,1959.0,1959.0,369.0,671.0,1040.0,1040.0,0.0,1040.0,1.0,6.0,0.0,1959.0,1.0,286.0,0.0,2080.0,1.0,392.0,47.0,47.0,5200.0,286.0,0.0,0.0,1.0,0.0,0.0,0.0,1.0,0.0,0.0,0.0,1.0,0.0,0.0,0.0
20.0,98.0,11478.0,8.0,2007.0,2008.0,1218.0,486.0,1704.0,1704.0,0.0,1704.0,2.0,7.0,1.0,2008.0,3.0,772.0,50.0,3408.0,3.0,50.0,3.0,2.0,13632.0,2316.0,1.0,1.0,0.0,1.0,1.0,0.0,0.0,1.0,1.0,1.0,0.0,0.0,0.0,0.0
20.0,104.0,11361.0,6.0,1976.0,1976.0,644.0,549.0,1193.0,1523.0,0.0,1523.0,2.0,7.0,1.0,1976.0,2.0,478.0,0.0,2716.0,2.5,189.0,32.0,32.0,9138.0,956.0,0.0,0.0,1.0,0.0,0.0,1.0,0.0,0.0,0.0,0.0,1.0,0.0,1.0,0.0
20.0,81.0,11216.0,8.0,2006.0,2006.0,0.0,1489.0,1489.0,1489.0,0.0,1489.0,2.0,7.0,1.0,2006.0,2.0,776.0,140.0,2978.0,2.0,140.0,0.0,0.0,11912.0,1552.0,1.0,1.0,0.0,1.0,0.0,1.0,0.0,0.0,1.0,1.0,0.0,0.0,0.0,0.0
120.0,51.0,3635.0,7.0,2007.0,2007.0,988.0,398.0,1386.0,1569.0,0.0,1569.0,2.0,7.0,1.0,2007.0,3.0,660.0,20.0,2955.0,2.5,163.0,2.0,2.0,10983.0,1980.0,1.0,1.0,0.0,1.0,0.0,1.0,0.0,0.0,1.0,1.0,0.0,0.0,0.0,0.0
20.0,70.0,9100.0,7.0,2001.0,2001.0,0.0,1212.0,1212.0,1212.0,0.0,1212.0,2.0,6.0,0.0,2001.0,2.0,573.0,0.0,2424.0,2.0,356.0,8.0,8.0,8484.0,1146.0,1.0,1.0,0.0,1.0,0.0,1.0,0.0,0.0,1.0,1.0,0.0,0.0,0.0,0.0
20.0,67.0,9808.0,7.0,2002.0,2002.0,788.0,785.0,1573.0,1573.0,0.0,1573.0,2.0,6.0,0.0,2002.0,2.0,544.0,72.0,3146.0,3.0,72.0,7.0,7.0,11011.0,1088.0,1.0,1.0,0.0,1.0,0.0,1.0,0.0,1.0,1.0,1.0,0.0,0.0,0.0,0.0
60.0,80.0,10400.0,6.0,1972.0,1972.0,247.0,485.0,732.0,1012.0,778.0,1790.0,1.0,8.0,1.0,1972.0,2.0,484.0,0.0,2522.0,3.0,295.0,34.0,34.0,10740.0,968.0,1.0,0.0,1.0,0.0,0.0,0.0,1.0,0.0,0.0,0.0,1.0,0.0,0.0,0.0
70.0,144.0,21384.0,5.0,1923.0,2004.0,1309.0,15.0,1324.0,1072.0,504.0,1576.0,1.0,6.0,1.0,1923.0,2.0,528.0,312.0,2900.0,3.5,312.0,86.0,5.0,7880.0,1056.0,0.0,0.0,1.0,0.0,0.0,0.0,1.0,1.0,1.0,1.0,0.0,0.0,0.0,0.0
60.0,64.0,8791.0,6.0,2003.0,2003.0,503.0,361.0,864.0,864.0,864.0,1728.0,2.0,7.0,0.0,2003.0,2.0,673.0,56.0,2592.0,2.5,272.0,5.0,5.0,10368.0,1346.0,1.0,1.0,0.0,1.0,0.0,1.0,0.0,0.0,1.0,1.0,0.0,0.0,0.0,0.0
20.0,110.0,14230.0,8.0,2007.0,2007.0,0.0,1566.0,1566.0,1600.0,0.0,1600.0,2.0,7.0,1.0,2007.0,3.0,890.0,56.0,3166.0,2.0,56.0,2.0,2.0,12800.0,2670.0,1.0,1.0,0.0,1.0,0.0,1.0,0.0,0.0,1.0,1.0,0.0,0.0,0.0,0.0
20.0,86.0,14157.0,9.0,2005.0,2006.0,1249.0,673.0,1922.0,1922.0,0.0,1922.0,2.0,8.0,1.0,2005.0,3.0,676.0,51.0,3844.0,3.0,229.0,2.0,1.0,17298.0,2028.0,1.0,1.0,0.0,1.0,1.0,0.0,0.0,1.0,1.0,1.0,0.0,0.0,1.0,0.0
60.0,83.0,13159.0,7.0,2009.0,2009.0,0.0,846.0,846.0,846.0,846.0,1692.0,2.0,6.0,0.0,2009.0,2.0,650.0,114.0,2538.0,2.5,322.0,0.0,0.0,11844.0,1300.0,1.0,0.0,1.0,1.0,1.0,0.0,0.0,0.0,0.0,1.0,0.0,0.0,0.0,0.0
20.0,84.0,11096.0,8.0,2006.0,2006.0,24.0,1632.0,1656.0,1656.0,0.0,1656.0,2.0,7.0,0.0,2006.0,3.0,826.0,146.0,3312.0,2.0,146.0,1.0,1.0,13248.0,2478.0,1.0,1.0,0.0,1.0,0.0,1.0,0.0,1.0,1.0,1.0,0.0,0.0,0.0,0.0
30.0,60.0,10800.0,4.0,1885.0,1995.0,0.0,641.0,641.0,1047.0,0.0,1047.0,1.0,6.0,0.0,1954.0,1.0,273.0,0.0,1688.0,1.0,0.0,122.0,12.0,4188.0,273.0,1.0,0.0,1.0,0.0,0.0,0.0,0.0,0.0,0.0,0.0,1.0,1.0,0.0,1.0
60.0,56.0,20431.0,9.0,2005.0,2006.0,1410.0,438.0,1848.0,1848.0,880.0,2728.0,2.0,10.0,2.0,2006.0,3.0,706.0,0.0,4576.0,3.5,0.0,1.0,0.0,24552.0,2118.0,0.0,0.0,0.0,1.0,1.0,0.0,0.0,1.0,1.0,0.0,0.0,0.0,1.0,0.0
20.0,100.0,10175.0,6.0,1964.0,1964.0,490.0,935.0,1425.0,1425.0,0.0,1425.0,2.0,7.0,1.0,1964.0,2.0,576.0,0.0,2850.0,2.0,407.0,44.0,44.0,8550.0,1152.0,0.0,0.0,1.0,0.0,0.0,0.0,1.0,0.0,0.0,0.0,1.0,0.0,0.0,0.0
30.0,70.34384858044164,8854.0,6.0,1916.0,1950.0,0.0,952.0,952.0,952.0,0.0,952.0,1.0,4.0,1.0,1916.0,1.0,192.0,98.0,1904.0,1.0,138.0,93.0,59.0,5712.0,192.0,0.0,0.0,1.0,0.0,0.0,0.0,1.0,0.0,0.0,0.0,0.0,1.0,0.0,1.0
20.0,43.0,13568.0,5.0,1995.0,1995.0,716.0,274.0,990.0,990.0,0.0,990.0,1.0,5.0,0.0,1996.0,2.0,576.0,0.0,1980.0,1.5,224.0,11.0,11.0,4950.0,1152.0,1.0,0.0,1.0,1.0,0.0,1.0,0.0,0.0,1.0,0.0,1.0,0.0,0.0,1.0
80.0,70.34384858044164,21453.0,6.0,1969.0,1969.0,938.0,0.0,938.0,988.0,0.0,988.0,1.0,4.0,2.0,1969.0,2.0,540.0,130.0,1926.0,2.0,260.0,37.0,37.0,5928.0,1080.0,0.0,0.0,1.0,0.0,0.0,0.0,1.0,0.0,1.0,0.0,1.0,0.0,0.0,1.0
20.0,70.34384858044164,8900.0,4.0,1966.0,1966.0,1056.0,0.0,1056.0,1056.0,0.0,1056.0,1.0,5.0,0.0,1966.0,1.0,384.0,42.0,2112.0,2.0,42.0,40.0,40.0,4224.0,384.0,0.0,0.0,1.0,0.0,0.0,0.0,1.0,0.0,0.0,0.0,1.0,1.0,0.0,1.0
20.0,42.0,14892.0,9.0,2006.0,2007.0,1320.0,426.0,1746.0,1746.0,0.0,1746.0,2.0,7.0,2.0,2006.0,3.0,758.0,39.0,3492.0,3.0,240.0,3.0,2.0,15714.0,2274.0,1.0,0.0,0.0,1.0,1.0,0.0,0.0,1.0,1.0,0.0,0.0,0.0,1.0,0.0
60.0,74.0,10141.0,7.0,1998.0,1998.0,0.0,832.0,832.0,885.0,833.0,1718.0,2.0,7.0,1.0,1998.0,2.0,427.0,94.0,2550.0,2.5,385.0,11.0,11.0,12026.0,854.0,1.0,0.0,1.0,1.0,0.0,1.0,0.0,0.0,0.0,0.0,1.0,0.0,1.0,0.0
80.0,70.0,12886.0,5.0,1963.0,1999.0,444.0,76.0,520.0,1464.0,0.0,1464.0,2.0,6.0,1.0,1997.0,2.0,480.0,0.0,1984.0,2.5,402.0,46.0,10.0,7320.0,960.0,0.0,0.0,1.0,0.0,0.0,1.0,0.0,0.0,1.0,0.0,1.0,0.0,0.0,0.0
60.0,68.0,8935.0,7.0,2002.0,2002.0,0.0,831.0,831.0,831.0,829.0,1660.0,2.0,7.0,0.0,2002.0,2.0,493.0,68.0,2491.0,2.5,212.0,7.0,7.0,11620.0,986.0,1.0,1.0,0.0,1.0,0.0,1.0,0.0,0.0,1.0,1.0,0.0,0.0,0.0,0.0
120.0,61.0,7658.0,9.0,2005.0,2005.0,456.0,1296.0,1752.0,1752.0,0.0,1752.0,2.0,6.0,1.0,2005.0,2.0,576.0,82.0,3504.0,3.0,278.0,5.0,5.0,15768.0,1152.0,0.0,0.0,0.0,1.0,1.0,0.0,0.0,1.0,1.0,0.0,0.0,0.0,0.0,0.0
90.0,70.34384858044164,18890.0,5.0,1977.0,1977.0,498.0,652.0,1361.0,1361.0,1259.0,2620.0,2.0,12.0,1.0,1977.0,2.0,600.0,24.0,3981.0,3.0,324.0,30.0,30.0,13100.0,1200.0,0.0,0.0,1.0,0.0,0.0,1.0,0.0,1.0,1.0,0.0,1.0,0.0,0.0,0.0
60.0,130.0,40094.0,10.0,2007.0,2008.0,2260.0,878.0,3138.0,3138.0,1538.0,4676.0,3.0,11.0,1.0,2007.0,3.0,884.0,406.0,7814.0,4.5,614.0,0.0,-1.0,46760.0,2652.0,0.0,0.0,0.0,1.0,1.0,0.0,0.0,1.0,1.0,0.0,0.0,0.0,1.0,0.0
45.0,50.0,6130.0,5.0,1924.0,1950.0,784.0,0.0,784.0,784.0,0.0,784.0,1.0,5.0,0.0,1978.6621376811595,0.0,0.0,0.0,1568.0,2.0,116.0,84.0,58.0,3920.0,0.0,0.0,0.0,1.0,0.0,0.0,0.0,1.0,0.0,0.0,1.0,0.0,0.0,0.0,1.0
20.0,85.0,6970.0,4.0,1961.0,1961.0,932.0,108.0,1040.0,1120.0,0.0,1120.0,1.0,5.0,0.0,1961.0,2.0,544.0,0.0,2160.0,2.5,168.0,46.0,46.0,4480.0,1088.0,1.0,0.0,1.0,0.0,0.0,0.0,1.0,0.0,0.0,0.0,0.0,0.0,0.0,0.0
20.0,75.0,11235.0,4.0,1963.0,1979.0,547.0,504.0,1051.0,1382.0,0.0,1382.0,1.0,6.0,1.0,1974.0,2.0,459.0,82.0,2433.0,1.5,82.0,43.0,27.0,5528.0,918.0,0.0,0.0,1.0,0.0,0.0,0.0,1.0,0.0,0.0,0.0,1.0,0.0,0.0,1.0
60.0,70.34384858044164,11616.0,6.0,1978.0,1978.0,438.0,234.0,672.0,672.0,714.0,1386.0,2.0,6.0,1.0,1978.0,2.0,440.0,0.0,2058.0,2.5,335.0,32.0,32.0,8316.0,880.0,0.0,0.0,1.0,0.0,0.0,0.0,1.0,0.0,0.0,0.0,1.0,0.0,1.0,0.0
20.0,50.0,5000.0,1.0,1946.0,1950.0,0.0,0.0,0.0,334.0,0.0,334.0,1.0,2.0,0.0,1978.6621376811595,0.0,0.0,0.0,334.0,1.0,0.0,61.0,57.0,334.0,0.0,1.0,0.0,0.0,0.0,0.0,0.0,1.0,0.0,0.0,0.0,0.0,0.0,0.0,1.0
160.0,30.0,3182.0,7.0,2004.0,2005.0,0.0,600.0,600.0,600.0,600.0,1200.0,2.0,4.0,0.0,2004.0,2.0,480.0,172.0,1800.0,2.5,172.0,6.0,5.0,8400.0,960.0,0.0,1.0,0.0,1.0,0.0,1.0,0.0,0.0,1.0,1.0,0.0,1.0,0.0,0.0
120.0,70.34384858044164,3072.0,7.0,2004.0,2004.0,0.0,1375.0,1375.0,1414.0,0.0,1414.0,2.0,6.0,1.0,2004.0,2.0,398.0,20.0,2789.0,2.0,164.0,2.0,2.0,9898.0,796.0,1.0,1.0,0.0,1.0,0.0,1.0,0.0,0.0,1.0,1.0,0.0,0.0,1.0,0.0
90.0,65.0,8944.0,5.0,1967.0,1967.0,0.0,1584.0,1584.0,1584.0,0.0,1584.0,2.0,8.0,0.0,1967.0,3.0,792.0,152.0,3168.0,2.0,152.0,42.0,42.0,7920.0,2376.0,0.0,0.0,1.0,0.0,0.0,0.0,1.0,0.0,0.0,0.0,1.0,1.0,0.0,1.0
70.0,70.34384858044164,11435.0,8.0,1929.0,1950.0,0.0,792.0,792.0,792.0,725.0,1517.0,1.0,7.0,2.0,1931.0,2.0,400.0,0.0,2309.0,1.0,0.0,77.0,56.0,12136.0,800.0,0.0,0.0,1.0,1.0,0.0,1.0,0.0,0.0,0.0,1.0,0.0,1.0,0.0,1.0
20.0,80.0,11040.0,6.0,1971.0,2004.0,656.0,602.0,1258.0,1258.0,0.0,1258.0,2.0,5.0,0.0,1971.0,2.0,528.0,0.0,2516.0,2.5,271.0,37.0,4.0,7548.0,1056.0,1.0,1.0,0.0,0.0,0.0,0.0,1.0,0.0,1.0,1.0,0.0,0.0,0.0,0.0
20.0,70.34384858044164,6173.0,5.0,1967.0,1967.0,599.0,277.0,876.0,902.0,0.0,902.0,1.0,6.0,0.0,1967.0,1.0,288.0,0.0,1778.0,1.0,0.0,40.0,40.0,4510.0,288.0,0.0,0.0,1.0,0.0,0.0,0.0,1.0,1.0,0.0,0.0,1.0,0.0,0.0,1.0
20.0,63.0,13072.0,6.0,2004.0,2004.0,941.0,217.0,1158.0,1158.0,0.0,1158.0,1.0,5.0,0.0,2006.0,2.0,576.0,50.0,2316.0,2.5,50.0,2.0,2.0,6948.0,1152.0,1.0,0.0,1.0,1.0,0.0,1.0,0.0,0.0,1.0,1.0,0.0,1.0,0.0,1.0
30.0,80.0,13360.0,5.0,1921.0,2006.0,713.0,163.0,876.0,964.0,0.0,964.0,1.0,5.0,0.0,1921.0,2.0,432.0,0.0,1840.0,2.0,44.0,88.0,3.0,4820.0,864.0,0.0,0.0,1.0,0.0,0.0,1.0,0.0,0.0,1.0,0.0,1.0,1.0,0.0,1.0
60.0,70.34384858044164,18450.0,6.0,1965.0,1979.0,187.0,111.0,1021.0,1465.0,915.0,2380.0,2.0,7.0,1.0,1965.0,2.0,596.0,265.0,3401.0,2.5,265.0,42.0,28.0,14280.0,1192.0,0.0,0.0,1.0,0.0,0.0,1.0,0.0,0.0,0.0,0.0,1.0,0.0,0.0,1.0
20.0,64.0,7314.0,7.0,2007.0,2007.0,724.0,508.0,1232.0,1232.0,0.0,1232.0,2.0,6.0,0.0,2007.0,2.0,632.0,0.0,2464.0,3.0,132.0,2.0,2.0,8624.0,1264.0,1.0,1.0,0.0,1.0,0.0,1.0,0.0,1.0,1.0,1.0,0.0,0.0,0.0,0.0
20.0,60.0,7180.0,5.0,1972.0,1972.0,390.0,474.0,864.0,864.0,0.0,864.0,1.0,5.0,0.0,1989.0,1.0,352.0,0.0,1728.0,1.0,0.0,36.0,36.0,4320.0,352.0,0.0,0.0,1.0,0.0,0.0,0.0,1.0,0.0,0.0,0.0,1.0,1.0,0.0,1.0
60.0,82.0,11287.0,7.0,1989.0,1989.0,421.0,386.0,807.0,1175.0,807.0,1982.0,2.0,7.0,1.0,1989.0,2.0,575.0,84.0,2789.0,2.5,280.0,18.0,18.0,13874.0,1150.0,0.0,1.0,0.0,0.0,0.0,1.0,0.0,1.0,0.0,1.0,0.0,0.0,1.0,0.0
60.0,78.0,12011.0,8.0,1998.0,1998.0,956.0,130.0,1086.0,1086.0,838.0,1924.0,2.0,7.0,1.0,1998.0,2.0,592.0,75.0,3010.0,3.5,657.0,8.0,8.0,15392.0,1184.0,1.0,1.0,0.0,1.0,0.0,1.0,0.0,1.0,1.0,1.0,0.0,0.0,0.0,0.0
70.0,53.0,10918.0,7.0,1926.0,2004.0,0.0,1276.0,1276.0,1276.0,804.0,2080.0,1.0,9.0,2.0,1926.0,1.0,282.0,0.0,3356.0,1.5,145.0,83.0,5.0,14560.0,282.0,0.0,1.0,0.0,0.0,0.0,1.0,0.0,0.0,1.0,1.0,0.0,1.0,0.0,1.0
60.0,62.0,7917.0,6.0,1999.0,2000.0,0.0,953.0,953.0,953.0,694.0,1647.0,2.0,7.0,1.0,1999.0,2.0,460.0,40.0,2600.0,2.5,40.0,8.0,7.0,9882.0,920.0,1.0,0.0,1.0,1.0,0.0,1.0,0.0,0.0,1.0,0.0,1.0,0.0,0.0,0.0
120.0,50.0,8012.0,6.0,1993.0,1994.0,165.0,598.0,1604.0,1617.0,0.0,1617.0,2.0,5.0,1.0,1993.0,2.0,533.0,69.0,3221.0,3.0,69.0,15.0,14.0,9702.0,1066.0,0.0,1.0,0.0,1.0,0.0,1.0,0.0,0.0,1.0,1.0,0.0,0.0,0.0,0.0
20.0,60.0,9060.0,5.0,1957.0,2006.0,0.0,0.0,0.0,1340.0,0.0,1340.0,1.0,7.0,1.0,1957.0,1.0,252.0,0.0,1340.0,1.0,296.0,50.0,1.0,6700.0,252.0,0.0,0.0,1.0,1.0,0.0,0.0,1.0,0.0,1.0,0.0,1.0,0.0,0.0,0.0
20.0,83.0,10159.0,9.0,2009.0,2010.0,1646.0,284.0,1930.0,1940.0,0.0,1940.0,2.0,8.0,1.0,2010.0,3.0,606.0,95.0,3870.0,3.5,263.0,1.0,0.0,17460.0,1818.0,1.0,0.0,0.0,1.0,1.0,0.0,0.0,1.0,1.0,0.0,0.0,0.0,1.0,0.0
50.0,75.0,9525.0,6.0,1954.0,1972.0,444.0,550.0,994.0,1216.0,639.0,1855.0,2.0,7.0,0.0,1954.0,1.0,325.0,0.0,2849.0,2.0,182.0,52.0,34.0,11130.0,325.0,0.0,0.0,1.0,0.0,0.0,0.0,1.0,0.0,0.0,0.0,1.0,0.0,0.0,1.0
85.0,70.34384858044164,9180.0,5.0,1983.0,1983.0,747.0,0.0,840.0,884.0,0.0,884.0,1.0,5.0,0.0,1983.0,2.0,504.0,0.0,1724.0,2.0,240.0,24.0,24.0,4420.0,1008.0,0.0,0.0,1.0,0.0,0.0,1.0,0.0,0.0,0.0,1.0,0.0,0.0,0.0,0.0
160.0,36.0,2628.0,7.0,2003.0,2003.0,0.0,764.0,764.0,764.0,862.0,1626.0,2.0,6.0,0.0,2003.0,2.0,474.0,27.0,2390.0,2.5,27.0,7.0,7.0,11382.0,948.0,0.0,1.0,0.0,1.0,0.0,1.0,0.0,0.0,1.0,1.0,0.0,0.0,0.0,0.0
50.0,50.0,3500.0,5.0,1947.0,1950.0,312.0,408.0,720.0,720.0,564.0,1284.0,1.0,5.0,0.0,1948.0,1.0,240.0,35.0,2004.0,1.5,35.0,62.0,59.0,6420.0,240.0,0.0,0.0,1.0,0.0,0.0,0.0,1.0,0.0,0.0,0.0,1.0,1.0,0.0,1.0
60.0,70.34384858044164,11250.0,8.0,2002.0,2002.0,0.0,1128.0,1128.0,1149.0,1141.0,2290.0,2.0,9.0,1.0,2002.0,2.0,779.0,0.0,3418.0,2.5,0.0,6.0,6.0,18320.0,1558.0,0.0,1.0,0.0,1.0,0.0,1.0,0.0,0.0,1.0,1.0,0.0,0.0,0.0,1.0
90.0,110.0,8472.0,5.0,1963.0,1963.0,104.0,0.0,816.0,816.0,0.0,816.0,1.0,5.0,0.0,1963.0,2.0,516.0,0.0,1632.0,2.0,106.0,47.0,47.0,4080.0,1032.0,0.0,0.0,0.0,0.0,0.0,1.0,0.0,0.0,0.0,0.0,1.0,0.0,0.0,1.0
50.0,70.34384858044164,13837.0,7.0,1988.0,1988.0,1002.0,0.0,1204.0,1377.0,806.0,2183.0,2.0,9.0,0.0,1988.0,3.0,786.0,0.0,3387.0,2.5,0.0,18.0,18.0,15281.0,2358.0,0.0,1.0,0.0,1.0,0.0,1.0,0.0,1.0,0.0,1.0,0.0,0.0,0.0,1.0
50.0,98.0,8820.0,5.0,1890.0,1996.0,1088.0,0.0,1088.0,1188.0,561.0,1869.0,1.0,7.0,0.0,1963.0,2.0,456.0,0.0,2837.0,1.0,292.0,119.0,13.0,9345.0,912.0,1.0,0.0,1.0,0.0,0.0,0.0,1.0,0.0,0.0,0.0,1.0,1.0,0.0,1.0
75.0,53.0,7128.0,7.0,1941.0,1950.0,364.0,554.0,918.0,918.0,728.0,1646.0,2.0,7.0,2.0,1941.0,1.0,240.0,0.0,2564.0,2.0,126.0,66.0,57.0,11522.0,240.0,0.0,0.0,1.0,0.0,0.0,0.0,1.0,0.0,0.0,0.0,1.0,1.0,0.0,1.0
20.0,88.0,10994.0,8.0,2005.0,2006.0,976.0,868.0,1844.0,1844.0,0.0,1844.0,2.0,7.0,1.0,2005.0,2.0,620.0,44.0,3688.0,3.0,209.0,4.0,3.0,14752.0,1240.0,1.0,1.0,0.0,1.0,0.0,1.0,0.0,1.0,1.0,1.0,0.0,0.0,1.0,0.0
20.0,89.0,10991.0,8.0,2007.0,2007.0,0.0,1571.0,1571.0,1571.0,0.0,1571.0,2.0,7.0,1.0,2007.0,3.0,722.0,36.0,3142.0,2.0,136.0,0.0,0.0,12568.0,2166.0,1.0,1.0,0.0,1.0,0.0,1.0,0.0,0.0,1.0,1.0,0.0,0.0,1.0,0.0
50.0,63.0,11426.0,7.0,2003.0,2003.0,0.0,1362.0,1362.0,1362.0,720.0,2082.0,2.0,6.0,0.0,2003.0,2.0,484.0,238.0,3444.0,2.5,518.0,5.0,5.0,14574.0,968.0,1.0,0.0,1.0,1.0,0.0,1.0,0.0,0.0,1.0,1.0,0.0,1.0,0.0,1.0
90.0,82.0,11070.0,7.0,1988.0,1989.0,0.0,1907.0,1907.0,1959.0,0.0,1959.0,3.0,9.0,0.0,1989.0,3.0,766.0,0.0,3866.0,3.0,0.0,18.0,17.0,13713.0,2298.0,1.0,0.0,1.0,0.0,0.0,0.0,1.0,0.0,0.0,0.0,1.0,0.0,0.0,1.0
60.0,93.0,11999.0,8.0,2003.0,2004.0,0.0,1181.0,1181.0,1234.0,1140.0,2374.0,2.0,10.0,1.0,2003.0,3.0,656.0,100.0,3555.0,2.5,204.0,4.0,3.0,18992.0,1968.0,1.0,1.0,0.0,1.0,0.0,1.0,0.0,0.0,1.0,0.0,0.0,0.0,1.0,0.0
60.0,100.0,13000.0,6.0,1968.0,1968.0,448.0,448.0,896.0,1182.0,960.0,2142.0,2.0,8.0,1.0,1968.0,1.0,509.0,72.0,3038.0,2.5,324.0,41.0,41.0,12852.0,509.0,1.0,0.0,1.0,0.0,0.0,1.0,0.0,0.0,0.0,1.0,0.0,0.0,1.0,0.0
160.0,30.0,3180.0,7.0,2005.0,2005.0,0.0,600.0,600.0,520.0,600.0,1200.0,2.0,4.0,0.0,2005.0,2.0,480.0,166.0,1720.0,2.5,166.0,1.0,1.0,8400.0,960.0,0.0,1.0,0.0,1.0,0.0,1.0,0.0,0.0,1.0,1.0,0.0,1.0,0.0,0.0
60.0,75.0,9375.0,8.0,2003.0,2004.0,0.0,1053.0,1053.0,1053.0,939.0,1992.0,2.0,9.0,1.0,2003.0,2.0,648.0,45.0,3045.0,2.5,185.0,5.0,4.0,15936.0,1296.0,1.0,1.0,0.0,1.0,1.0,0.0,0.0,0.0,1.0,1.0,0.0,0.0,0.0,0.0
60.0,70.34384858044164,11000.0,8.0,2000.0,2000.0,0.0,969.0,969.0,997.0,1288.0,2285.0,2.0,8.0,1.0,2000.0,3.0,648.0,56.0,3254.0,2.5,56.0,7.0,7.0,18280.0,1944.0,1.0,1.0,0.0,1.0,0.0,1.0,0.0,0.0,1.0,1.0,0.0,0.0,1.0,0.0
20.0,70.34384858044164,115149.0,7.0,1971.0,2002.0,1219.0,424.0,1643.0,1824.0,0.0,1824.0,2.0,5.0,2.0,1971.0,2.0,739.0,48.0,3467.0,3.0,428.0,36.0,5.0,12768.0,1478.0,0.0,0.0,1.0,0.0,0.0,1.0,0.0,1.0,0.0,1.0,0.0,0.0,0.0,1.0
20.0,98.0,16033.0,9.0,2004.0,2005.0,1261.0,572.0,1833.0,1850.0,0.0,1850.0,2.0,8.0,1.0,2004.0,3.0,772.0,112.0,3683.0,3.0,631.0,2.0,1.0,16650.0,2316.0,1.0,1.0,0.0,1.0,1.0,0.0,0.0,1.0,1.0,1.0,0.0,0.0,1.0,0.0
190.0,62.0,10106.0,5.0,1940.0,1999.0,351.0,112.0,644.0,808.0,547.0,1355.0,2.0,6.0,0.0,1978.6621376811595,0.0,0.0,0.0,1999.0,3.0,140.0,68.0,9.0,6775.0,0.0,0.0,0.0,1.0,0.0,0.0,0.0,1.0,0.0,0.0,0.0,1.0,0.0,0.0,1.0
60.0,72.0,11317.0,7.0,2003.0,2003.0,0.0,840.0,840.0,840.0,828.0,1668.0,2.0,8.0,0.0,2003.0,2.0,500.0,68.0,2508.0,2.5,212.0,4.0,4.0,11676.0,1000.0,1.0,1.0,0.0,1.0,0.0,1.0,0.0,0.0,1.0,1.0,0.0,0.0,0.0,0.0
50.0,70.34384858044164,7920.0,6.0,1920.0,1950.0,0.0,319.0,319.0,1035.0,371.0,1406.0,1.0,6.0,0.0,1978.6621376811595,0.0,0.0,144.0,1725.0,1.0,144.0,88.0,58.0,8436.0,0.0,0.0,0.0,1.0,0.0,0.0,0.0,1.0,0.0,0.0,0.0,0.0,0.0,0.0,1.0
20.0,137.0,16492.0,6.0,1966.0,2002.0,247.0,557.0,1517.0,1888.0,0.0,1888.0,2.0,6.0,1.0,1966.0,2.0,578.0,0.0,3405.0,2.5,0.0,44.0,8.0,11328.0,1156.0,0.0,1.0,0.0,0.0,0.0,0.0,1.0,0.0,1.0,1.0,0.0,0.0,1.0,0.0
120.0,40.0,4671.0,8.0,1988.0,1989.0,767.0,461.0,1228.0,1228.0,0.0,1228.0,2.0,5.0,1.0,1988.0,2.0,472.0,120.0,2456.0,3.0,288.0,20.0,19.0,9824.0,944.0,0.0,1.0,0.0,1.0,0.0,1.0,0.0,1.0,0.0,1.0,0.0,0.0,1.0,0.0
60.0,59.0,9042.0,6.0,1998.0,1998.0,828.0,115.0,943.0,943.0,695.0,1638.0,2.0,7.0,2.0,1998.0,2.0,472.0,38.0,2581.0,3.5,138.0,10.0,10.0,9828.0,944.0,1.0,0.0,1.0,1.0,0.0,1.0,0.0,1.0,0.0,0.0,1.0,0.0,1.0,0.0
20.0,73.0,10921.0,4.0,1965.0,1965.0,520.0,440.0,960.0,960.0,0.0,960.0,1.0,6.0,0.0,1965.0,1.0,432.0,0.0,1920.0,2.0,120.0,42.0,42.0,3840.0,432.0,0.0,0.0,1.0,0.0,0.0,0.0,1.0,0.0,0.0,0.0,1.0,0.0,1.0,0.0
20.0,86.0,13286.0,9.0,2007.0,2008.0,1234.0,464.0,1698.0,1698.0,0.0,1698.0,2.0,8.0,1.0,2007.0,3.0,768.0,64.0,3396.0,3.0,391.0,2.0,1.0,15282.0,2304.0,0.0,0.0,0.0,1.0,1.0,0.0,0.0,1.0,1.0,0.0,0.0,0.0,1.0,0.0
20.0,80.0,9920.0,5.0,1954.0,1954.0,354.0,412.0,1056.0,1063.0,0.0,1063.0,1.0,6.0,0.0,1954.0,1.0,280.0,0.0,2119.0,2.0,164.0,56.0,56.0,5315.0,280.0,0.0,0.0,1.0,0.0,0.0,0.0,1.0,0.0,0.0,0.0,1.0,0.0,0.0,0.0
20.0,65.0,6993.0,5.0,1961.0,1994.0,465.0,447.0,912.0,1236.0,0.0,1236.0,1.0,6.0,1.0,1961.0,1.0,288.0,0.0,2148.0,1.0,0.0,45.0,12.0,6180.0,288.0,0.0,0.0,1.0,0.0,0.0,0.0,1.0,0.0,0.0,0.0,1.0,0.0,0.0,1.0
90.0,64.0,7018.0,5.0,1979.0,1979.0,0.0,0.0,0.0,1535.0,0.0,1535.0,2.0,8.0,0.0,1979.0,2.0,410.0,0.0,1535.0,2.0,0.0,30.0,30.0,7675.0,820.0,0.0,0.0,1.0,0.0,0.0,0.0,1.0,0.0,0.0,0.0,1.0,0.0,0.0,1.0
180.0,21.0,1890.0,4.0,1972.0,1972.0,495.0,135.0,630.0,630.0,0.0,630.0,1.0,3.0,0.0,1978.6621376811595,0.0,0.0,0.0,1260.0,2.0,88.0,36.0,36.0,2520.0,0.0,0.0,0.0,1.0,0.0,0.0,1.0,0.0,0.0,0.0,0.0,1.0,0.0,0.0,1.0
160.0,21.0,2217.0,4.0,1970.0,1970.0,273.0,0.0,546.0,546.0,546.0,1092.0,1.0,6.0,0.0,1970.0,1.0,286.0,0.0,1638.0,1.5,238.0,39.0,39.0,4368.0,286.0,0.0,0.0,1.0,0.0,0.0,0.0,1.0,0.0,0.0,0.0,1.0,0.0,0.0,0.0
20.0,108.0,13173.0,9.0,2006.0,2007.0,1572.0,80.0,1652.0,1652.0,0.0,1652.0,2.0,6.0,2.0,2006.0,2.0,840.0,102.0,3304.0,3.0,506.0,3.0,2.0,14868.0,1680.0,1.0,1.0,0.0,1.0,1.0,0.0,0.0,1.0,1.0,0.0,0.0,0.0,1.0,0.0
20.0,75.0,7875.0,5.0,1961.0,1961.0,572.0,572.0,1144.0,1144.0,0.0,1144.0,1.0,6.0,0.0,1961.0,2.0,456.0,0.0,2288.0,2.0,0.0,47.0,47.0,5720.0,912.0,1.0,0.0,1.0,0.0,0.0,0.0,1.0,0.0,0.0,0.0,1.0,0.0,0.0,1.0
20.0,75.0,9986.0,8.0,2006.0,2007.0,0.0,1795.0,1795.0,1795.0,0.0,1795.0,2.0,7.0,1.0,2007.0,3.0,895.0,49.0,3590.0,2.0,49.0,1.0,0.0,14360.0,2685.0,1.0,1.0,0.0,1.0,1.0,0.0,0.0,0.0,1.0,1.0,0.0,0.0,0.0,0.0
20.0,118.0,13704.0,7.0,2001.0,2002.0,0.0,1541.0,1541.0,1541.0,0.0,1541.0,2.0,6.0,1.0,2001.0,3.0,843.0,81.0,3082.0,2.0,549.0,5.0,4.0,10787.0,2529.0,1.0,1.0,0.0,1.0,0.0,1.0,0.0,0.0,1.0,1.0,0.0,0.0,0.0,0.0
80.0,70.0,7910.0,5.0,1960.0,1960.0,666.0,409.0,1075.0,1507.0,0.0,1507.0,2.0,7.0,0.0,1960.0,1.0,404.0,0.0,2582.0,2.0,0.0,48.0,48.0,7535.0,404.0,0.0,0.0,1.0,0.0,0.0,0.0,1.0,0.0,0.0,0.0,1.0,0.0,0.0,1.0
160.0,24.0,2645.0,8.0,1999.0,2000.0,0.0,776.0,776.0,764.0,677.0,1441.0,2.0,5.0,0.0,1999.0,2.0,492.0,0.0,2217.0,2.5,206.0,8.0,7.0,11528.0,984.0,0.0,1.0,0.0,1.0,0.0,1.0,0.0,0.0,1.0,1.0,0.0,1.0,0.0,1.0
20.0,93.0,9382.0,7.0,1999.0,2000.0,0.0,1468.0,1468.0,1479.0,0.0,1479.0,2.0,6.0,0.0,1999.0,2.0,577.0,25.0,2947.0,2.0,145.0,9.0,8.0,10353.0,1154.0,1.0,1.0,0.0,1.0,0.0,1.0,0.0,0.0,1.0,1.0,0.0,0.0,0.0,0.0
160.0,21.0,1680.0,6.0,1971.0,1971.0,358.0,125.0,483.0,483.0,504.0,987.0,1.0,5.0,0.0,1971.0,1.0,264.0,0.0,1470.0,1.5,0.0,37.0,37.0,5922.0,264.0,0.0,0.0,1.0,0.0,0.0,0.0,1.0,0.0,0.0,0.0,1.0,1.0,0.0,1.0
30.0,50.0,9340.0,4.0,1941.0,1950.0,344.0,328.0,672.0,672.0,0.0,672.0,1.0,4.0,0.0,1941.0,1.0,234.0,113.0,1344.0,2.0,113.0,68.0,59.0,2688.0,234.0,0.0,0.0,1.0,0.0,0.0,0.0,1.0,0.0,0.0,0.0,1.0,0.0,0.0,1.0
75.0,60.0,8400.0,5.0,1939.0,1997.0,378.0,342.0,720.0,1052.0,720.0,2192.0,2.0,8.0,1.0,1939.0,1.0,240.0,24.0,2492.0,2.5,286.0,69.0,11.0,10960.0,240.0,0.0,0.0,1.0,1.0,0.0,0.0,1.0,0.0,1.0,1.0,0.0,1.0,0.0,1.0
20.0,80.0,10386.0,8.0,2004.0,2005.0,1464.0,536.0,2000.0,2000.0,0.0,2000.0,2.0,8.0,0.0,2004.0,3.0,888.0,0.0,4000.0,3.0,168.0,3.0,2.0,16000.0,2664.0,0.0,1.0,0.0,1.0,0.0,1.0,0.0,1.0,1.0,1.0,0.0,0.0,1.0,0.0
20.0,74.0,8536.0,5.0,2006.0,2007.0,0.0,1125.0,1125.0,1125.0,0.0,1125.0,1.0,5.0,0.0,2007.0,2.0,430.0,64.0,2250.0,1.5,144.0,1.0,0.0,5625.0,860.0,1.0,0.0,1.0,1.0,0.0,1.0,0.0,0.0,0.0,0.0,1.0,0.0,0.0,1.0
20.0,77.0,8335.0,5.0,1954.0,1954.0,0.0,0.0,0.0,1124.0,0.0,1124.0,1.0,5.0,1.0,1978.6621376811595,0.0,0.0,36.0,1124.0,1.0,226.0,52.0,52.0,5620.0,0.0,0.0,0.0,1.0,0.0,0.0,0.0,1.0,0.0,0.0,0.0,1.0,0.0,0.0,1.0
20.0,110.0,14442.0,6.0,1957.0,2004.0,1186.0,291.0,1477.0,1839.0,0.0,1839.0,2.0,7.0,2.0,1957.0,2.0,416.0,87.0,3316.0,3.0,287.0,50.0,3.0,11034.0,832.0,0.0,0.0,1.0,1.0,0.0,0.0,1.0,1.0,1.0,1.0,0.0,0.0,1.0,0.0
50.0,70.34384858044164,159000.0,6.0,1958.0,2006.0,697.0,747.0,1444.0,1444.0,700.0,2144.0,2.0,7.0,2.0,1958.0,2.0,389.0,98.0,3588.0,2.5,98.0,49.0,1.0,12864.0,778.0,0.0,1.0,0.0,0.0,0.0,1.0,0.0,0.0,0.0,1.0,0.0,0.0,1.0,0.0
60.0,80.0,14000.0,7.0,1996.0,1997.0,1201.0,105.0,1306.0,1306.0,954.0,2260.0,2.0,7.0,0.0,1996.0,2.0,533.0,44.0,3566.0,3.5,340.0,14.0,13.0,15820.0,1066.0,0.0,1.0,0.0,1.0,1.0,0.0,0.0,1.0,1.0,1.0,0.0,0.0,0.0,0.0
60.0,100.0,9500.0,6.0,1964.0,1978.0,442.0,374.0,816.0,1127.0,850.0,1977.0,1.0,9.0,1.0,1964.0,2.0,540.0,52.0,2793.0,2.0,52.0,43.0,29.0,11862.0,1080.0,1.0,0.0,1.0,0.0,0.0,0.0,1.0,0.0,0.0,0.0,1.0,0.0,0.0,0.0
20.0,69.0,7599.0,4.0,1982.0,2006.0,565.0,280.0,845.0,845.0,0.0,845.0,1.0,4.0,0.0,1987.0,2.0,360.0,0.0,1690.0,2.0,0.0,25.0,1.0,3380.0,720.0,0.0,0.0,1.0,0.0,0.0,0.0,1.0,0.0,0.0,0.0,1.0,1.0,0.0,1.0
60.0,69.0,9337.0,6.0,1997.0,1997.0,648.0,176.0,824.0,905.0,881.0,1786.0,2.0,7.0,0.0,1997.0,2.0,684.0,162.0,2610.0,3.5,162.0,10.0,10.0,10716.0,1368.0,1.0,0.0,1.0,1.0,0.0,1.0,0.0,1.0,1.0,1.0,0.0,0.0,0.0,0.0
70.0,79.0,11526.0,6.0,1922.0,1994.0,0.0,588.0,588.0,1423.0,748.0,2555.0,2.0,11.0,1.0,1993.0,2.0,672.0,0.0,2759.0,2.0,431.0,86.0,14.0,15330.0,1344.0,0.0,0.0,1.0,0.0,1.0,0.0,0.0,0.0,0.0,0.0,1.0,1.0,1.0,0.0
20.0,70.0,10552.0,5.0,1959.0,1959.0,1018.0,380.0,1398.0,1700.0,0.0,1700.0,1.0,6.0,1.0,1959.0,2.0,447.0,38.0,3098.0,2.0,38.0,51.0,51.0,8500.0,894.0,0.0,0.0,1.0,0.0,0.0,0.0,1.0,0.0,0.0,1.0,0.0,0.0,0.0,0.0
60.0,58.0,10852.0,6.0,2000.0,2000.0,786.0,173.0,959.0,959.0,712.0,1671.0,2.0,7.0,1.0,2000.0,2.0,472.0,38.0,2630.0,3.5,38.0,6.0,6.0,10026.0,944.0,1.0,0.0,1.0,1.0,0.0,1.0,0.0,1.0,1.0,0.0,1.0,0.0,1.0,0.0
50.0,50.0,8600.0,6.0,1937.0,1950.0,0.0,780.0,780.0,780.0,596.0,1376.0,2.0,7.0,1.0,1937.0,1.0,198.0,0.0,2156.0,2.0,0.0,69.0,56.0,8256.0,198.0,0.0,0.0,1.0,0.0,0.0,0.0,1.0,0.0,0.0,0.0,1.0,1.0,0.0,1.0
20.0,73.0,9855.0,6.0,1956.0,1956.0,0.0,1436.0,1436.0,1689.0,0.0,1689.0,1.0,7.0,1.0,1956.0,2.0,480.0,0.0,3125.0,1.0,0.0,53.0,53.0,10134.0,960.0,0.0,0.0,1.0,0.0,0.0,0.0,1.0,0.0,0.0,0.0,1.0,0.0,0.0,1.0
70.0,60.0,10800.0,7.0,1890.0,1998.0,0.0,718.0,718.0,1576.0,978.0,2554.0,1.0,8.0,0.0,1996.0,2.0,704.0,48.0,3272.0,1.5,191.0,117.0,9.0,17878.0,1408.0,1.0,0.0,1.0,0.0,0.0,0.0,1.0,0.0,1.0,0.0,1.0,1.0,0.0,1.0
50.0,100.0,12665.0,5.0,1915.0,1950.0,0.0,876.0,876.0,876.0,540.0,1416.0,1.0,7.0,1.0,1949.0,3.0,720.0,0.0,2292.0,1.5,612.0,93.0,58.0,7080.0,2160.0,0.0,0.0,1.0,0.0,0.0,0.0,1.0,0.0,0.0,0.0,1.0,1.0,0.0,1.0
20.0,73.0,7100.0,5.0,1957.0,1957.0,708.0,108.0,816.0,816.0,0.0,816.0,1.0,5.0,0.0,1957.0,1.0,308.0,0.0,1632.0,2.0,0.0,49.0,49.0,4080.0,308.0,0.0,0.0,1.0,0.0,0.0,0.0,1.0,1.0,0.0,0.0,1.0,1.0,0.0,1.0
20.0,80.0,10400.0,7.0,1976.0,1976.0,0.0,1090.0,1090.0,1370.0,0.0,1370.0,2.0,6.0,1.0,1976.0,2.0,479.0,0.0,2460.0,2.0,0.0,33.0,33.0,9590.0,958.0,0.0,0.0,1.0,0.0,0.0,1.0,0.0,0.0,0.0,0.0,1.0,0.0,0.0,0.0
20.0,70.34384858044164,11717.0,6.0,1970.0,1970.0,0.0,1442.0,1442.0,1442.0,0.0,1442.0,2.0,6.0,1.0,1970.0,2.0,615.0,0.0,2884.0,2.0,371.0,39.0,39.0,8652.0,1230.0,0.0,0.0,1.0,0.0,0.0,0.0,1.0,0.0,0.0,0.0,1.0,0.0,0.0,0.0
50.0,50.0,8635.0,5.0,1948.0,2001.0,336.0,295.0,672.0,1072.0,213.0,1285.0,1.0,6.0,0.0,1948.0,1.0,240.0,0.0,1957.0,2.0,0.0,60.0,7.0,6425.0,240.0,0.0,0.0,1.0,0.0,0.0,0.0,1.0,0.0,0.0,0.0,1.0,1.0,0.0,1.0
80.0,70.34384858044164,8530.0,7.0,1995.0,1996.0,0.0,384.0,384.0,804.0,670.0,1474.0,2.0,7.0,1.0,1995.0,2.0,400.0,72.0,1858.0,2.5,192.0,14.0,13.0,10318.0,800.0,0.0,0.0,1.0,1.0,0.0,1.0,0.0,0.0,0.0,0.0,1.0,0.0,1.0,0.0
60.0,92.0,9920.0,7.0,1996.0,1997.0,862.0,255.0,1117.0,1127.0,886.0,2013.0,2.0,8.0,1.0,1997.0,2.0,455.0,130.0,3130.0,3.5,310.0,11.0,10.0,14091.0,910.0,0.0,1.0,0.0,1.0,0.0,1.0,0.0,1.0,1.0,0.0,1.0,0.0,0.0,1.0
20.0,78.0,10206.0,8.0,2007.0,2007.0,33.0,1530.0,1563.0,1563.0,0.0,1563.0,2.0,6.0,1.0,2007.0,3.0,758.0,99.0,3126.0,2.0,243.0,1.0,1.0,12504.0,2274.0,1.0,0.0,1.0,1.0,0.0,1.0,0.0,1.0,1.0,1.0,0.0,0.0,0.0,0.0
20.0,70.34384858044164,53227.0,4.0,1954.0,1994.0,1116.0,248.0,1364.0,1663.0,0.0,1663.0,1.0,6.0,2.0,1954.0,2.0,529.0,137.0,3027.0,2.0,361.0,54.0,14.0,6652.0,1058.0,0.0,0.0,1.0,0.0,0.0,1.0,0.0,0.0,1.0,1.0,0.0,0.0,1.0,0.0
50.0,60.0,10800.0,4.0,1949.0,1950.0,0.0,720.0,720.0,720.0,472.0,1192.0,1.0,6.0,0.0,1978.6621376811595,0.0,0.0,0.0,1912.0,1.5,0.0,57.0,56.0,4768.0,0.0,0.0,0.0,1.0,0.0,0.0,0.0,1.0,0.0,0.0,0.0,1.0,0.0,0.0,1.0
70.0,60.0,9600.0,4.0,1900.0,1950.0,0.0,1095.0,1095.0,1095.0,679.0,1774.0,2.0,8.0,0.0,1920.0,3.0,779.0,0.0,2869.0,3.0,90.0,106.0,56.0,7096.0,2337.0,0.0,0.0,1.0,0.0,0.0,0.0,1.0,0.0,0.0,0.0,1.0,0.0,0.0,1.0
60.0,73.0,8760.0,7.0,2006.0,2006.0,464.0,927.0,1391.0,1391.0,571.0,1962.0,2.0,7.0,0.0,2006.0,3.0,868.0,90.0,3353.0,2.5,90.0,0.0,0.0,13734.0,2604.0,1.0,1.0,0.0,1.0,0.0,1.0,0.0,1.0,1.0,1.0,0.0,0.0,0.0,0.0
20.0,73.0,8993.0,7.0,2007.0,2007.0,0.0,1302.0,1302.0,1302.0,0.0,1302.0,2.0,6.0,0.0,2007.0,2.0,436.0,22.0,2604.0,2.0,22.0,0.0,0.0,9114.0,872.0,1.0,1.0,0.0,1.0,0.0,1.0,0.0,0.0,1.0,1.0,0.0,0.0,1.0,0.0
50.0,40.0,4400.0,6.0,1920.0,1950.0,0.0,648.0,648.0,734.0,384.0,1118.0,1.0,6.0,0.0,1990.0,2.0,440.0,0.0,1766.0,1.0,0.0,86.0,56.0,6708.0,880.0,0.0,0.0,1.0,0.0,0.0,0.0,0.0,0.0,0.0,0.0,1.0,1.0,0.0,1.0
20.0,85.0,9187.0,9.0,2009.0,2009.0,1121.0,645.0,1766.0,1766.0,0.0,1766.0,2.0,7.0,1.0,2009.0,3.0,478.0,130.0,3532.0,3.5,325.0,0.0,0.0,15894.0,1434.0,0.0,0.0,0.0,1.0,1.0,0.0,0.0,1.0,1.0,0.0,0.0,0.0,1.0,0.0
20.0,63.0,7875.0,7.0,1995.0,1996.0,0.0,1237.0,1237.0,1253.0,0.0,1253.0,2.0,6.0,1.0,1995.0,2.0,402.0,21.0,2490.0,2.0,241.0,12.0,11.0,8771.0,804.0,0.0,0.0,1.0,1.0,0.0,1.0,0.0,0.0,0.0,0.0,1.0,0.0,1.0,0.0
20.0,81.0,9672.0,6.0,1984.0,1985.0,338.0,702.0,1040.0,1097.0,0.0,1097.0,2.0,6.0,0.0,1986.0,2.0,480.0,0.0,2137.0,2.0,0.0,26.0,25.0,6582.0,960.0,0.0,0.0,1.0,1.0,0.0,1.0,0.0,1.0,0.0,0.0,1.0,0.0,0.0,1.0
20.0,70.34384858044164,12537.0,5.0,1971.0,2008.0,734.0,344.0,1078.0,1078.0,0.0,1078.0,1.0,6.0,1.0,1971.0,2.0,500.0,0.0,2156.0,2.5,0.0,39.0,2.0,5390.0,1000.0,1.0,0.0,1.0,0.0,0.0,0.0,1.0,1.0,1.0,0.0,1.0,0.0,1.0,0.0
60.0,70.34384858044164,10364.0,6.0,1995.0,1996.0,0.0,806.0,806.0,806.0,766.0,1572.0,2.0,7.0,1.0,1995.0,2.0,373.0,40.0,2378.0,2.5,40.0,12.0,11.0,9432.0,746.0,0.0,0.0,1.0,1.0,0.0,1.0,0.0,0.0,0.0,0.0,1.0,0.0,1.0,0.0
40.0,70.34384858044164,23595.0,7.0,1979.0,1979.0,1258.0,74.0,1332.0,1332.0,192.0,1524.0,0.0,4.0,1.0,1979.0,2.0,586.0,0.0,2856.0,2.5,268.0,31.0,31.0,10668.0,1172.0,0.0,1.0,0.0,1.0,0.0,1.0,0.0,1.0,0.0,1.0,0.0,0.0,1.0,0.0
60.0,70.34384858044164,8755.0,7.0,1999.0,1999.0,772.0,220.0,992.0,1022.0,1038.0,2060.0,2.0,8.0,1.0,1999.0,2.0,390.0,0.0,3052.0,3.5,168.0,10.0,10.0,14420.0,780.0,1.0,1.0,0.0,1.0,0.0,1.0,0.0,0.0,1.0,1.0,0.0,0.0,0.0,0.0
20.0,70.34384858044164,14375.0,6.0,1958.0,1958.0,111.0,354.0,819.0,1344.0,0.0,1344.0,1.0,7.0,1.0,1958.0,2.0,525.0,118.0,2163.0,1.5,351.0,51.0,51.0,8064.0,1050.0,0.0,0.0,1.0,0.0,0.0,0.0,1.0,1.0,0.0,1.0,0.0,0.0,0.0,0.0
50.0,70.34384858044164,7758.0,7.0,1931.0,1950.0,224.0,816.0,1040.0,1226.0,592.0,1818.0,1.0,7.0,2.0,1951.0,1.0,240.0,0.0,2858.0,1.5,184.0,76.0,57.0,12726.0,240.0,0.0,0.0,1.0,1.0,0.0,0.0,1.0,0.0,1.0,0.0,1.0,1.0,0.0,1.0
20.0,61.0,7943.0,4.0,1961.0,1961.0,903.0,126.0,1029.0,1029.0,0.0,1029.0,1.0,5.0,0.0,1961.0,1.0,261.0,0.0,2058.0,2.0,103.0,46.0,46.0,4116.0,261.0,1.0,0.0,1.0,0.0,0.0,0.0,1.0,0.0,0.0,0.0,1.0,0.0,0.0,1.0
160.0,42.0,3964.0,6.0,1973.0,1973.0,837.0,105.0,942.0,1291.0,1230.0,2521.0,2.0,10.0,1.0,1973.0,2.0,576.0,20.0,3463.0,3.5,748.0,33.0,33.0,15126.0,1152.0,0.0,0.0,1.0,0.0,0.0,1.0,0.0,0.0,0.0,0.0,1.0,0.0,1.0,0.0
60.0,68.0,8846.0,6.0,2005.0,2006.0,0.0,750.0,750.0,750.0,750.0,1500.0,2.0,6.0,0.0,2005.0,2.0,564.0,35.0,2250.0,2.5,35.0,1.0,0.0,9000.0,1128.0,1.0,0.0,1.0,1.0,0.0,1.0,0.0,0.0,1.0,1.0,0.0,0.0,0.0,0.0
20.0,95.0,15865.0,8.0,1970.0,1970.0,351.0,1043.0,2217.0,2217.0,0.0,2217.0,2.0,8.0,1.0,1970.0,2.0,621.0,207.0,4434.0,3.0,512.0,37.0,37.0,17736.0,1242.0,0.0,1.0,0.0,1.0,0.0,0.0,1.0,0.0,1.0,1.0,0.0,0.0,0.0,1.0
120.0,44.0,6442.0,8.0,2006.0,2006.0,24.0,1346.0,1370.0,1370.0,0.0,1370.0,2.0,6.0,1.0,2006.0,2.0,484.0,49.0,2740.0,2.0,169.0,1.0,1.0,10960.0,968.0,1.0,1.0,0.0,1.0,0.0,1.0,0.0,1.0,1.0,1.0,0.0,0.0,0.0,0.0
20.0,60.0,7200.0,6.0,2006.0,2006.0,905.0,357.0,1262.0,1262.0,0.0,1262.0,2.0,5.0,0.0,2006.0,2.0,572.0,120.0,2524.0,2.0,120.0,0.0,0.0,7572.0,1144.0,1.0,1.0,0.0,1.0,0.0,1.0,0.0,1.0,0.0,1.0,0.0,0.0,1.0,0.0
60.0,80.0,11316.0,7.0,2002.0,2003.0,624.0,193.0,817.0,824.0,1070.0,1894.0,2.0,8.0,1.0,2002.0,2.0,510.0,40.0,2711.0,3.5,40.0,8.0,7.0,13258.0,1020.0,1.0,1.0,0.0,1.0,0.0,1.0,0.0,1.0,1.0,1.0,0.0,0.0,1.0,0.0
20.0,93.0,12030.0,8.0,2007.0,2007.0,0.0,1694.0,1694.0,1694.0,0.0,1694.0,2.0,7.0,0.0,2007.0,3.0,818.0,228.0,3388.0,2.0,396.0,0.0,0.0,13552.0,2454.0,1.0,0.0,0.0,1.0,1.0,0.0,0.0,0.0,1.0,1.0,0.0,0.0,1.0,0.0
20.0,70.0,10500.0,4.0,1971.0,1971.0,524.0,160.0,864.0,864.0,0.0,864.0,1.0,4.0,0.0,1989.0,2.0,576.0,0.0,1728.0,1.0,216.0,38.0,38.0,3456.0,1152.0,0.0,0.0,1.0,0.0,0.0,0.0,1.0,0.0,0.0,0.0,1.0,1.0,0.0,1.0
160.0,24.0,2522.0,6.0,2004.0,2006.0,0.0,970.0,970.0,970.0,739.0,1709.0,2.0,7.0,0.0,2004.0,2.0,380.0,40.0,2679.0,2.0,40.0,2.0,0.0,10254.0,760.0,1.0,1.0,0.0,1.0,0.0,1.0,0.0,0.0,1.0,1.0,0.0,1.0,0.0,1.0
50.0,70.34384858044164,12513.0,4.0,1920.0,2007.0,0.0,715.0,715.0,1281.0,457.0,1738.0,2.0,7.0,1.0,1920.0,1.0,368.0,0.0,2453.0,2.0,55.0,89.0,2.0,6952.0,368.0,1.0,0.0,1.0,0.0,0.0,0.0,1.0,0.0,0.0,0.0,1.0,0.0,0.0,1.0
20.0,79.0,10634.0,5.0,1953.0,1953.0,428.0,0.0,608.0,1319.0,0.0,1319.0,1.0,5.0,0.0,1953.0,1.0,270.0,0.0,1927.0,2.0,66.0,56.0,56.0,6595.0,270.0,0.0,0.0,1.0,1.0,0.0,0.0,1.0,0.0,0.0,0.0,1.0,0.0,0.0,1.0
60.0,90.0,12376.0,7.0,1990.0,1990.0,1470.0,203.0,1673.0,1699.0,1523.0,3222.0,3.0,11.0,2.0,1990.0,3.0,594.0,0.0,4895.0,4.0,367.0,20.0,20.0,22554.0,1782.0,0.0,0.0,1.0,1.0,0.0,1.0,0.0,1.0,0.0,1.0,0.0,0.0,0.0,1.0
70.0,60.0,6882.0,6.0,1914.0,2006.0,0.0,684.0,684.0,773.0,582.0,1355.0,1.0,7.0,0.0,1978.6621376811595,0.0,0.0,0.0,2039.0,1.5,251.0,93.0,1.0,8130.0,0.0,0.0,0.0,1.0,1.0,0.0,0.0,1.0,0.0,0.0,1.0,0.0,0.0,0.0,1.0
30.0,55.0,5350.0,3.0,1940.0,1966.0,0.0,728.0,728.0,1306.0,0.0,1306.0,1.0,6.0,0.0,1978.6621376811595,0.0,0.0,0.0,2034.0,1.0,263.0,70.0,44.0,3918.0,0.0,0.0,0.0,1.0,0.0,0.0,0.0,1.0,0.0,1.0,0.0,0.0,0.0,0.0,1.0
85.0,70.0,8445.0,5.0,1972.0,2007.0,656.0,112.0,768.0,768.0,0.0,768.0,1.0,5.0,0.0,1988.0,2.0,396.0,0.0,1536.0,2.0,58.0,37.0,2.0,3840.0,792.0,0.0,0.0,1.0,0.0,0.0,1.0,0.0,1.0,0.0,0.0,1.0,1.0,0.0,1.0
190.0,50.0,7420.0,5.0,1939.0,1950.0,851.0,140.0,991.0,1077.0,0.0,1077.0,1.0,5.0,2.0,1939.0,1.0,205.0,4.0,2068.0,2.0,4.0,69.0,58.0,5385.0,205.0,0.0,0.0,1.0,0.0,0.0,0.0,1.0,1.0,1.0,0.0,1.0,0.0,0.0,0.0
50.0,50.0,6000.0,3.0,1948.0,2002.0,331.0,318.0,649.0,679.0,504.0,1183.0,1.0,6.0,0.0,1981.0,1.0,308.0,176.0,1832.0,1.5,176.0,59.0,5.0,3549.0,308.0,0.0,0.0,1.0,0.0,0.0,0.0,1.0,0.0,1.0,0.0,1.0,1.0,0.0,1.0
60.0,65.0,9018.0,7.0,2007.0,2007.0,0.0,728.0,728.0,728.0,728.0,1456.0,2.0,8.0,1.0,2007.0,2.0,400.0,24.0,2184.0,2.5,124.0,0.0,0.0,10192.0,800.0,1.0,1.0,0.0,1.0,0.0,1.0,0.0,0.0,1.0,1.0,0.0,0.0,1.0,0.0
60.0,66.0,8738.0,7.0,1999.0,1999.0,0.0,975.0,975.0,1005.0,1286.0,2291.0,2.0,8.0,1.0,1999.0,2.0,429.0,0.0,3266.0,2.5,192.0,7.0,7.0,16037.0,858.0,1.0,1.0,0.0,1.0,0.0,1.0,0.0,0.0,1.0,1.0,0.0,0.0,1.0,0.0
120.0,70.34384858044164,4435.0,6.0,2003.0,2003.0,685.0,163.0,848.0,848.0,0.0,848.0,1.0,4.0,0.0,2003.0,2.0,420.0,0.0,1696.0,2.0,140.0,6.0,6.0,5088.0,840.0,1.0,1.0,0.0,1.0,0.0,1.0,0.0,1.0,1.0,1.0,0.0,0.0,1.0,0.0
60.0,96.0,12474.0,10.0,2007.0,2008.0,1280.0,402.0,1682.0,1742.0,590.0,2332.0,2.0,9.0,1.0,2008.0,3.0,846.0,134.0,4014.0,3.5,330.0,1.0,0.0,23320.0,2538.0,1.0,0.0,0.0,1.0,1.0,0.0,0.0,1.0,1.0,0.0,0.0,0.0,1.0,0.0
50.0,50.0,6000.0,5.0,1925.0,1997.0,0.0,884.0,884.0,884.0,464.0,1348.0,1.0,5.0,1.0,1960.0,1.0,216.0,0.0,2232.0,2.0,208.0,84.0,12.0,6740.0,216.0,0.0,0.0,1.0,0.0,0.0,0.0,1.0,0.0,1.0,0.0,1.0,1.0,0.0,1.0
70.0,120.0,13728.0,6.0,1935.0,1986.0,626.0,501.0,1127.0,1236.0,872.0,2108.0,2.0,7.0,2.0,1935.0,2.0,540.0,0.0,3235.0,2.0,90.0,73.0,22.0,12648.0,1080.0,0.0,0.0,1.0,0.0,0.0,0.0,1.0,0.0,1.0,1.0,0.0,0.0,0.0,1.0
50.0,60.0,11040.0,4.0,1920.0,1950.0,637.0,0.0,637.0,897.0,439.0,1336.0,1.0,7.0,0.0,1994.0,1.0,570.0,47.0,1973.0,1.5,167.0,86.0,56.0,5344.0,570.0,0.0,0.0,1.0,0.0,0.0,0.0,1.0,0.0,0.0,0.0,1.0,0.0,0.0,1.0
60.0,313.0,63887.0,10.0,2008.0,2008.0,5644.0,466.0,6110.0,4692.0,950.0,5642.0,2.0,12.0,3.0,2008.0,2.0,1418.0,292.0,11752.0,4.5,506.0,0.0,0.0,56420.0,2836.0,0.0,0.0,0.0,1.0,1.0,0.0,0.0,1.0,1.0,0.0,0.0,0.0,1.0,0.0
20.0,70.34384858044164,9503.0,5.0,1958.0,1983.0,457.0,193.0,1024.0,1344.0,0.0,1344.0,1.0,6.0,1.0,1970.0,1.0,484.0,28.0,2368.0,2.0,344.0,49.0,24.0,6720.0,484.0,0.0,0.0,1.0,0.0,0.0,0.0,1.0,0.0,0.0,0.0,1.0,1.0,0.0,1.0
60.0,75.0,8004.0,8.0,2009.0,2009.0,544.0,288.0,832.0,832.0,1103.0,1935.0,2.0,8.0,0.0,2009.0,2.0,552.0,150.0,2767.0,3.5,150.0,0.0,0.0,15480.0,1104.0,1.0,1.0,0.0,1.0,0.0,1.0,0.0,1.0,1.0,0.0,1.0,0.0,1.0,0.0
50.0,60.0,8172.0,4.0,1954.0,1972.0,0.0,941.0,941.0,997.0,473.0,1470.0,2.0,7.0,0.0,1958.0,1.0,548.0,0.0,2411.0,2.0,156.0,54.0,36.0,5880.0,548.0,0.0,0.0,1.0,1.0,0.0,0.0,1.0,0.0,1.0,0.0,1.0,1.0,0.0,1.0
20.0,70.34384858044164,20781.0,7.0,1968.0,2003.0,297.0,1203.0,1568.0,2156.0,0.0,2156.0,2.0,9.0,1.0,1968.0,2.0,508.0,80.0,3724.0,2.0,370.0,38.0,3.0,15092.0,1016.0,0.0,0.0,1.0,0.0,0.0,0.0,1.0,0.0,0.0,0.0,1.0,0.0,0.0,0.0
90.0,70.0,9100.0,5.0,1963.0,1963.0,1332.0,396.0,1728.0,1728.0,0.0,1728.0,2.0,10.0,0.0,1963.0,2.0,504.0,0.0,3456.0,3.0,0.0,43.0,43.0,8640.0,1008.0,0.0,0.0,1.0,0.0,0.0,0.0,1.0,0.0,0.0,0.0,1.0,1.0,0.0,1.0
60.0,75.0,9803.0,7.0,2005.0,2005.0,400.0,466.0,866.0,866.0,902.0,1768.0,2.0,7.0,0.0,2005.0,2.0,603.0,108.0,2634.0,2.5,108.0,3.0,3.0,12376.0,1206.0,1.0,1.0,0.0,1.0,0.0,1.0,0.0,1.0,0.0,1.0,0.0,0.0,0.0,0.0
20.0,72.0,10152.0,5.0,1956.0,1956.0,586.0,462.0,1048.0,1048.0,0.0,1048.0,1.0,6.0,0.0,1956.0,1.0,286.0,20.0,2096.0,2.0,212.0,51.0,51.0,5240.0,286.0,0.0,0.0,1.0,0.0,0.0,0.0,1.0,0.0,0.0,0.0,1.0,0.0,0.0,1.0
60.0,65.0,9313.0,7.0,2004.0,2004.0,0.0,864.0,864.0,864.0,864.0,1728.0,2.0,7.0,0.0,2004.0,2.0,572.0,56.0,2592.0,2.5,243.0,5.0,5.0,12096.0,1144.0,1.0,1.0,0.0,1.0,0.0,1.0,0.0,0.0,1.0,1.0,0.0,0.0,0.0,0.0
70.0,50.0,5250.0,8.0,1872.0,1987.0,259.0,425.0,684.0,938.0,1215.0,2358.0,2.0,8.0,0.0,1978.6621376811595,0.0,0.0,54.0,2837.0,2.0,74.0,136.0,21.0,18864.0,0.0,0.0,0.0,1.0,0.0,0.0,0.0,1.0,0.0,0.0,0.0,1.0,0.0,0.0,1.0
80.0,73.0,9590.0,7.0,2003.0,2003.0,786.0,82.0,868.0,1146.0,0.0,1146.0,2.0,6.0,1.0,2003.0,2.0,438.0,22.0,2014.0,3.0,182.0,4.0,4.0,8022.0,876.0,1.0,1.0,0.0,1.0,1.0,0.0,0.0,1.0,1.0,1.0,0.0,0.0,1.0,0.0
20.0,70.34384858044164,11423.0,8.0,2001.0,2002.0,1358.0,223.0,1581.0,1601.0,0.0,1601.0,2.0,6.0,1.0,2001.0,2.0,670.0,0.0,3182.0,3.0,180.0,9.0,8.0,12808.0,1340.0,1.0,1.0,0.0,1.0,0.0,1.0,0.0,1.0,1.0,1.0,0.0,0.0,0.0,0.0
50.0,70.34384858044164,13650.0,5.0,1958.0,1958.0,57.0,554.0,1052.0,1252.0,668.0,1920.0,2.0,8.0,1.0,1958.0,2.0,451.0,0.0,2972.0,3.0,0.0,48.0,48.0,9600.0,902.0,0.0,1.0,0.0,0.0,0.0,0.0,1.0,0.0,1.0,1.0,0.0,0.0,0.0,1.0
70.0,60.0,7740.0,4.0,1910.0,1950.0,0.0,622.0,622.0,741.0,622.0,1363.0,1.0,6.0,0.0,1966.0,2.0,528.0,0.0,1985.0,1.0,168.0,100.0,60.0,5452.0,1056.0,1.0,0.0,1.0,0.0,0.0,0.0,0.0,0.0,0.0,0.0,1.0,1.0,0.0,1.0
20.0,57.0,6420.0,5.0,1952.0,1952.0,210.0,219.0,980.0,1148.0,0.0,1148.0,1.0,6.0,0.0,1952.0,1.0,308.0,0.0,2128.0,1.5,0.0,54.0,54.0,5740.0,308.0,0.0,0.0,1.0,1.0,1.0,0.0,0.0,0.0,0.0,0.0,1.0,1.0,0.0,1.0
20.0,64.0,6762.0,7.0,2006.0,2006.0,0.0,1286.0,1286.0,1294.0,0.0,1294.0,2.0,6.0,1.0,2006.0,2.0,662.0,55.0,2580.0,2.0,223.0,0.0,0.0,9058.0,1324.0,1.0,1.0,0.0,1.0,0.0,1.0,0.0,0.0,1.0,1.0,0.0,0.0,0.0,0.0
50.0,52.0,9439.0,5.0,1930.0,1950.0,324.0,588.0,912.0,912.0,336.0,1248.0,1.0,6.0,0.0,1957.0,1.0,160.0,0.0,2160.0,1.0,192.0,77.0,57.0,6240.0,160.0,0.0,0.0,1.0,0.0,0.0,0.0,1.0,0.0,0.0,0.0,1.0,1.0,0.0,1.0
80.0,70.34384858044164,7750.0,8.0,2002.0,2002.0,353.0,55.0,408.0,779.0,640.0,1419.0,2.0,7.0,1.0,2002.0,2.0,527.0,0.0,1827.0,3.5,120.0,7.0,7.0,11352.0,1054.0,1.0,1.0,0.0,1.0,0.0,1.0,0.0,1.0,1.0,1.0,0.0,0.0,1.0,0.0
20.0,70.34384858044164,12546.0,6.0,1981.0,1981.0,678.0,762.0,1440.0,1440.0,0.0,1440.0,2.0,7.0,1.0,1981.0,2.0,467.0,0.0,2880.0,2.0,99.0,26.0,26.0,8640.0,934.0,0.0,1.0,0.0,0.0,0.0,1.0,0.0,0.0,1.0,1.0,0.0,0.0,1.0,0.0
20.0,90.0,17217.0,5.0,2006.0,2006.0,0.0,1140.0,1140.0,1140.0,0.0,1140.0,1.0,6.0,0.0,1978.6621376811595,0.0,0.0,56.0,2280.0,1.0,92.0,0.0,0.0,5700.0,0.0,1.0,0.0,1.0,1.0,0.0,1.0,0.0,0.0,1.0,0.0,1.0,0.0,0.0,1.0
60.0,70.34384858044164,10382.0,7.0,1973.0,1973.0,859.0,216.0,1107.0,1107.0,983.0,2090.0,2.0,7.0,2.0,1973.0,2.0,484.0,204.0,3197.0,3.5,667.0,36.0,36.0,14630.0,968.0,0.0,0.0,1.0,0.0,0.0,1.0,0.0,0.0,1.0,0.0,1.0,0.0,0.0,0.0
60.0,72.0,7226.0,7.0,2003.0,2003.0,0.0,798.0,798.0,798.0,842.0,1640.0,2.0,6.0,0.0,2003.0,2.0,595.0,45.0,2438.0,2.5,45.0,5.0,5.0,11480.0,1190.0,1.0,1.0,0.0,1.0,0.0,1.0,0.0,0.0,1.0,1.0,0.0,0.0,0.0,0.0
20.0,65.0,8125.0,6.0,1994.0,1998.0,1138.0,270.0,1408.0,1679.0,0.0,1679.0,2.0,7.0,1.0,1994.0,2.0,575.0,42.0,3087.0,3.0,266.0,14.0,10.0,10074.0,1150.0,0.0,0.0,1.0,1.0,0.0,1.0,0.0,1.0,1.0,1.0,0.0,0.0,0.0,0.0
50.0,60.0,6000.0,6.0,1941.0,1950.0,375.0,360.0,735.0,869.0,349.0,1218.0,1.0,6.0,1.0,2003.0,2.0,440.0,0.0,1953.0,1.5,0.0,66.0,57.0,7308.0,880.0,0.0,0.0,1.0,0.0,0.0,0.0,1.0,0.0,1.0,0.0,1.0,1.0,0.0,1.0
120.0,44.0,4224.0,5.0,1976.0,1976.0,874.0,268.0,1142.0,1142.0,0.0,1142.0,1.0,6.0,1.0,1976.0,2.0,528.0,90.0,2284.0,2.5,626.0,31.0,31.0,5710.0,1056.0,0.0,0.0,1.0,1.0,0.0,1.0,0.0,0.0,0.0,0.0,1.0,0.0,1.0,0.0
85.0,70.34384858044164,9101.0,5.0,1978.0,1978.0,1097.0,0.0,1097.0,1110.0,0.0,1110.0,1.0,4.0,1.0,1978.0,2.0,602.0,30.0,2207.0,2.0,333.0,31.0,31.0,5550.0,1204.0,0.0,0.0,1.0,1.0,0.0,1.0,0.0,1.0,1.0,1.0,0.0,0.0,1.0,0.0
190.0,68.0,10880.0,5.0,1950.0,1950.0,1040.0,124.0,1164.0,1164.0,0.0,1164.0,1.0,5.0,0.0,1950.0,1.0,240.0,48.0,2328.0,2.0,48.0,58.0,58.0,5820.0,240.0,0.0,0.0,1.0,0.0,0.0,0.0,1.0,0.0,0.0,0.0,1.0,1.0,0.0,1.0
70.0,60.0,6402.0,5.0,1920.0,1950.0,0.0,596.0,596.0,596.0,596.0,1192.0,1.0,6.0,0.0,1920.0,1.0,189.0,0.0,1788.0,1.0,137.0,89.0,59.0,5960.0,189.0,0.0,0.0,1.0,1.0,0.0,0.0,1.0,0.0,0.0,0.0,1.0,1.0,0.0,1.0
20.0,63.0,8500.0,7.0,2004.0,2004.0,0.0,1422.0,1422.0,1422.0,0.0,1422.0,2.0,7.0,0.0,2004.0,2.0,626.0,60.0,2844.0,2.0,252.0,3.0,3.0,9954.0,1252.0,1.0,1.0,0.0,1.0,0.0,1.0,0.0,0.0,1.0,1.0,0.0,0.0,0.0,0.0
20.0,57.0,9764.0,5.0,1967.0,2003.0,702.0,192.0,894.0,894.0,0.0,894.0,1.0,5.0,0.0,1967.0,2.0,450.0,0.0,1788.0,2.0,0.0,41.0,5.0,4470.0,900.0,1.0,0.0,1.0,0.0,0.0,0.0,1.0,0.0,1.0,1.0,0.0,0.0,0.0,0.0
60.0,85.0,10574.0,8.0,2005.0,2006.0,0.0,1082.0,1082.0,1082.0,871.0,1953.0,2.0,9.0,1.0,2005.0,3.0,1043.0,50.0,3035.0,2.5,210.0,4.0,3.0,15624.0,3129.0,1.0,1.0,0.0,1.0,0.0,1.0,0.0,0.0,1.0,1.0,0.0,0.0,0.0,0.0
60.0,80.0,12435.0,7.0,2001.0,2001.0,361.0,602.0,963.0,963.0,829.0,1792.0,2.0,7.0,1.0,2001.0,2.0,564.0,96.0,2755.0,2.5,341.0,7.0,7.0,12544.0,1128.0,1.0,1.0,0.0,1.0,0.0,1.0,0.0,1.0,1.0,1.0,0.0,0.0,0.0,0.0
190.0,60.0,12180.0,4.0,1941.0,1950.0,348.0,324.0,672.0,672.0,252.0,924.0,1.0,5.0,0.0,1941.0,1.0,280.0,0.0,1596.0,2.0,0.0,69.0,60.0,3696.0,280.0,0.0,0.0,1.0,0.0,0.0,1.0,0.0,0.0,0.0,0.0,0.0,1.0,0.0,1.0
120.0,50.0,7175.0,6.0,1984.0,1984.0,623.0,0.0,744.0,752.0,0.0,752.0,1.0,4.0,0.0,1984.0,1.0,264.0,0.0,1496.0,2.0,443.0,26.0,26.0,4512.0,264.0,0.0,0.0,1.0,0.0,0.0,1.0,0.0,0.0,0.0,0.0,1.0,0.0,0.0,1.0
70.0,75.0,13125.0,7.0,1940.0,1984.0,410.0,390.0,800.0,960.0,780.0,1740.0,1.0,6.0,2.0,1940.0,1.0,240.0,0.0,2540.0,1.5,0.0,67.0,23.0,12180.0,240.0,0.0,0.0,1.0,0.0,0.0,0.0,1.0,0.0,0.0,0.0,1.0,0.0,0.0,1.0
60.0,70.34384858044164,9636.0,6.0,1992.0,1993.0,0.0,808.0,808.0,808.0,785.0,1593.0,2.0,7.0,1.0,1993.0,2.0,389.0,40.0,2401.0,2.5,382.0,17.0,16.0,9558.0,778.0,1.0,0.0,1.0,1.0,0.0,1.0,0.0,0.0,0.0,0.0,1.0,0.0,0.0,0.0
50.0,71.0,8520.0,5.0,1952.0,1952.0,507.0,403.0,910.0,910.0,475.0,1385.0,2.0,6.0,0.0,2000.0,2.0,720.0,0.0,2295.0,2.0,0.0,58.0,58.0,6925.0,1440.0,0.0,0.0,1.0,0.0,0.0,0.0,1.0,0.0,0.0,0.0,1.0,1.0,0.0,1.0
20.0,62.0,7500.0,7.0,2005.0,2005.0,0.0,1257.0,1257.0,1266.0,0.0,1266.0,2.0,6.0,1.0,2005.0,2.0,453.0,144.0,2523.0,2.0,182.0,1.0,1.0,8862.0,906.0,1.0,1.0,0.0,1.0,0.0,1.0,0.0,0.0,1.0,1.0,0.0,0.0,0.0,1.0
60.0,168.0,23257.0,7.0,2006.0,2006.0,0.0,868.0,868.0,887.0,1134.0,2021.0,2.0,9.0,1.0,2006.0,2.0,422.0,100.0,2889.0,2.5,100.0,0.0,0.0,14147.0,844.0,1.0,1.0,0.0,1.0,1.0,0.0,0.0,0.0,1.0,1.0,0.0,0.0,0.0,0.0
20.0,80.0,9650.0,6.0,1977.0,1977.0,686.0,664.0,1350.0,1334.0,0.0,1334.0,2.0,6.0,1.0,1977.0,2.0,630.0,16.0,2684.0,2.5,16.0,32.0,32.0,8004.0,1260.0,0.0,0.0,1.0,0.0,0.0,1.0,0.0,0.0,0.0,0.0,1.0,0.0,0.0,0.0
160.0,24.0,2160.0,7.0,1999.0,2000.0,510.0,90.0,600.0,624.0,628.0,1252.0,2.0,4.0,0.0,1999.0,2.0,462.0,48.0,1852.0,3.5,48.0,9.0,8.0,8764.0,924.0,0.0,1.0,0.0,1.0,0.0,1.0,0.0,0.0,1.0,1.0,0.0,1.0,0.0,1.0
50.0,60.0,8520.0,6.0,1916.0,1950.0,168.0,0.0,714.0,1664.0,862.0,2526.0,2.0,10.0,1.0,1916.0,1.0,216.0,15.0,3240.0,2.0,103.0,91.0,57.0,15156.0,216.0,0.0,0.0,1.0,0.0,0.0,0.0,1.0,0.0,0.0,1.0,0.0,1.0,0.0,1.0
20.0,105.0,15431.0,10.0,2008.0,2008.0,1767.0,788.0,3094.0,2402.0,0.0,2402.0,2.0,10.0,2.0,2008.0,3.0,672.0,72.0,5496.0,3.0,242.0,1.0,1.0,24020.0,2016.0,1.0,0.0,0.0,1.0,1.0,0.0,0.0,1.0,1.0,0.0,0.0,0.0,1.0,0.0
70.0,60.0,6155.0,6.0,1920.0,1999.0,0.0,611.0,611.0,751.0,611.0,1362.0,2.0,6.0,0.0,1920.0,2.0,502.0,0.0,1973.0,2.0,84.0,88.0,9.0,8172.0,1004.0,0.0,0.0,1.0,0.0,0.0,0.0,0.0,0.0,1.0,0.0,1.0,1.0,1.0,0.0
60.0,118.0,35760.0,10.0,1995.0,1996.0,1387.0,543.0,1930.0,1831.0,1796.0,3627.0,3.0,10.0,1.0,1995.0,3.0,807.0,76.0,5557.0,4.5,437.0,11.0,10.0,36270.0,2421.0,0.0,1.0,0.0,1.0,1.0,0.0,0.0,1.0,1.0,1.0,0.0,0.0,1.0,0.0
60.0,82.0,9950.0,7.0,1995.0,1995.0,565.0,638.0,1203.0,1214.0,1306.0,2520.0,2.0,9.0,1.0,1995.0,3.0,721.0,114.0,3723.0,2.5,338.0,12.0,12.0,17640.0,2163.0,1.0,1.0,0.0,1.0,0.0,1.0,0.0,1.0,1.0,1.0,0.0,0.0,0.0,0.0
20.0,74.0,10206.0,3.0,1952.0,1952.0,0.0,0.0,0.0,944.0,0.0,944.0,1.0,4.0,0.0,1956.0,2.0,528.0,0.0,944.0,1.0,0.0,57.0,57.0,2832.0,1056.0,0.0,0.0,1.0,0.0,0.0,0.0,1.0,0.0,0.0,0.0,0.0,1.0,0.0,1.0
20.0,70.0,8521.0,5.0,1967.0,1967.0,842.0,70.0,912.0,912.0,0.0,912.0,1.0,5.0,1.0,1974.0,1.0,336.0,0.0,1824.0,1.0,0.0,43.0,43.0,4560.0,336.0,0.0,0.0,1.0,0.0,0.0,0.0,1.0,0.0,0.0,0.0,1.0,1.0,0.0,1.0
60.0,65.0,8125.0,7.0,2005.0,2006.0,0.0,756.0,756.0,756.0,797.0,1553.0,2.0,6.0,0.0,2005.0,2.0,615.0,45.0,2309.0,2.5,45.0,1.0,0.0,10871.0,1230.0,1.0,1.0,0.0,1.0,0.0,1.0,0.0,0.0,1.0,1.0,0.0,0.0,0.0,0.0
20.0,75.0,10215.0,4.0,1954.0,1954.0,492.0,372.0,864.0,948.0,0.0,948.0,1.0,5.0,0.0,1954.0,1.0,248.0,0.0,1812.0,1.0,0.0,53.0,53.0,3792.0,248.0,0.0,0.0,1.0,1.0,0.0,0.0,1.0,0.0,1.0,0.0,1.0,0.0,0.0,1.0
60.0,72.0,8640.0,7.0,2009.0,2009.0,822.0,78.0,900.0,932.0,920.0,1852.0,2.0,7.0,1.0,2009.0,2.0,644.0,108.0,2752.0,3.5,276.0,0.0,0.0,12964.0,1288.0,1.0,0.0,1.0,1.0,0.0,1.0,0.0,1.0,1.0,1.0,0.0,0.0,0.0,0.0
50.0,60.0,10440.0,5.0,1910.0,1981.0,0.0,440.0,440.0,682.0,548.0,1230.0,1.0,5.0,0.0,1966.0,2.0,440.0,0.0,1670.0,1.5,202.0,99.0,28.0,6150.0,880.0,0.0,0.0,1.0,1.0,0.0,0.0,1.0,0.0,0.0,0.0,1.0,1.0,0.0,1.0
20.0,63.0,7500.0,7.0,2004.0,2005.0,680.0,400.0,1080.0,1080.0,0.0,1080.0,1.0,6.0,0.0,1978.6621376811595,0.0,0.0,0.0,2160.0,2.0,0.0,4.0,3.0,7560.0,0.0,1.0,0.0,1.0,1.0,0.0,1.0,0.0,1.0,1.0,1.0,0.0,0.0,0.0,1.0
50.0,45.0,8248.0,5.0,1918.0,1950.0,0.0,686.0,686.0,686.0,564.0,1250.0,1.0,7.0,0.0,1955.0,1.0,280.0,0.0,1936.0,2.0,303.0,88.0,56.0,6250.0,280.0,0.0,0.0,1.0,0.0,0.0,0.0,1.0,0.0,0.0,0.0,0.0,1.0,0.0,1.0
60.0,80.0,9760.0,6.0,1964.0,1964.0,674.0,0.0,780.0,798.0,813.0,1611.0,1.0,7.0,0.0,1964.0,2.0,442.0,128.0,2391.0,2.5,645.0,44.0,44.0,9666.0,884.0,0.0,0.0,1.0,0.0,0.0,0.0,1.0,1.0,0.0,0.0,1.0,0.0,0.0,0.0
60.0,80.0,9938.0,7.0,1993.0,1994.0,750.0,300.0,1050.0,1062.0,887.0,1949.0,2.0,8.0,1.0,1993.0,2.0,574.0,90.0,2999.0,3.5,246.0,17.0,16.0,13643.0,1148.0,0.0,1.0,0.0,1.0,0.0,1.0,0.0,1.0,1.0,1.0,0.0,0.0,1.0,0.0
70.0,54.0,6629.0,6.0,1925.0,1950.0,551.0,121.0,672.0,697.0,672.0,1369.0,2.0,6.0,0.0,1930.0,1.0,300.0,0.0,2041.0,3.0,147.0,84.0,59.0,8214.0,300.0,0.0,0.0,1.0,0.0,0.0,0.0,1.0,0.0,0.0,0.0,1.0,1.0,0.0,1.0
80.0,70.34384858044164,9125.0,7.0,1992.0,1992.0,0.0,384.0,384.0,812.0,670.0,1482.0,2.0,7.0,1.0,1992.0,2.0,392.0,25.0,1866.0,2.5,125.0,15.0,15.0,10374.0,784.0,0.0,0.0,1.0,1.0,0.0,1.0,0.0,0.0,0.0,1.0,0.0,0.0,1.0,0.0
45.0,58.0,6380.0,5.0,1922.0,1950.0,0.0,993.0,993.0,1048.0,0.0,1048.0,1.0,5.0,1.0,1922.0,1.0,280.0,0.0,2041.0,1.0,116.0,84.0,56.0,5240.0,280.0,0.0,0.0,1.0,0.0,0.0,0.0,1.0,0.0,0.0,0.0,1.0,1.0,0.0,1.0
20.0,72.0,8640.0,7.0,2007.0,2008.0,0.0,1372.0,1372.0,1372.0,0.0,1372.0,2.0,6.0,0.0,2008.0,2.0,529.0,140.0,2744.0,2.0,140.0,1.0,0.0,9604.0,1058.0,1.0,1.0,0.0,1.0,1.0,0.0,0.0,0.0,1.0,1.0,0.0,0.0,1.0,0.0
20.0,70.34384858044164,6853.0,8.0,2001.0,2002.0,1005.0,262.0,1267.0,1296.0,0.0,1296.0,2.0,6.0,0.0,2001.0,2.0,471.0,25.0,2563.0,3.0,217.0,8.0,7.0,10368.0,942.0,1.0,1.0,0.0,1.0,1.0,0.0,0.0,1.0,1.0,1.0,0.0,0.0,1.0,0.0
20.0,65.0,8775.0,5.0,1994.0,1994.0,495.0,495.0,990.0,990.0,0.0,990.0,1.0,5.0,0.0,1996.0,1.0,299.0,64.0,1980.0,1.0,64.0,13.0,13.0,4950.0,299.0,1.0,0.0,1.0,1.0,0.0,1.0,0.0,1.0,0.0,0.0,1.0,0.0,0.0,1.0
50.0,60.0,9900.0,6.0,1940.0,1950.0,0.0,778.0,778.0,944.0,545.0,1489.0,2.0,7.0,1.0,1940.0,1.0,240.0,0.0,2267.0,2.0,335.0,69.0,59.0,8934.0,240.0,1.0,0.0,1.0,0.0,0.0,0.0,1.0,0.0,0.0,0.0,1.0,1.0,0.0,1.0
60.0,109.0,14154.0,7.0,2006.0,2006.0,0.0,1063.0,1063.0,1071.0,1101.0,2172.0,2.0,9.0,1.0,2006.0,3.0,947.0,62.0,3235.0,2.5,254.0,1.0,1.0,15204.0,2841.0,1.0,1.0,0.0,1.0,1.0,0.0,0.0,0.0,1.0,1.0,0.0,0.0,0.0,0.0
20.0,43.0,3182.0,7.0,2007.0,2007.0,0.0,1266.0,1266.0,1266.0,0.0,1266.0,2.0,6.0,1.0,2007.0,2.0,388.0,16.0,2532.0,2.0,116.0,1.0,1.0,8862.0,776.0,1.0,1.0,0.0,1.0,0.0,1.0,0.0,0.0,1.0,1.0,0.0,0.0,1.0,0.0
20.0,75.0,7862.0,6.0,2009.0,2009.0,27.0,1191.0,1218.0,1218.0,0.0,1218.0,2.0,4.0,0.0,2009.0,2.0,676.0,102.0,2436.0,2.0,102.0,0.0,0.0,7308.0,1352.0,1.0,1.0,0.0,1.0,0.0,1.0,0.0,1.0,1.0,1.0,0.0,0.0,1.0,0.0
20.0,57.0,8280.0,6.0,1950.0,1950.0,0.0,932.0,932.0,932.0,0.0,932.0,1.0,4.0,1.0,1950.0,1.0,306.0,0.0,1864.0,1.0,214.0,57.0,57.0,5592.0,306.0,0.0,0.0,1.0,0.0,0.0,0.0,1.0,0.0,1.0,1.0,0.0,0.0,0.0,1.0
160.0,24.0,2308.0,6.0,1974.0,1974.0,257.0,103.0,855.0,855.0,467.0,1322.0,2.0,6.0,1.0,1974.0,2.0,440.0,0.0,2177.0,3.0,260.0,35.0,35.0,7932.0,880.0,0.0,0.0,1.0,0.0,0.0,0.0,1.0,0.0,0.0,0.0,1.0,0.0,0.0,1.0
50.0,59.0,5310.0,6.0,1910.0,2003.0,0.0,485.0,485.0,1001.0,634.0,1635.0,1.0,5.0,0.0,1950.0,1.0,255.0,0.0,2120.0,1.0,394.0,96.0,3.0,9810.0,255.0,1.0,0.0,1.0,0.0,0.0,0.0,1.0,0.0,0.0,1.0,0.0,0.0,0.0,1.0
20.0,70.34384858044164,17600.0,6.0,1960.0,1960.0,1270.0,208.0,1478.0,1478.0,0.0,1478.0,2.0,6.0,2.0,1960.0,2.0,498.0,40.0,2956.0,3.0,40.0,49.0,49.0,8868.0,996.0,0.0,0.0,1.0,0.0,0.0,0.0,1.0,0.0,1.0,0.0,1.0,0.0,0.0,1.0
50.0,58.0,8410.0,5.0,1910.0,1996.0,0.0,658.0,658.0,658.0,526.0,1184.0,1.0,8.0,0.0,1978.6621376811595,0.0,0.0,151.0,1842.0,1.0,151.0,96.0,10.0,5920.0,0.0,1.0,0.0,1.0,1.0,0.0,0.0,1.0,0.0,0.0,0.0,1.0,0.0,0.0,1.0
60.0,65.0,8450.0,7.0,2003.0,2003.0,706.0,150.0,856.0,856.0,854.0,1710.0,2.0,8.0,0.0,2003.0,2.0,548.0,61.0,2566.0,3.5,61.0,5.0,5.0,11970.0,1096.0,1.0,1.0,0.0,1.0,0.0,1.0,0.0,1.0,1.0,1.0,0.0,0.0,0.0,0.0
85.0,70.34384858044164,7540.0,6.0,1978.0,1978.0,773.0,115.0,888.0,912.0,0.0,912.0,1.0,5.0,1.0,1978.0,2.0,470.0,0.0,1800.0,2.0,192.0,29.0,29.0,5472.0,940.0,1.0,0.0,1.0,0.0,0.0,1.0,0.0,1.0,1.0,0.0,1.0,0.0,0.0,0.0
60.0,70.34384858044164,28698.0,5.0,1967.0,1967.0,249.0,0.0,1013.0,1160.0,966.0,2126.0,2.0,7.0,0.0,1967.0,2.0,538.0,0.0,3139.0,3.0,711.0,42.0,42.0,10630.0,1076.0,0.0,0.0,1.0,1.0,0.0,0.0,1.0,0.0,0.0,0.0,1.0,0.0,1.0,0.0
80.0,73.0,9735.0,5.0,2006.0,2007.0,0.0,384.0,384.0,754.0,640.0,1394.0,2.0,7.0,0.0,2007.0,2.0,400.0,0.0,1778.0,2.5,100.0,2.0,1.0,6970.0,800.0,1.0,0.0,1.0,1.0,0.0,1.0,0.0,0.0,0.0,1.0,0.0,0.0,1.0,0.0
20.0,80.0,8480.0,5.0,1963.0,1963.0,630.0,340.0,970.0,970.0,0.0,970.0,1.0,5.0,0.0,1996.0,2.0,624.0,24.0,1940.0,2.0,216.0,44.0,44.0,4850.0,1248.0,0.0,0.0,1.0,0.0,0.0,0.0,1.0,1.0,0.0,0.0,1.0,1.0,0.0,1.0
80.0,70.34384858044164,12328.0,6.0,1976.0,1976.0,539.0,473.0,1012.0,1034.0,0.0,1034.0,1.0,6.0,0.0,1976.0,3.0,888.0,0.0,2046.0,2.0,0.0,34.0,34.0,6204.0,2664.0,0.0,0.0,1.0,0.0,0.0,0.0,1.0,1.0,0.0,0.0,1.0,0.0,0.0,1.0
60.0,89.0,11645.0,7.0,2004.0,2004.0,0.0,860.0,860.0,860.0,860.0,1720.0,2.0,7.0,0.0,2004.0,2.0,565.0,70.0,2580.0,2.5,70.0,2.0,2.0,12040.0,1130.0,1.0,1.0,0.0,1.0,0.0,1.0,0.0,0.0,1.0,1.0,0.0,0.0,0.0,0.0
190.0,50.0,6000.0,5.0,1954.0,1954.0,0.0,811.0,811.0,811.0,576.0,1387.0,2.0,7.0,0.0,1954.0,1.0,256.0,0.0,2198.0,2.0,0.0,55.0,55.0,6935.0,256.0,0.0,0.0,1.0,0.0,0.0,0.0,1.0,0.0,0.0,1.0,0.0,0.0,0.0,1.0
80.0,124.0,11512.0,6.0,1959.0,2006.0,719.0,300.0,1019.0,1357.0,0.0,1357.0,1.0,5.0,1.0,1959.0,1.0,312.0,0.0,2376.0,2.0,163.0,49.0,2.0,8142.0,312.0,0.0,0.0,1.0,0.0,0.0,0.0,1.0,0.0,0.0,0.0,0.0,0.0,0.0,0.0
20.0,73.0,9300.0,5.0,1960.0,1960.0,697.0,571.0,1268.0,1264.0,0.0,1264.0,1.0,6.0,2.0,1960.0,2.0,461.0,0.0,2532.0,2.0,143.0,50.0,50.0,6320.0,922.0,0.0,0.0,1.0,0.0,0.0,0.0,1.0,0.0,0.0,0.0,1.0,0.0,0.0,1.0
60.0,149.0,12589.0,6.0,2005.0,2005.0,0.0,742.0,742.0,742.0,742.0,1484.0,2.0,8.0,1.0,2005.0,2.0,390.0,24.0,2226.0,2.5,60.0,4.0,4.0,8904.0,780.0,1.0,1.0,0.0,1.0,0.0,1.0,0.0,0.0,1.0,1.0,0.0,0.0,1.0,0.0
160.0,44.0,5306.0,7.0,1987.0,1987.0,495.0,354.0,1064.0,1064.0,703.0,1767.0,2.0,5.0,1.0,1987.0,2.0,504.0,35.0,2831.0,3.0,476.0,19.0,19.0,12369.0,1008.0,0.0,1.0,0.0,1.0,0.0,1.0,0.0,1.0,0.0,1.0,0.0,0.0,0.0,0.0
30.0,70.0,5684.0,6.0,1930.0,2005.0,0.0,813.0,813.0,813.0,0.0,813.0,1.0,5.0,0.0,1932.0,1.0,270.0,113.0,1626.0,1.0,113.0,76.0,1.0,4878.0,270.0,0.0,0.0,1.0,0.0,0.0,0.0,1.0,0.0,1.0,1.0,0.0,1.0,0.0,1.0
190.0,60.0,6780.0,6.0,1935.0,1982.0,490.0,30.0,520.0,520.0,0.0,754.0,1.0,5.0,0.0,1978.6621376811595,0.0,0.0,0.0,1040.0,2.0,53.0,71.0,24.0,4524.0,0.0,0.0,0.0,1.0,0.0,0.0,0.0,1.0,1.0,0.0,0.0,1.0,0.0,0.0,1.0
20.0,313.0,27650.0,7.0,1960.0,2007.0,425.0,160.0,585.0,2069.0,0.0,2069.0,2.0,9.0,1.0,1960.0,2.0,505.0,0.0,2654.0,3.0,0.0,48.0,1.0,14483.0,1010.0,0.0,0.0,1.0,0.0,0.0,1.0,0.0,1.0,1.0,1.0,0.0,0.0,0.0,0.0
80.0,85.0,10200.0,6.0,1988.0,1989.0,783.0,678.0,1461.0,1509.0,0.0,1509.0,2.0,5.0,1.0,1988.0,2.0,600.0,0.0,2970.0,3.0,224.0,20.0,19.0,9054.0,1200.0,0.0,1.0,0.0,0.0,0.0,1.0,0.0,1.0,1.0,1.0,0.0,0.0,0.0,0.0
60.0,65.0,8125.0,6.0,1994.0,1995.0,0.0,702.0,702.0,702.0,779.0,1481.0,2.0,6.0,1.0,1994.0,2.0,343.0,36.0,2183.0,2.5,36.0,15.0,14.0,8886.0,686.0,0.0,0.0,1.0,1.0,0.0,1.0,0.0,0.0,0.0,0.0,1.0,0.0,1.0,0.0
190.0,60.0,9873.0,4.0,1970.0,1970.0,789.0,171.0,960.0,960.0,0.0,960.0,1.0,6.0,0.0,1970.0,2.0,576.0,288.0,1920.0,2.0,288.0,36.0,36.0,3840.0,1152.0,0.0,0.0,1.0,0.0,0.0,0.0,1.0,0.0,0.0,0.0,1.0,1.0,0.0,1.0
20.0,60.0,7200.0,4.0,1950.0,1950.0,0.0,0.0,0.0,1040.0,0.0,1040.0,1.0,4.0,0.0,1950.0,2.0,420.0,29.0,1040.0,1.0,29.0,56.0,56.0,4160.0,840.0,0.0,0.0,1.0,0.0,0.0,0.0,1.0,0.0,0.0,0.0,1.0,1.0,0.0,1.0
90.0,60.0,7200.0,4.0,1949.0,1950.0,0.0,0.0,0.0,1040.0,0.0,1040.0,2.0,6.0,0.0,1956.0,2.0,420.0,0.0,1040.0,2.0,0.0,60.0,59.0,4160.0,840.0,0.0,0.0,1.0,0.0,0.0,0.0,1.0,0.0,0.0,0.0,1.0,1.0,0.0,1.0
70.0,54.0,7588.0,7.0,1920.0,1950.0,352.0,441.0,793.0,901.0,901.0,1802.0,1.0,9.0,1.0,1920.0,1.0,216.0,0.0,2595.0,1.5,40.0,86.0,56.0,12614.0,216.0,0.0,0.0,1.0,0.0,0.0,0.0,0.0,0.0,0.0,0.0,1.0,1.0,0.0,1.0
60.0,75.0,9000.0,8.0,2007.0,2007.0,64.0,1120.0,1184.0,1184.0,1426.0,2610.0,2.0,11.0,1.0,2007.0,2.0,550.0,364.0,3794.0,2.5,572.0,0.0,0.0,20880.0,1100.0,0.0,1.0,0.0,1.0,0.0,1.0,0.0,1.0,1.0,0.0,0.0,0.0,1.0,0.0
20.0,134.0,17755.0,5.0,1959.0,1959.0,176.0,1290.0,1466.0,1466.0,0.0,1466.0,1.0,6.0,2.0,1959.0,2.0,528.0,140.0,2932.0,1.5,240.0,47.0,47.0,7330.0,1056.0,0.0,0.0,1.0,0.0,0.0,0.0,1.0,0.0,0.0,0.0,0.0,0.0,1.0,0.0
50.0,60.0,10800.0,5.0,1915.0,1950.0,686.0,0.0,686.0,966.0,686.0,1652.0,2.0,7.0,0.0,1961.0,1.0,416.0,0.0,2338.0,3.0,196.0,95.0,60.0,8260.0,416.0,0.0,0.0,1.0,1.0,0.0,0.0,0.0,0.0,0.0,0.0,1.0,1.0,0.0,1.0
60.0,59.0,11228.0,7.0,1993.0,1993.0,50.0,499.0,1080.0,1080.0,1017.0,2097.0,2.0,9.0,1.0,1993.0,3.0,678.0,187.0,3177.0,3.0,383.0,15.0,15.0,14679.0,2034.0,1.0,1.0,0.0,1.0,0.0,1.0,0.0,0.0,1.0,1.0,0.0,0.0,0.0,1.0
120.0,44.0,4750.0,8.0,2006.0,2007.0,1573.0,0.0,1573.0,1625.0,0.0,1625.0,2.0,5.0,1.0,2006.0,2.0,538.0,0.0,3198.0,3.5,276.0,1.0,0.0,13000.0,1076.0,1.0,1.0,0.0,1.0,0.0,1.0,0.0,1.0,1.0,1.0,0.0,0.0,1.0,0.0
50.0,81.0,15593.0,7.0,1953.0,1953.0,603.0,701.0,1304.0,1304.0,983.0,2287.0,2.0,7.0,1.0,1953.0,2.0,667.0,21.0,3591.0,2.0,135.0,53.0,53.0,16009.0,1334.0,0.0,1.0,0.0,0.0,0.0,0.0,1.0,0.0,0.0,0.0,1.0,0.0,1.0,0.0
60.0,107.0,13891.0,9.0,2008.0,2009.0,0.0,1734.0,1734.0,1734.0,1088.0,2822.0,3.0,12.0,1.0,2009.0,3.0,1020.0,170.0,4556.0,3.5,414.0,1.0,0.0,25398.0,3060.0,1.0,0.0,0.0,1.0,1.0,0.0,0.0,0.0,1.0,0.0,0.0,0.0,0.0,0.0
60.0,70.34384858044164,12224.0,6.0,2000.0,2000.0,695.0,297.0,992.0,1022.0,1032.0,2054.0,2.0,7.0,1.0,2000.0,2.0,390.0,48.0,3046.0,3.5,72.0,9.0,9.0,12324.0,780.0,1.0,1.0,0.0,1.0,0.0,1.0,0.0,1.0,1.0,1.0,0.0,0.0,0.0,0.0
190.0,90.0,15750.0,5.0,1953.0,1953.0,841.0,324.0,1165.0,1336.0,0.0,1336.0,1.0,5.0,2.0,1953.0,1.0,375.0,0.0,2501.0,2.0,0.0,53.0,53.0,6680.0,375.0,0.0,0.0,1.0,0.0,0.0,0.0,1.0,0.0,0.0,0.0,1.0,0.0,0.0,1.0
20.0,68.0,9450.0,4.0,1954.0,1954.0,552.0,342.0,894.0,894.0,0.0,894.0,1.0,5.0,0.0,1999.0,2.0,400.0,0.0,1788.0,1.0,0.0,53.0,53.0,3576.0,800.0,0.0,0.0,1.0,0.0,0.0,0.0,1.0,0.0,1.0,0.0,1.0,1.0,0.0,1.0
120.0,32.0,10846.0,8.0,1993.0,1993.0,1619.0,100.0,1719.0,1719.0,0.0,1719.0,1.0,6.0,2.0,1993.0,2.0,473.0,30.0,3438.0,3.5,152.0,15.0,15.0,13752.0,946.0,0.0,1.0,0.0,1.0,0.0,1.0,0.0,1.0,1.0,1.0,0.0,0.0,1.0,0.0
60.0,81.0,10944.0,7.0,1994.0,1994.0,1000.0,223.0,1223.0,1223.0,904.0,2127.0,2.0,5.0,2.0,1994.0,2.0,525.0,132.0,3350.0,3.5,303.0,14.0,14.0,14889.0,1050.0,1.0,1.0,0.0,1.0,0.0,1.0,0.0,1.0,1.0,1.0,0.0,0.0,0.0,0.0
20.0,80.0,8800.0,6.0,1964.0,1964.0,553.0,698.0,1251.0,1251.0,0.0,1251.0,1.0,6.0,2.0,1964.0,1.0,461.0,116.0,2502.0,2.0,116.0,42.0,42.0,7506.0,461.0,0.0,0.0,1.0,0.0,0.0,0.0,1.0,0.0,0.0,0.0,1.0,0.0,0.0,0.0
20.0,70.0,7535.0,5.0,1958.0,1985.0,111.0,522.0,912.0,912.0,0.0,912.0,1.0,5.0,0.0,1958.0,1.0,297.0,285.0,1824.0,1.5,297.0,49.0,22.0,4560.0,297.0,0.0,0.0,1.0,0.0,0.0,0.0,1.0,0.0,0.0,0.0,1.0,0.0,1.0,0.0
50.0,50.0,5925.0,3.0,1910.0,1950.0,0.0,600.0,600.0,600.0,368.0,968.0,1.0,6.0,0.0,1978.6621376811595,0.0,0.0,0.0,1568.0,1.0,0.0,99.0,59.0,2904.0,0.0,1.0,0.0,1.0,0.0,0.0,0.0,1.0,0.0,0.0,0.0,1.0,0.0,0.0,1.0
60.0,44.0,9548.0,7.0,2003.0,2003.0,483.0,458.0,941.0,941.0,888.0,1829.0,2.0,7.0,1.0,2003.0,2.0,613.0,39.0,2770.0,3.5,231.0,7.0,7.0,12803.0,1226.0,1.0,1.0,0.0,1.0,0.0,1.0,0.0,1.0,1.0,1.0,0.0,0.0,0.0,0.0
60.0,70.34384858044164,18800.0,6.0,1976.0,1976.0,712.0,84.0,796.0,790.0,784.0,1574.0,2.0,6.0,1.0,1976.0,2.0,566.0,111.0,2370.0,3.5,417.0,30.0,30.0,9444.0,1132.0,0.0,0.0,1.0,1.0,0.0,1.0,0.0,1.0,0.0,0.0,1.0,0.0,1.0,0.0
30.0,60.0,7879.0,4.0,1920.0,1950.0,495.0,225.0,720.0,720.0,0.0,720.0,1.0,4.0,0.0,1978.6621376811595,0.0,0.0,523.0,1440.0,1.0,638.0,89.0,59.0,2880.0,0.0,0.0,0.0,1.0,0.0,0.0,0.0,1.0,0.0,0.0,0.0,1.0,0.0,0.0,1.0
20.0,129.0,16737.0,9.0,2004.0,2005.0,1447.0,533.0,1980.0,1980.0,0.0,1980.0,2.0,8.0,1.0,2004.0,3.0,770.0,45.0,3960.0,3.0,239.0,2.0,1.0,17820.0,2310.0,1.0,1.0,0.0,1.0,1.0,0.0,0.0,1.0,1.0,0.0,0.0,0.0,1.0,0.0
20.0,91.0,14145.0,7.0,1984.0,1998.0,213.0,995.0,1208.0,1621.0,0.0,1621.0,2.0,8.0,0.0,1984.0,2.0,440.0,45.0,2829.0,3.0,153.0,22.0,8.0,11347.0,880.0,0.0,1.0,0.0,0.0,0.0,1.0,0.0,0.0,1.0,1.0,0.0,0.0,0.0,0.0
20.0,70.34384858044164,16635.0,6.0,1977.0,2000.0,1246.0,356.0,1602.0,1602.0,0.0,1602.0,2.0,8.0,1.0,1977.0,2.0,529.0,0.0,3204.0,2.5,240.0,32.0,9.0,9612.0,1058.0,0.0,1.0,0.0,0.0,0.0,1.0,0.0,0.0,0.0,1.0,0.0,0.0,1.0,0.0
40.0,40.0,5400.0,6.0,1926.0,2004.0,370.0,779.0,1149.0,1149.0,467.0,1616.0,2.0,5.0,0.0,1926.0,1.0,216.0,0.0,2765.0,2.0,183.0,81.0,3.0,9696.0,216.0,0.0,0.0,1.0,0.0,0.0,0.0,1.0,0.0,0.0,1.0,0.0,1.0,0.0,1.0
20.0,47.0,16321.0,5.0,1957.0,1997.0,1277.0,207.0,1484.0,1600.0,0.0,1600.0,1.0,6.0,2.0,1957.0,1.0,319.0,258.0,3084.0,2.0,546.0,49.0,9.0,8000.0,319.0,0.0,0.0,1.0,0.0,0.0,0.0,1.0,0.0,0.0,0.0,1.0,0.0,0.0,0.0
80.0,70.34384858044164,10448.0,6.0,1972.0,1972.0,0.0,689.0,689.0,1378.0,741.0,2119.0,2.0,7.0,1.0,1972.0,2.0,583.0,104.0,2808.0,2.5,104.0,37.0,37.0,12714.0,1166.0,0.0,0.0,1.0,0.0,0.0,0.0,1.0,0.0,0.0,0.0,1.0,0.0,0.0,0.0
160.0,24.0,2522.0,7.0,2004.0,2004.0,0.0,970.0,970.0,970.0,739.0,1709.0,2.0,7.0,0.0,2004.0,2.0,380.0,40.0,2679.0,2.0,40.0,2.0,2.0,11963.0,760.0,1.0,1.0,0.0,1.0,0.0,1.0,0.0,0.0,1.0,1.0,0.0,1.0,0.0,1.0
20.0,93.0,11160.0,7.0,1968.0,1968.0,1065.0,1045.0,2110.0,2110.0,0.0,2110.0,2.0,8.0,2.0,1968.0,2.0,522.0,0.0,4220.0,3.5,0.0,42.0,42.0,14770.0,1044.0,0.0,1.0,0.0,0.0,0.0,0.0,1.0,0.0,1.0,0.0,0.0,0.0,1.0,0.0
30.0,70.0,4270.0,3.0,1931.0,2006.0,544.0,0.0,544.0,774.0,0.0,774.0,1.0,6.0,0.0,1978.6621376811595,0.0,0.0,0.0,1318.0,1.0,286.0,76.0,1.0,2322.0,0.0,0.0,0.0,1.0,0.0,0.0,0.0,1.0,0.0,1.0,1.0,0.0,0.0,0.0,1.0
30.0,40.0,3636.0,4.0,1922.0,1950.0,0.0,796.0,796.0,796.0,0.0,796.0,1.0,5.0,0.0,1978.6621376811595,0.0,0.0,0.0,1592.0,1.0,100.0,86.0,58.0,3184.0,0.0,0.0,0.0,1.0,0.0,0.0,0.0,1.0,0.0,0.0,0.0,1.0,0.0,0.0,1.0
20.0,70.34384858044164,16669.0,8.0,1981.0,1981.0,0.0,1686.0,1686.0,1707.0,0.0,1707.0,2.0,6.0,1.0,1981.0,2.0,511.0,64.0,3393.0,2.5,638.0,25.0,25.0,13656.0,1022.0,0.0,1.0,0.0,0.0,0.0,1.0,0.0,0.0,0.0,0.0,1.0,0.0,0.0,0.0
60.0,86.0,10562.0,8.0,2007.0,2007.0,1288.0,294.0,1582.0,1610.0,551.0,2161.0,1.0,8.0,1.0,2007.0,3.0,789.0,120.0,3743.0,2.5,298.0,0.0,0.0,17288.0,2367.0,1.0,1.0,0.0,1.0,1.0,0.0,0.0,1.0,1.0,0.0,0.0,0.0,1.0,0.0
60.0,70.0,8750.0,7.0,1996.0,1996.0,0.0,880.0,880.0,909.0,807.0,1716.0,2.0,7.0,1.0,1996.0,2.0,512.0,120.0,2596.0,2.5,120.0,13.0,13.0,12012.0,1024.0,1.0,1.0,0.0,1.0,0.0,1.0,0.0,0.0,1.0,1.0,0.0,0.0,0.0,0.0
20.0,80.0,10197.0,6.0,1961.0,1961.0,288.0,700.0,1362.0,1362.0,0.0,1362.0,1.0,6.0,1.0,1961.0,2.0,504.0,20.0,2724.0,2.5,20.0,47.0,47.0,8172.0,1008.0,0.0,0.0,1.0,0.0,0.0,0.0,1.0,0.0,0.0,0.0,1.0,0.0,0.0,1.0
60.0,70.34384858044164,9531.0,6.0,1998.0,1998.0,706.0,88.0,794.0,882.0,914.0,1796.0,2.0,7.0,0.0,1998.0,2.0,546.0,36.0,2590.0,3.5,36.0,9.0,9.0,10776.0,1092.0,1.0,0.0,1.0,1.0,0.0,1.0,0.0,1.0,1.0,0.0,1.0,0.0,0.0,0.0
120.0,64.0,5587.0,8.0,2008.0,2008.0,1480.0,120.0,1600.0,1652.0,0.0,1652.0,2.0,5.0,1.0,2008.0,2.0,482.0,53.0,3252.0,3.5,368.0,0.0,0.0,13216.0,964.0,0.0,0.0,0.0,1.0,1.0,0.0,0.0,1.0,1.0,1.0,0.0,0.0,1.0,0.0
70.0,50.0,9000.0,7.0,1920.0,1988.0,624.0,26.0,650.0,832.0,650.0,1482.0,1.0,7.0,0.0,1930.0,2.0,324.0,0.0,2132.0,1.5,0.0,89.0,21.0,10374.0,648.0,1.0,0.0,1.0,1.0,0.0,0.0,1.0,0.0,1.0,0.0,1.0,1.0,0.0,1.0
30.0,51.0,6120.0,5.0,1925.0,1950.0,489.0,279.0,768.0,1015.0,0.0,1015.0,1.0,6.0,0.0,1925.0,1.0,450.0,0.0,1783.0,1.0,232.0,81.0,56.0,5075.0,450.0,0.0,0.0,1.0,0.0,0.0,0.0,1.0,0.0,0.0,0.0,1.0,1.0,0.0,1.0
50.0,79.0,9490.0,6.0,1941.0,1950.0,403.0,238.0,806.0,958.0,620.0,1578.0,1.0,5.0,2.0,1941.0,1.0,240.0,0.0,2384.0,2.0,32.0,65.0,56.0,9468.0,240.0,0.0,0.0,1.0,0.0,0.0,0.0,1.0,0.0,0.0,0.0,0.0,0.0,0.0,1.0
20.0,85.0,10200.0,5.0,1954.0,2003.0,320.0,404.0,1086.0,1086.0,0.0,1086.0,1.0,6.0,0.0,1989.0,2.0,490.0,0.0,2172.0,2.0,0.0,56.0,7.0,5430.0,980.0,0.0,0.0,1.0,0.0,0.0,0.0,1.0,0.0,0.0,0.0,1.0,0.0,0.0,1.0
160.0,21.0,1680.0,6.0,1971.0,1971.0,0.0,672.0,672.0,672.0,546.0,1218.0,1.0,7.0,0.0,1978.6621376811595,0.0,0.0,0.0,1890.0,1.5,201.0,35.0,35.0,7308.0,0.0,0.0,0.0,1.0,0.0,0.0,0.0,1.0,0.0,0.0,0.0,1.0,0.0,0.0,1.0
85.0,74.0,8740.0,5.0,1982.0,1982.0,672.0,168.0,840.0,860.0,0.0,860.0,1.0,4.0,0.0,1996.0,2.0,528.0,0.0,1700.0,2.0,0.0,27.0,27.0,4300.0,1056.0,0.0,0.0,1.0,0.0,0.0,0.0,1.0,0.0,0.0,0.0,1.0,1.0,0.0,1.0
50.0,55.0,8800.0,4.0,1910.0,2004.0,0.0,576.0,576.0,792.0,348.0,1140.0,1.0,7.0,0.0,1978.6621376811595,0.0,0.0,160.0,1716.0,1.0,160.0,100.0,6.0,4560.0,0.0,0.0,0.0,1.0,0.0,0.0,0.0,1.0,0.0,0.0,0.0,1.0,0.0,0.0,1.0
70.0,60.0,7200.0,7.0,1931.0,2000.0,0.0,776.0,776.0,851.0,651.0,1502.0,1.0,6.0,1.0,1931.0,1.0,270.0,0.0,2278.0,1.5,112.0,77.0,8.0,10514.0,270.0,0.0,0.0,1.0,0.0,0.0,1.0,0.0,0.0,0.0,0.0,1.0,0.0,0.0,0.0
80.0,82.0,9020.0,6.0,1966.0,1966.0,312.0,276.0,1127.0,1165.0,0.0,1165.0,1.0,6.0,0.0,1966.0,2.0,490.0,129.0,2292.0,2.5,129.0,42.0,42.0,6990.0,980.0,0.0,0.0,1.0,0.0,0.0,0.0,1.0,0.0,0.0,0.0,1.0,0.0,0.0,0.0
60.0,70.34384858044164,7851.0,6.0,2002.0,2002.0,625.0,235.0,860.0,860.0,1100.0,1960.0,2.0,8.0,2.0,2002.0,2.0,440.0,48.0,2820.0,3.5,336.0,8.0,8.0,11760.0,880.0,1.0,1.0,0.0,1.0,0.0,1.0,0.0,1.0,1.0,1.0,0.0,0.0,1.0,0.0
60.0,75.0,11404.0,7.0,1998.0,1999.0,252.0,901.0,1153.0,1153.0,878.0,2031.0,2.0,8.0,1.0,1998.0,2.0,541.0,84.0,3184.0,2.5,276.0,10.0,9.0,14217.0,1082.0,1.0,1.0,0.0,1.0,0.0,1.0,0.0,0.0,1.0,1.0,0.0,0.0,1.0,0.0
60.0,70.34384858044164,10900.0,6.0,1977.0,1977.0,378.0,311.0,689.0,689.0,703.0,1392.0,1.0,6.0,0.0,1977.0,1.0,299.0,36.0,2081.0,1.5,36.0,33.0,33.0,8352.0,299.0,0.0,0.0,1.0,0.0,0.0,1.0,0.0,1.0,1.0,0.0,1.0,0.0,1.0,0.0
20.0,95.0,12182.0,7.0,2005.0,2005.0,1201.0,340.0,1541.0,1541.0,0.0,1541.0,2.0,7.0,1.0,2005.0,2.0,532.0,70.0,3082.0,2.0,70.0,5.0,5.0,10787.0,1064.0,1.0,1.0,0.0,1.0,0.0,1.0,0.0,0.0,1.0,1.0,0.0,0.0,0.0,0.0
20.0,75.0,7388.0,5.0,1959.0,2002.0,405.0,658.0,1063.0,1327.0,0.0,1327.0,1.0,7.0,0.0,1974.0,2.0,624.0,0.0,2390.0,2.0,0.0,48.0,5.0,6635.0,1248.0,0.0,0.0,1.0,0.0,0.0,0.0,1.0,0.0,0.0,1.0,0.0,1.0,0.0,1.0
50.0,50.0,6000.0,4.0,1936.0,1950.0,672.0,0.0,672.0,757.0,567.0,1324.0,1.0,6.0,0.0,1936.0,1.0,240.0,0.0,1996.0,1.0,0.0,73.0,59.0,5296.0,240.0,0.0,0.0,1.0,0.0,0.0,0.0,1.0,0.0,0.0,0.0,1.0,1.0,0.0,1.0
60.0,85.0,11475.0,6.0,1975.0,1975.0,550.0,163.0,713.0,811.0,741.0,1552.0,2.0,6.0,1.0,1975.0,2.0,434.0,208.0,2265.0,3.5,417.0,31.0,31.0,9312.0,868.0,1.0,0.0,1.0,0.0,0.0,1.0,0.0,0.0,0.0,0.0,1.0,0.0,0.0,0.0
60.0,70.34384858044164,9572.0,8.0,1990.0,1990.0,482.0,971.0,1453.0,1453.0,1357.0,2810.0,2.0,9.0,1.0,1990.0,2.0,750.0,0.0,4263.0,2.5,500.0,17.0,17.0,22480.0,1500.0,0.0,1.0,0.0,1.0,1.0,0.0,0.0,1.0,1.0,1.0,0.0,0.0,0.0,0.0
75.0,90.0,22950.0,10.0,1892.0,1993.0,0.0,1107.0,1107.0,1518.0,1518.0,3608.0,2.0,12.0,2.0,1993.0,3.0,840.0,260.0,4143.0,2.5,670.0,114.0,13.0,36080.0,2520.0,0.0,1.0,0.0,0.0,0.0,0.0,1.0,0.0,1.0,0.0,0.0,1.0,0.0,1.0
20.0,115.0,16905.0,5.0,1959.0,1959.0,967.0,383.0,1350.0,1328.0,0.0,1328.0,1.0,5.0,2.0,1959.0,1.0,308.0,104.0,2678.0,2.0,104.0,48.0,48.0,6640.0,308.0,1.0,0.0,1.0,0.0,0.0,0.0,1.0,0.0,0.0,0.0,1.0,0.0,0.0,0.0
60.0,42.0,26178.0,7.0,1989.0,1990.0,965.0,245.0,1210.0,1238.0,1281.0,2519.0,2.0,9.0,2.0,1989.0,2.0,628.0,27.0,3729.0,3.5,347.0,17.0,16.0,17633.0,1256.0,0.0,1.0,0.0,1.0,0.0,1.0,0.0,1.0,1.0,1.0,0.0,0.0,0.0,0.0
50.0,85.0,8500.0,5.0,1919.0,2005.0,0.0,793.0,793.0,997.0,520.0,1517.0,2.0,7.0,0.0,1978.6621376811595,0.0,0.0,0.0,2310.0,2.0,144.0,88.0,2.0,7585.0,0.0,0.0,0.0,1.0,0.0,0.0,0.0,1.0,0.0,0.0,0.0,0.0,0.0,0.0,1.0
20.0,68.0,7922.0,5.0,1953.0,2007.0,731.0,326.0,1057.0,1057.0,0.0,1057.0,1.0,5.0,0.0,1953.0,1.0,246.0,52.0,2114.0,2.0,52.0,57.0,3.0,5285.0,246.0,1.0,0.0,1.0,0.0,0.0,0.0,1.0,1.0,0.0,1.0,0.0,1.0,0.0,1.0
50.0,79.0,12327.0,8.0,1983.0,2009.0,1441.0,55.0,1496.0,1496.0,636.0,2132.0,1.0,5.0,1.0,1983.0,2.0,612.0,40.0,3628.0,2.5,389.0,26.0,0.0,17056.0,1224.0,0.0,1.0,0.0,0.0,0.0,1.0,0.0,1.0,1.0,1.0,0.0,0.0,1.0,0.0
20.0,85.0,14536.0,8.0,2002.0,2003.0,1300.0,316.0,1616.0,1629.0,0.0,1629.0,2.0,9.0,1.0,2002.0,3.0,808.0,252.0,3245.0,3.0,252.0,5.0,4.0,13032.0,2424.0,1.0,1.0,0.0,1.0,0.0,1.0,0.0,1.0,1.0,1.0,0.0,0.0,1.0,0.0
20.0,70.34384858044164,12160.0,5.0,1959.0,1959.0,1000.0,188.0,1188.0,1188.0,0.0,1188.0,1.0,6.0,0.0,1959.0,2.0,531.0,0.0,2376.0,2.0,0.0,51.0,51.0,5940.0,1062.0,0.0,0.0,1.0,0.0,0.0,0.0,1.0,0.0,0.0,0.0,1.0,0.0,0.0,0.0
20.0,49.0,15256.0,8.0,2007.0,2007.0,929.0,556.0,1485.0,1464.0,0.0,1464.0,2.0,6.0,0.0,2007.0,3.0,754.0,160.0,2949.0,3.0,328.0,0.0,0.0,11712.0,2262.0,1.0,1.0,0.0,1.0,0.0,1.0,0.0,1.0,1.0,1.0,0.0,0.0,0.0,1.0
120.0,32.0,4500.0,6.0,1998.0,1998.0,897.0,319.0,1216.0,1216.0,0.0,1216.0,2.0,5.0,0.0,1998.0,2.0,402.0,125.0,2432.0,3.0,125.0,8.0,8.0,7296.0,804.0,1.0,0.0,1.0,1.0,1.0,0.0,0.0,1.0,1.0,0.0,1.0,0.0,0.0,1.0
20.0,98.0,11428.0,8.0,2006.0,2006.0,0.0,1626.0,1626.0,1634.0,0.0,1634.0,2.0,7.0,1.0,2006.0,3.0,866.0,44.0,3260.0,2.0,44.0,1.0,1.0,13072.0,2598.0,1.0,1.0,0.0,1.0,0.0,1.0,0.0,0.0,1.0,1.0,0.0,0.0,0.0,0.0
50.0,60.0,8064.0,5.0,1949.0,2006.0,0.0,672.0,672.0,672.0,252.0,924.0,1.0,6.0,1.0,2003.0,2.0,576.0,0.0,1596.0,1.0,0.0,58.0,1.0,4620.0,1152.0,0.0,0.0,1.0,0.0,0.0,0.0,1.0,0.0,1.0,0.0,1.0,1.0,0.0,1.0
20.0,70.34384858044164,8246.0,5.0,1968.0,2001.0,188.0,204.0,1060.0,1060.0,0.0,1060.0,1.0,6.0,1.0,1968.0,1.0,270.0,90.0,2120.0,2.0,496.0,42.0,9.0,5300.0,270.0,0.0,0.0,1.0,0.0,0.0,0.0,1.0,0.0,1.0,1.0,0.0,0.0,0.0,1.0
160.0,24.0,2308.0,6.0,1976.0,1976.0,556.0,248.0,804.0,804.0,744.0,1548.0,2.0,7.0,1.0,1976.0,2.0,440.0,0.0,2352.0,3.5,48.0,31.0,31.0,9288.0,880.0,0.0,0.0,1.0,0.0,0.0,1.0,0.0,0.0,0.0,1.0,0.0,1.0,0.0,1.0
30.0,60.0,8400.0,2.0,1920.0,1950.0,290.0,0.0,290.0,438.0,0.0,438.0,1.0,3.0,0.0,1930.0,1.0,246.0,0.0,728.0,1.0,0.0,89.0,59.0,876.0,246.0,0.0,0.0,1.0,0.0,0.0,0.0,1.0,0.0,0.0,0.0,0.0,1.0,0.0,1.0
30.0,47.0,4608.0,4.0,1945.0,1950.0,0.0,747.0,747.0,747.0,0.0,747.0,1.0,4.0,0.0,1945.0,1.0,220.0,0.0,1494.0,1.0,0.0,65.0,60.0,2988.0,220.0,0.0,0.0,1.0,0.0,0.0,0.0,1.0,0.0,0.0,0.0,1.0,0.0,0.0,1.0
20.0,65.0,7150.0,5.0,1967.0,1967.0,432.0,460.0,892.0,892.0,0.0,892.0,1.0,5.0,0.0,1967.0,1.0,288.0,0.0,1784.0,1.0,0.0,42.0,42.0,4460.0,288.0,0.0,0.0,1.0,0.0,0.0,0.0,1.0,0.0,0.0,0.0,1.0,0.0,0.0,0.0
90.0,70.0,7728.0,5.0,1962.0,1962.0,803.0,303.0,1106.0,1190.0,0.0,1190.0,1.0,6.0,0.0,1962.0,2.0,540.0,18.0,2296.0,2.0,18.0,44.0,44.0,5950.0,1080.0,0.0,0.0,1.0,0.0,0.0,0.0,1.0,0.0,0.0,0.0,1.0,0.0,0.0,1.0
20.0,70.34384858044164,9500.0,6.0,1963.0,1963.0,609.0,785.0,1394.0,1394.0,0.0,1394.0,1.0,6.0,2.0,1963.0,2.0,514.0,76.0,2788.0,2.5,261.0,46.0,46.0,8364.0,1028.0,0.0,0.0,1.0,0.0,0.0,1.0,0.0,0.0,0.0,0.0,1.0,0.0,0.0,0.0
90.0,60.0,7596.0,5.0,1952.0,1952.0,0.0,960.0,960.0,960.0,1000.0,1960.0,2.0,10.0,0.0,1952.0,2.0,400.0,0.0,2920.0,2.0,0.0,57.0,57.0,9800.0,800.0,0.0,0.0,1.0,0.0,0.0,0.0,1.0,0.0,0.0,0.0,1.0,1.0,0.0,1.0
120.0,36.0,4435.0,6.0,2003.0,2003.0,659.0,189.0,848.0,848.0,0.0,848.0,1.0,3.0,0.0,2003.0,2.0,420.0,0.0,1696.0,2.0,140.0,4.0,4.0,5088.0,840.0,1.0,1.0,0.0,1.0,0.0,1.0,0.0,1.0,1.0,1.0,0.0,0.0,1.0,0.0
20.0,50.0,8049.0,7.0,1990.0,1990.0,1053.0,256.0,1309.0,1339.0,0.0,1339.0,2.0,6.0,1.0,1990.0,2.0,484.0,58.0,2648.0,3.0,148.0,16.0,16.0,9373.0,968.0,0.0,0.0,1.0,0.0,0.0,1.0,0.0,0.0,0.0,0.0,1.0,0.0,1.0,0.0
45.0,60.0,9000.0,6.0,1928.0,1950.0,0.0,784.0,784.0,784.0,0.0,784.0,1.0,5.0,0.0,1950.0,2.0,360.0,0.0,1568.0,1.0,91.0,81.0,59.0,4704.0,720.0,0.0,0.0,1.0,0.0,0.0,0.0,0.0,0.0,0.0,0.0,1.0,1.0,0.0,1.0
20.0,70.34384858044164,8978.0,5.0,1968.0,1968.0,0.0,948.0,948.0,948.0,0.0,948.0,1.0,6.0,0.0,1968.0,1.0,300.0,0.0,1896.0,1.0,147.0,39.0,39.0,4740.0,300.0,0.0,0.0,1.0,1.0,0.0,0.0,1.0,0.0,0.0,0.0,1.0,0.0,0.0,1.0
20.0,80.0,10000.0,5.0,1973.0,2000.0,1084.0,92.0,1176.0,1178.0,0.0,1178.0,1.0,5.0,1.0,1973.0,2.0,439.0,0.0,2354.0,2.0,224.0,35.0,8.0,5890.0,878.0,0.0,0.0,1.0,0.0,0.0,1.0,0.0,0.0,0.0,1.0,0.0,0.0,0.0,1.0
60.0,70.34384858044164,10762.0,7.0,1999.0,1999.0,694.0,284.0,978.0,1005.0,978.0,1983.0,2.0,9.0,1.0,1999.0,2.0,490.0,0.0,2961.0,2.5,0.0,10.0,10.0,13881.0,980.0,1.0,1.0,0.0,1.0,0.0,1.0,0.0,1.0,1.0,1.0,0.0,0.0,1.0,0.0
90.0,63.0,9297.0,5.0,1976.0,1976.0,1606.0,122.0,1728.0,1728.0,0.0,1728.0,2.0,8.0,0.0,1976.0,2.0,560.0,0.0,3456.0,4.0,0.0,30.0,30.0,8640.0,1120.0,0.0,0.0,1.0,0.0,0.0,0.0,1.0,0.0,0.0,0.0,1.0,1.0,0.0,1.0
30.0,30.0,5232.0,5.0,1925.0,2004.0,0.0,680.0,680.0,764.0,0.0,764.0,1.0,4.0,0.0,1965.0,2.0,504.0,0.0,1444.0,1.0,0.0,83.0,4.0,3820.0,1008.0,0.0,0.0,1.0,0.0,0.0,0.0,0.0,0.0,0.0,0.0,1.0,1.0,0.0,1.0
180.0,21.0,1596.0,4.0,1973.0,1973.0,462.0,0.0,462.0,526.0,462.0,988.0,1.0,5.0,0.0,1973.0,1.0,297.0,101.0,1450.0,2.0,221.0,36.0,36.0,3952.0,297.0,0.0,0.0,1.0,0.0,0.0,1.0,0.0,1.0,0.0,0.0,1.0,0.0,0.0,1.0
160.0,30.0,3000.0,6.0,2009.0,2009.0,294.0,318.0,612.0,612.0,612.0,1224.0,2.0,4.0,0.0,2009.0,2.0,528.0,234.0,1836.0,2.5,234.0,0.0,0.0,7344.0,1056.0,1.0,1.0,0.0,1.0,0.0,1.0,0.0,1.0,1.0,1.0,0.0,1.0,0.0,0.0
160.0,21.0,1680.0,6.0,1972.0,1972.0,0.0,483.0,483.0,483.0,504.0,987.0,1.0,5.0,1.0,1972.0,1.0,288.0,0.0,1470.0,1.5,0.0,34.0,34.0,5922.0,288.0,0.0,0.0,1.0,0.0,0.0,0.0,1.0,0.0,0.0,0.0,1.0,0.0,0.0,1.0
60.0,70.0,8750.0,7.0,1994.0,1995.0,642.0,273.0,915.0,933.0,975.0,1908.0,2.0,8.0,1.0,1994.0,2.0,493.0,133.0,2823.0,3.5,277.0,14.0,13.0,13356.0,986.0,1.0,1.0,0.0,1.0,0.0,1.0,0.0,1.0,1.0,1.0,0.0,0.0,0.0,1.0
20.0,68.0,9571.0,5.0,1956.0,1956.0,739.0,405.0,1144.0,1144.0,0.0,1144.0,1.0,6.0,0.0,1956.0,1.0,596.0,0.0,2288.0,2.0,44.0,54.0,54.0,5720.0,596.0,0.0,0.0,1.0,0.0,0.0,0.0,1.0,0.0,0.0,0.0,1.0,0.0,0.0,1.0
80.0,70.34384858044164,10395.0,6.0,1978.0,1978.0,605.0,427.0,1032.0,1032.0,0.0,1032.0,2.0,6.0,1.0,1978.0,2.0,564.0,0.0,2064.0,2.5,0.0,29.0,29.0,6192.0,1128.0,0.0,0.0,1.0,0.0,0.0,1.0,0.0,0.0,0.0,0.0,1.0,0.0,0.0,1.0
60.0,97.0,10029.0,6.0,1988.0,1989.0,831.0,320.0,1151.0,1164.0,896.0,2060.0,2.0,8.0,1.0,1988.0,2.0,521.0,228.0,3211.0,3.0,420.0,19.0,18.0,12360.0,1042.0,0.0,1.0,0.0,1.0,0.0,1.0,0.0,1.0,0.0,0.0,1.0,0.0,0.0,1.0
20.0,66.0,13695.0,5.0,2004.0,2004.0,646.0,468.0,1114.0,1114.0,0.0,1114.0,1.0,6.0,0.0,2004.0,2.0,576.0,102.0,2228.0,2.5,102.0,4.0,4.0,5570.0,1152.0,1.0,0.0,1.0,1.0,0.0,0.0,1.0,1.0,1.0,1.0,0.0,1.0,0.0,1.0
80.0,70.34384858044164,17871.0,6.0,1967.0,1976.0,528.0,1152.0,1680.0,1724.0,0.0,1724.0,1.0,7.0,1.0,1967.0,2.0,480.0,0.0,3404.0,2.5,0.0,42.0,33.0,10344.0,960.0,0.0,0.0,1.0,0.0,0.0,1.0,0.0,0.0,0.0,0.0,1.0,0.0,0.0,0.0
160.0,21.0,1680.0,6.0,1972.0,1972.0,317.0,355.0,672.0,672.0,546.0,1218.0,1.0,7.0,0.0,1972.0,1.0,264.0,28.0,1890.0,2.0,28.0,34.0,34.0,7308.0,264.0,0.0,0.0,1.0,0.0,0.0,0.0,1.0,0.0,0.0,0.0,1.0,1.0,0.0,1.0
20.0,60.0,8400.0,4.0,1950.0,1950.0,0.0,721.0,721.0,841.0,0.0,841.0,1.0,4.0,0.0,1950.0,1.0,294.0,0.0,1562.0,1.0,274.0,59.0,59.0,3364.0,294.0,0.0,0.0,0.0,0.0,0.0,0.0,1.0,0.0,0.0,0.0,1.0,0.0,0.0,1.0
120.0,70.34384858044164,3696.0,8.0,1986.0,1986.0,0.0,1074.0,1074.0,1088.0,0.0,1088.0,1.0,5.0,0.0,1987.0,2.0,461.0,74.0,2162.0,1.5,211.0,21.0,21.0,8704.0,922.0,0.0,1.0,0.0,0.0,0.0,1.0,0.0,0.0,1.0,1.0,0.0,0.0,0.0,0.0
20.0,70.34384858044164,7000.0,5.0,1978.0,2005.0,646.0,218.0,864.0,864.0,0.0,864.0,1.0,6.0,0.0,1978.0,1.0,336.0,0.0,1728.0,2.0,0.0,31.0,4.0,4320.0,336.0,1.0,1.0,0.0,0.0,0.0,0.0,1.0,0.0,1.0,0.0,1.0,0.0,0.0,1.0
20.0,69.0,11302.0,8.0,2005.0,2006.0,1422.0,392.0,1814.0,1826.0,0.0,1826.0,2.0,7.0,1.0,2005.0,3.0,758.0,75.0,3640.0,3.0,375.0,1.0,0.0,14608.0,2274.0,0.0,1.0,0.0,1.0,0.0,1.0,0.0,1.0,1.0,1.0,0.0,0.0,1.0,0.0
75.0,60.0,7200.0,5.0,1920.0,1996.0,0.0,530.0,530.0,581.0,530.0,1111.0,1.0,6.0,0.0,1935.0,1.0,288.0,0.0,1641.0,1.0,144.0,87.0,11.0,5555.0,288.0,0.0,0.0,1.0,0.0,0.0,0.0,1.0,0.0,0.0,0.0,0.0,1.0,0.0,1.0
20.0,72.0,8872.0,5.0,1965.0,2008.0,595.0,317.0,912.0,912.0,0.0,912.0,1.0,5.0,0.0,1992.0,2.0,576.0,240.0,1824.0,2.0,240.0,43.0,0.0,4560.0,1152.0,1.0,0.0,1.0,0.0,0.0,0.0,1.0,0.0,1.0,1.0,0.0,1.0,0.0,1.0
60.0,92.0,11764.0,8.0,1999.0,2007.0,524.0,628.0,1152.0,1164.0,1106.0,2270.0,2.0,9.0,1.0,1999.0,3.0,671.0,57.0,3422.0,2.5,189.0,11.0,3.0,18160.0,2013.0,1.0,1.0,0.0,1.0,0.0,1.0,0.0,1.0,1.0,1.0,0.0,0.0,1.0,0.0
20.0,37.0,6951.0,5.0,1984.0,1985.0,658.0,218.0,876.0,923.0,0.0,923.0,1.0,5.0,0.0,1984.0,1.0,264.0,0.0,1799.0,2.0,362.0,24.0,23.0,4615.0,264.0,0.0,0.0,1.0,0.0,0.0,0.0,1.0,0.0,0.0,0.0,1.0,0.0,0.0,1.0
20.0,74.0,8892.0,5.0,1953.0,1996.0,0.0,105.0,105.0,910.0,0.0,910.0,1.0,5.0,0.0,1953.0,2.0,414.0,0.0,1015.0,1.0,346.0,55.0,12.0,4550.0,828.0,0.0,1.0,0.0,0.0,0.0,0.0,1.0,0.0,0.0,1.0,0.0,0.0,0.0,1.0
90.0,60.0,8544.0,3.0,1950.0,1950.0,0.0,0.0,0.0,1040.0,0.0,1040.0,2.0,6.0,0.0,1987.0,2.0,400.0,0.0,1040.0,2.0,0.0,59.0,59.0,3120.0,800.0,0.0,0.0,1.0,0.0,0.0,0.0,1.0,0.0,0.0,0.0,1.0,1.0,0.0,1.0
50.0,90.0,5400.0,4.0,1920.0,1950.0,315.0,420.0,840.0,840.0,534.0,1374.0,1.0,6.0,0.0,1967.0,1.0,338.0,0.0,2214.0,1.0,198.0,89.0,59.0,5496.0,338.0,0.0,0.0,0.0,1.0,0.0,0.0,1.0,0.0,1.0,0.0,1.0,1.0,1.0,0.0
20.0,107.0,14450.0,9.0,2006.0,2007.0,0.0,2121.0,2121.0,2121.0,0.0,2121.0,2.0,8.0,1.0,2007.0,3.0,732.0,98.0,4242.0,2.5,364.0,1.0,0.0,19089.0,2196.0,0.0,0.0,0.0,1.0,1.0,0.0,0.0,0.0,1.0,0.0,0.0,0.0,1.0,0.0
60.0,59.0,11796.0,7.0,2004.0,2005.0,0.0,847.0,847.0,847.0,1112.0,1959.0,2.0,8.0,1.0,2004.0,2.0,434.0,48.0,2806.0,2.5,148.0,3.0,2.0,13713.0,868.0,1.0,1.0,0.0,1.0,0.0,1.0,0.0,0.0,1.0,1.0,0.0,0.0,1.0,0.0
50.0,51.0,6120.0,5.0,1936.0,1950.0,0.0,927.0,927.0,1067.0,472.0,1539.0,1.0,5.0,0.0,1995.0,2.0,576.0,0.0,2466.0,1.5,112.0,73.0,59.0,7695.0,1152.0,0.0,0.0,1.0,0.0,0.0,0.0,1.0,0.0,0.0,0.0,1.0,1.0,0.0,1.0
20.0,78.0,7800.0,5.0,1954.0,1954.0,540.0,728.0,1268.0,1268.0,0.0,1268.0,1.0,7.0,1.0,1954.0,1.0,244.0,98.0,2536.0,1.0,98.0,56.0,56.0,6340.0,244.0,0.0,0.0,1.0,1.0,0.0,0.0,1.0,0.0,0.0,0.0,1.0,0.0,1.0,0.0
30.0,50.0,6000.0,4.0,1920.0,1950.0,250.0,710.0,960.0,960.0,0.0,960.0,1.0,5.0,0.0,1997.0,1.0,308.0,0.0,1920.0,1.0,168.0,87.0,57.0,3840.0,308.0,0.0,0.0,1.0,1.0,0.0,0.0,1.0,0.0,0.0,0.0,0.0,1.0,0.0,1.0
20.0,112.0,10859.0,5.0,1994.0,1995.0,0.0,1097.0,1097.0,1097.0,0.0,1097.0,1.0,6.0,0.0,1995.0,2.0,672.0,64.0,2194.0,1.5,456.0,15.0,14.0,5485.0,1344.0,1.0,0.0,1.0,1.0,0.0,1.0,0.0,0.0,1.0,0.0,1.0,0.0,0.0,1.0
75.0,60.0,10800.0,7.0,1914.0,1970.0,390.0,490.0,880.0,880.0,888.0,1768.0,1.0,6.0,2.0,1914.0,2.0,320.0,341.0,2648.0,1.5,341.0,92.0,36.0,12376.0,640.0,0.0,0.0,1.0,0.0,0.0,1.0,0.0,0.0,0.0,0.0,1.0,1.0,0.0,1.0
50.0,80.0,9600.0,6.0,1950.0,2005.0,120.0,736.0,856.0,1112.0,556.0,1668.0,1.0,6.0,0.0,1950.0,1.0,271.0,0.0,2524.0,1.5,0.0,59.0,4.0,10008.0,271.0,1.0,0.0,1.0,0.0,0.0,0.0,1.0,0.0,1.0,0.0,1.0,0.0,0.0,1.0
20.0,120.0,13560.0,6.0,1968.0,1968.0,0.0,1392.0,1392.0,1392.0,0.0,1392.0,1.0,5.0,2.0,1968.0,2.0,576.0,0.0,2784.0,2.0,240.0,41.0,41.0,8352.0,1152.0,0.0,0.0,1.0,0.0,0.0,0.0,0.0,0.0,0.0,0.0,1.0,0.0,0.0,0.0
50.0,50.0,6000.0,6.0,1939.0,1950.0,0.0,780.0,780.0,825.0,587.0,1412.0,1.0,6.0,1.0,1939.0,1.0,280.0,0.0,2192.0,1.0,45.0,70.0,59.0,8472.0,280.0,0.0,0.0,1.0,0.0,0.0,0.0,1.0,0.0,1.0,0.0,1.0,1.0,0.0,1.0
20.0,61.0,10226.0,8.0,2008.0,2008.0,0.0,1622.0,1622.0,1630.0,0.0,1630.0,2.0,8.0,1.0,2008.0,3.0,860.0,42.0,3252.0,3.0,214.0,1.0,1.0,13040.0,2580.0,1.0,1.0,0.0,1.0,1.0,0.0,0.0,0.0,1.0,0.0,0.0,0.0,0.0,0.0
120.0,35.0,4274.0,7.0,2006.0,2007.0,1106.0,135.0,1241.0,1241.0,0.0,1241.0,1.0,4.0,0.0,2007.0,2.0,569.0,116.0,2482.0,2.5,116.0,1.0,0.0,8687.0,1138.0,1.0,1.0,0.0,1.0,0.0,1.0,0.0,1.0,1.0,1.0,0.0,0.0,1.0,0.0
85.0,54.0,7244.0,5.0,1970.0,1970.0,619.0,149.0,768.0,768.0,0.0,768.0,1.0,5.0,0.0,1987.0,2.0,624.0,0.0,1536.0,2.0,104.0,37.0,37.0,3840.0,1248.0,1.0,0.0,1.0,0.0,0.0,1.0,0.0,0.0,1.0,0.0,1.0,1.0,0.0,1.0
20.0,70.34384858044164,14778.0,6.0,1954.0,2006.0,728.0,568.0,1296.0,1640.0,0.0,1640.0,1.0,7.0,1.0,1993.0,2.0,924.0,0.0,2936.0,2.0,324.0,54.0,2.0,9840.0,1848.0,0.0,1.0,0.0,0.0,0.0,0.0,1.0,0.0,1.0,1.0,0.0,1.0,0.0,1.0
20.0,60.0,8089.0,8.0,2007.0,2007.0,945.0,474.0,1419.0,1419.0,0.0,1419.0,2.0,7.0,1.0,2007.0,2.0,567.0,0.0,2838.0,3.0,140.0,0.0,0.0,11352.0,1134.0,0.0,1.0,0.0,1.0,0.0,1.0,0.0,1.0,1.0,1.0,0.0,0.0,0.0,0.0
90.0,60.0,10800.0,5.0,1987.0,1988.0,1200.0,0.0,1200.0,1200.0,0.0,1200.0,3.0,5.0,0.0,1978.6621376811595,0.0,0.0,0.0,2400.0,6.0,120.0,22.0,21.0,6000.0,0.0,0.0,0.0,1.0,0.0,0.0,1.0,0.0,1.0,0.0,0.0,1.0,0.0,0.0,1.0
60.0,70.34384858044164,7472.0,7.0,1972.0,2004.0,626.0,99.0,725.0,725.0,754.0,1479.0,1.0,7.0,0.0,1972.0,2.0,484.0,32.0,2204.0,2.5,32.0,35.0,3.0,10353.0,968.0,0.0,0.0,1.0,0.0,0.0,0.0,1.0,0.0,0.0,1.0,0.0,0.0,1.0,0.0
20.0,87.0,11029.0,6.0,1958.0,2002.0,528.0,245.0,1184.0,1414.0,0.0,1414.0,1.0,6.0,1.0,1990.0,2.0,601.0,51.0,2598.0,2.0,241.0,50.0,6.0,8484.0,1202.0,0.0,0.0,0.0,0.0,0.0,1.0,0.0,0.0,1.0,0.0,1.0,0.0,0.0,1.0
70.0,34.0,4571.0,5.0,1916.0,1950.0,0.0,624.0,624.0,624.0,720.0,1344.0,1.0,7.0,0.0,1916.0,3.0,513.0,0.0,1968.0,1.0,96.0,92.0,58.0,6720.0,1539.0,0.0,0.0,1.0,0.0,0.0,0.0,1.0,0.0,0.0,0.0,1.0,1.0,0.0,1.0
60.0,70.34384858044164,14762.0,5.0,1948.0,1950.0,0.0,0.0,0.0,1547.0,720.0,2320.0,2.0,7.0,1.0,1979.0,2.0,672.0,144.0,2267.0,2.0,264.0,58.0,56.0,11600.0,1344.0,0.0,0.0,1.0,0.0,0.0,0.0,1.0,0.0,0.0,0.0,1.0,0.0,0.0,1.0
30.0,70.34384858044164,7446.0,4.0,1941.0,1950.0,266.0,522.0,788.0,788.0,0.0,788.0,1.0,4.0,2.0,1978.6621376811595,0.0,0.0,0.0,1576.0,1.0,0.0,65.0,56.0,3152.0,0.0,0.0,0.0,1.0,0.0,0.0,0.0,1.0,0.0,0.0,0.0,1.0,0.0,0.0,1.0
160.0,24.0,2289.0,6.0,1978.0,1978.0,311.0,544.0,855.0,855.0,586.0,1441.0,2.0,7.0,1.0,1978.0,2.0,440.0,0.0,2296.0,2.5,28.0,31.0,31.0,8646.0,880.0,0.0,0.0,1.0,0.0,0.0,0.0,1.0,0.0,0.0,0.0,1.0,0.0,0.0,1.0
20.0,70.0,9100.0,6.0,1959.0,1959.0,612.0,252.0,864.0,864.0,0.0,864.0,1.0,5.0,0.0,2008.0,1.0,300.0,0.0,1728.0,1.0,0.0,50.0,50.0,5184.0,300.0,0.0,0.0,1.0,0.0,0.0,0.0,1.0,0.0,1.0,0.0,1.0,1.0,0.0,1.0
20.0,60.0,9000.0,4.0,1971.0,1971.0,616.0,248.0,864.0,864.0,0.0,864.0,1.0,5.0,0.0,1974.0,2.0,528.0,0.0,1728.0,1.0,0.0,36.0,36.0,3456.0,1056.0,0.0,0.0,1.0,1.0,0.0,0.0,1.0,0.0,0.0,0.0,1.0,1.0,0.0,1.0
90.0,85.0,11475.0,5.0,1958.0,1958.0,0.0,1584.0,1584.0,1776.0,0.0,1776.0,2.0,9.0,0.0,1968.0,3.0,888.0,25.0,3360.0,3.0,25.0,51.0,51.0,8880.0,2664.0,1.0,0.0,1.0,0.0,0.0,0.0,1.0,0.0,0.0,0.0,1.0,1.0,0.0,1.0
20.0,65.0,8450.0,5.0,1968.0,1968.0,775.0,281.0,1056.0,1056.0,0.0,1056.0,1.0,6.0,1.0,1968.0,1.0,304.0,85.0,2112.0,2.0,269.0,42.0,42.0,5280.0,304.0,1.0,0.0,1.0,0.0,0.0,0.0,1.0,0.0,1.0,0.0,1.0,0.0,0.0,1.0
30.0,70.34384858044164,10020.0,1.0,1922.0,1950.0,350.0,333.0,683.0,904.0,0.0,904.0,0.0,4.0,0.0,1978.6621376811595,0.0,0.0,0.0,1587.0,1.5,0.0,87.0,59.0,904.0,0.0,0.0,0.0,0.0,0.0,0.0,0.0,0.0,0.0,0.0,0.0,0.0,0.0,0.0,1.0
20.0,70.34384858044164,4403.0,7.0,2009.0,2009.0,578.0,892.0,1470.0,1478.0,0.0,1478.0,2.0,7.0,1.0,2009.0,2.0,484.0,144.0,2948.0,3.5,144.0,1.0,1.0,10346.0,968.0,0.0,0.0,0.0,1.0,1.0,0.0,0.0,1.0,1.0,1.0,0.0,0.0,1.0,0.0
50.0,60.0,5790.0,3.0,1915.0,1950.0,0.0,840.0,840.0,840.0,765.0,1605.0,2.0,8.0,0.0,1915.0,1.0,379.0,0.0,2445.0,2.0,202.0,95.0,60.0,4815.0,379.0,1.0,1.0,0.0,0.0,0.0,0.0,0.0,0.0,0.0,0.0,1.0,1.0,0.0,1.0
60.0,68.0,9179.0,7.0,1999.0,1999.0,633.0,240.0,873.0,882.0,908.0,1790.0,2.0,7.0,0.0,1999.0,2.0,588.0,88.0,2663.0,3.5,88.0,9.0,9.0,12530.0,1176.0,1.0,1.0,0.0,1.0,0.0,1.0,0.0,1.0,1.0,1.0,0.0,0.0,0.0,0.0
60.0,70.34384858044164,10304.0,5.0,1976.0,1976.0,381.0,399.0,780.0,1088.0,780.0,1868.0,2.0,9.0,1.0,1976.0,2.0,484.0,96.0,2648.0,3.5,544.0,33.0,33.0,9340.0,968.0,0.0,0.0,1.0,0.0,0.0,0.0,1.0,0.0,1.0,1.0,0.0,0.0,0.0,1.0
160.0,21.0,1890.0,6.0,1973.0,1973.0,356.0,316.0,672.0,672.0,546.0,1218.0,1.0,7.0,0.0,1973.0,1.0,264.0,28.0,1890.0,1.5,172.0,34.0,34.0,7308.0,264.0,0.0,0.0,1.0,0.0,0.0,0.0,1.0,0.0,0.0,0.0,1.0,1.0,0.0,1.0
20.0,114.0,14803.0,10.0,2007.0,2008.0,1636.0,442.0,2078.0,2084.0,0.0,2084.0,2.0,7.0,1.0,2007.0,3.0,1220.0,45.0,4162.0,3.0,233.0,1.0,0.0,20840.0,3660.0,0.0,0.0,0.0,1.0,1.0,0.0,0.0,1.0,1.0,0.0,0.0,0.0,1.0,0.0
160.0,24.0,2280.0,6.0,1976.0,1976.0,566.0,289.0,855.0,855.0,601.0,1456.0,2.0,7.0,1.0,1976.0,2.0,440.0,0.0,2311.0,2.5,87.0,33.0,33.0,8736.0,880.0,0.0,0.0,1.0,0.0,0.0,1.0,0.0,0.0,0.0,0.0,1.0,0.0,0.0,1.0
20.0,75.0,9937.0,5.0,1965.0,1965.0,830.0,136.0,1256.0,1256.0,0.0,1256.0,1.0,6.0,0.0,1965.0,1.0,276.0,68.0,2512.0,2.5,804.0,43.0,43.0,6280.0,276.0,0.0,1.0,0.0,0.0,0.0,0.0,1.0,0.0,0.0,0.0,1.0,0.0,1.0,0.0
60.0,70.34384858044164,7861.0,6.0,2002.0,2003.0,457.0,326.0,783.0,807.0,702.0,1509.0,2.0,7.0,1.0,2002.0,2.0,393.0,75.0,2292.0,3.5,175.0,4.0,3.0,9054.0,786.0,1.0,1.0,0.0,1.0,0.0,1.0,0.0,1.0,1.0,1.0,0.0,0.0,1.0,0.0
70.0,61.0,7259.0,6.0,1945.0,2002.0,774.0,104.0,1028.0,1436.0,884.0,2320.0,2.0,9.0,1.0,1945.0,1.0,180.0,0.0,3348.0,3.5,224.0,62.0,5.0,13920.0,180.0,0.0,0.0,1.0,0.0,0.0,0.0,1.0,0.0,1.0,1.0,0.0,1.0,0.0,1.0
70.0,86.0,22420.0,6.0,1918.0,1950.0,1128.0,242.0,1370.0,1370.0,1254.0,2624.0,2.0,10.0,1.0,1918.0,3.0,864.0,0.0,3994.0,3.5,0.0,89.0,57.0,15744.0,2592.0,0.0,0.0,1.0,0.0,0.0,1.0,0.0,0.0,0.0,0.0,1.0,1.0,0.0,1.0
50.0,50.0,9000.0,6.0,1937.0,1950.0,0.0,780.0,780.0,780.0,595.0,1375.0,1.0,6.0,1.0,1979.0,1.0,544.0,162.0,2155.0,1.5,288.0,70.0,57.0,8250.0,544.0,0.0,0.0,1.0,1.0,0.0,0.0,1.0,0.0,0.0,1.0,0.0,1.0,0.0,1.0
190.0,75.0,10382.0,6.0,1958.0,1958.0,513.0,75.0,588.0,1095.0,0.0,1095.0,1.0,6.0,0.0,1958.0,1.0,264.0,0.0,1683.0,2.0,0.0,48.0,48.0,6570.0,264.0,0.0,0.0,1.0,0.0,0.0,0.0,1.0,0.0,0.0,0.0,1.0,0.0,0.0,0.0
90.0,67.0,8777.0,5.0,1900.0,2003.0,1084.0,188.0,1272.0,1272.0,928.0,2200.0,2.0,9.0,0.0,1978.6621376811595,0.0,0.0,70.0,3472.0,5.0,70.0,108.0,5.0,11000.0,0.0,0.0,0.0,1.0,0.0,0.0,0.0,1.0,0.0,0.0,0.0,1.0,0.0,0.0,1.0
20.0,88.0,12803.0,7.0,2002.0,2002.0,922.0,572.0,1494.0,1494.0,0.0,1494.0,2.0,6.0,1.0,2002.0,2.0,530.0,36.0,2988.0,3.0,228.0,6.0,6.0,10458.0,1060.0,1.0,1.0,0.0,1.0,0.0,1.0,0.0,1.0,1.0,1.0,0.0,0.0,0.0,0.0
50.0,70.0,11767.0,4.0,1910.0,2000.0,0.0,560.0,560.0,796.0,550.0,1346.0,1.0,6.0,0.0,1950.0,1.0,384.0,24.0,1906.0,1.5,192.0,97.0,7.0,5384.0,384.0,0.0,0.0,1.0,0.0,0.0,0.0,0.0,0.0,0.0,0.0,1.0,1.0,0.0,1.0
20.0,60.0,8070.0,4.0,1994.0,1995.0,588.0,402.0,990.0,990.0,0.0,990.0,1.0,5.0,0.0,1978.6621376811595,0.0,0.0,0.0,1980.0,2.0,0.0,13.0,12.0,3960.0,0.0,1.0,0.0,1.0,1.0,0.0,1.0,0.0,1.0,1.0,0.0,1.0,0.0,0.0,1.0
50.0,75.0,45600.0,6.0,1908.0,1997.0,0.0,907.0,907.0,1307.0,1051.0,2358.0,3.0,10.0,1.0,1908.0,2.0,360.0,40.0,3265.0,3.0,701.0,100.0,11.0,14148.0,720.0,0.0,0.0,1.0,0.0,0.0,0.0,1.0,0.0,0.0,0.0,1.0,1.0,0.0,1.0
20.0,90.0,5400.0,5.0,1954.0,2000.0,415.0,418.0,833.0,833.0,0.0,833.0,1.0,4.0,0.0,1955.0,1.0,326.0,0.0,1666.0,1.0,0.0,52.0,6.0,4165.0,326.0,0.0,0.0,1.0,0.0,0.0,0.0,1.0,0.0,1.0,1.0,0.0,1.0,0.0,1.0
60.0,88.0,12665.0,8.0,2005.0,2006.0,0.0,1094.0,1094.0,1133.0,1349.0,2482.0,2.0,9.0,1.0,2005.0,3.0,642.0,39.0,3576.0,2.5,183.0,2.0,1.0,19856.0,1926.0,1.0,1.0,0.0,1.0,0.0,1.0,0.0,0.0,1.0,1.0,0.0,0.0,1.0,0.0
60.0,80.0,10240.0,8.0,2005.0,2005.0,0.0,1030.0,1030.0,1038.0,1060.0,2098.0,2.0,8.0,1.0,2005.0,3.0,878.0,52.0,3128.0,2.5,244.0,1.0,1.0,16784.0,2634.0,1.0,1.0,0.0,1.0,0.0,1.0,0.0,0.0,0.0,0.0,0.0,0.0,0.0,0.0
20.0,65.0,7800.0,5.0,1967.0,2004.0,450.0,414.0,864.0,899.0,0.0,899.0,1.0,5.0,0.0,1967.0,1.0,288.0,0.0,1763.0,1.0,64.0,42.0,5.0,4495.0,288.0,0.0,0.0,1.0,1.0,0.0,0.0,1.0,0.0,1.0,1.0,0.0,0.0,1.0,0.0
60.0,85.0,11924.0,9.0,2005.0,2006.0,998.0,177.0,1175.0,1182.0,1142.0,2324.0,3.0,11.0,2.0,2005.0,3.0,736.0,21.0,3499.0,4.0,168.0,1.0,0.0,20916.0,2208.0,0.0,0.0,0.0,1.0,1.0,0.0,0.0,1.0,1.0,0.0,0.0,0.0,1.0,0.0
20.0,60.0,7200.0,5.0,1972.0,1972.0,777.0,117.0,894.0,894.0,0.0,894.0,1.0,6.0,0.0,1985.0,2.0,600.0,0.0,1788.0,1.0,215.0,37.0,37.0,4470.0,1200.0,0.0,0.0,1.0,0.0,0.0,0.0,1.0,0.0,0.0,0.0,1.0,1.0,0.0,0.0
120.0,50.0,8012.0,6.0,1992.0,1992.0,430.0,1145.0,1575.0,1575.0,0.0,1575.0,2.0,5.0,0.0,1992.0,2.0,529.0,0.0,3150.0,3.0,52.0,15.0,15.0,9450.0,1058.0,0.0,1.0,0.0,1.0,0.0,1.0,0.0,1.0,0.0,1.0,0.0,0.0,0.0,0.0
120.0,70.34384858044164,4426.0,6.0,2004.0,2004.0,697.0,151.0,848.0,848.0,0.0,848.0,1.0,3.0,1.0,2004.0,2.0,420.0,0.0,1696.0,2.0,149.0,4.0,4.0,5088.0,840.0,1.0,1.0,0.0,1.0,0.0,1.0,0.0,1.0,1.0,1.0,0.0,0.0,0.0,0.0
75.0,65.0,8850.0,7.0,1916.0,1950.0,0.0,815.0,815.0,815.0,875.0,1690.0,1.0,7.0,1.0,1916.0,1.0,225.0,0.0,2505.0,1.0,330.0,90.0,56.0,11830.0,225.0,0.0,0.0,1.0,0.0,0.0,0.0,1.0,0.0,1.0,0.0,1.0,1.0,0.0,1.0
160.0,41.0,2665.0,5.0,1977.0,1977.0,548.0,36.0,757.0,925.0,550.0,1475.0,2.0,6.0,1.0,1977.0,1.0,336.0,26.0,2232.0,2.0,130.0,29.0,29.0,7375.0,336.0,0.0,0.0,1.0,1.0,0.0,0.0,1.0,0.0,1.0,0.0,1.0,0.0,0.0,0.0
120.0,61.0,7577.0,6.0,2005.0,2006.0,20.0,1342.0,1362.0,1362.0,0.0,1362.0,2.0,6.0,1.0,2005.0,2.0,460.0,28.0,2724.0,2.0,220.0,2.0,1.0,8172.0,920.0,1.0,1.0,0.0,1.0,0.0,1.0,0.0,0.0,1.0,1.0,0.0,0.0,0.0,0.0
120.0,70.34384858044164,3196.0,8.0,2003.0,2003.0,0.0,1273.0,1273.0,1456.0,0.0,1456.0,2.0,7.0,1.0,2003.0,2.0,400.0,20.0,2729.0,2.0,163.0,3.0,3.0,11648.0,800.0,1.0,1.0,0.0,1.0,0.0,1.0,0.0,0.0,1.0,1.0,0.0,0.0,1.0,0.0
60.0,134.0,19378.0,7.0,2005.0,2006.0,57.0,1335.0,1392.0,1392.0,1070.0,2462.0,2.0,9.0,1.0,2006.0,2.0,576.0,132.0,3854.0,3.5,539.0,1.0,0.0,17234.0,1152.0,1.0,1.0,0.0,1.0,0.0,1.0,0.0,1.0,1.0,1.0,0.0,0.0,0.0,0.0
60.0,71.0,7056.0,6.0,1963.0,1963.0,400.0,380.0,780.0,983.0,813.0,1796.0,1.0,8.0,1.0,1963.0,2.0,483.0,50.0,2576.0,2.5,50.0,45.0,45.0,10776.0,966.0,0.0,0.0,1.0,0.0,0.0,0.0,1.0,0.0,0.0,0.0,1.0,0.0,0.0,0.0
50.0,60.0,9600.0,5.0,1925.0,1994.0,0.0,702.0,702.0,842.0,630.0,1472.0,1.0,6.0,0.0,1925.0,1.0,250.0,0.0,2174.0,1.0,84.0,82.0,13.0,7360.0,250.0,1.0,0.0,1.0,1.0,0.0,0.0,1.0,0.0,0.0,1.0,0.0,1.0,0.0,1.0
20.0,68.0,8814.0,7.0,2006.0,2006.0,1334.0,270.0,1604.0,1604.0,0.0,1604.0,2.0,8.0,1.0,2006.0,2.0,660.0,110.0,3208.0,3.5,233.0,3.0,3.0,11228.0,1320.0,1.0,1.0,0.0,1.0,0.0,1.0,0.0,1.0,1.0,1.0,0.0,0.0,0.0,0.0
190.0,70.34384858044164,164660.0,5.0,1965.0,1965.0,1249.0,103.0,1499.0,1619.0,167.0,1786.0,2.0,7.0,2.0,1965.0,2.0,529.0,0.0,3285.0,4.0,670.0,43.0,43.0,8930.0,1058.0,0.0,0.0,1.0,0.0,0.0,0.0,1.0,0.0,1.0,0.0,1.0,0.0,1.0,0.0
80.0,80.0,9600.0,6.0,1955.0,1996.0,831.0,161.0,992.0,1661.0,0.0,1661.0,1.0,8.0,1.0,1955.0,1.0,377.0,28.0,2653.0,2.0,206.0,53.0,12.0,9966.0,377.0,0.0,0.0,1.0,0.0,0.0,0.0,1.0,0.0,0.0,1.0,0.0,0.0,0.0,0.0
180.0,21.0,1477.0,4.0,1970.0,1970.0,509.0,121.0,630.0,630.0,0.0,630.0,1.0,3.0,0.0,1970.0,1.0,286.0,0.0,1260.0,2.0,0.0,39.0,39.0,2520.0,286.0,0.0,0.0,1.0,0.0,0.0,1.0,0.0,1.0,0.0,0.0,1.0,0.0,0.0,1.0
20.0,94.0,12220.0,10.0,2009.0,2009.0,1436.0,570.0,2006.0,2020.0,0.0,2020.0,2.0,9.0,1.0,2009.0,3.0,900.0,54.0,4026.0,3.5,210.0,0.0,0.0,20200.0,2700.0,0.0,0.0,0.0,0.0,1.0,0.0,0.0,1.0,1.0,0.0,0.0,0.0,1.0,0.0
60.0,70.0,8400.0,8.0,2001.0,2001.0,643.0,167.0,810.0,810.0,855.0,1665.0,2.0,6.0,0.0,2001.0,2.0,528.0,45.0,2475.0,3.5,45.0,8.0,8.0,13320.0,1056.0,1.0,1.0,0.0,1.0,0.0,1.0,0.0,1.0,1.0,1.0,0.0,0.0,1.0,0.0
20.0,70.0,9100.0,7.0,2004.0,2005.0,24.0,1836.0,1860.0,1836.0,0.0,1836.0,2.0,8.0,1.0,2004.0,2.0,484.0,33.0,3696.0,2.0,153.0,2.0,1.0,12852.0,968.0,1.0,1.0,0.0,1.0,0.0,1.0,0.0,1.0,1.0,1.0,0.0,0.0,1.0,0.0
70.0,60.0,6600.0,5.0,1892.0,1965.0,0.0,994.0,994.0,1378.0,994.0,2372.0,2.0,11.0,0.0,1985.0,1.0,432.0,287.0,3366.0,2.0,287.0,117.0,44.0,11860.0,432.0,0.0,0.0,1.0,0.0,0.0,0.0,1.0,0.0,0.0,0.0,1.0,0.0,0.0,0.0
30.0,60.0,6911.0,5.0,1924.0,1950.0,405.0,740.0,1145.0,1301.0,0.0,1301.0,1.0,5.0,0.0,1965.0,2.0,440.0,0.0,2446.0,1.0,0.0,85.0,59.0,6505.0,880.0,0.0,0.0,1.0,1.0,0.0,0.0,1.0,0.0,0.0,0.0,0.0,1.0,0.0,1.0
20.0,74.0,8556.0,7.0,2006.0,2006.0,0.0,1240.0,1240.0,1240.0,0.0,1240.0,2.0,5.0,0.0,2006.0,3.0,826.0,93.0,2480.0,2.0,233.0,1.0,1.0,8680.0,2478.0,1.0,1.0,0.0,1.0,0.0,1.0,0.0,0.0,1.0,1.0,0.0,0.0,0.0,0.0
20.0,90.0,11988.0,6.0,1957.0,1957.0,777.0,467.0,1244.0,1244.0,0.0,1244.0,1.0,6.0,2.0,1957.0,1.0,336.0,40.0,2488.0,1.5,40.0,50.0,50.0,7464.0,336.0,1.0,0.0,1.0,0.0,0.0,0.0,1.0,0.0,1.0,0.0,1.0,0.0,0.0,1.0
20.0,75.0,9742.0,8.0,2002.0,2002.0,0.0,1777.0,1777.0,1795.0,0.0,1795.0,2.0,7.0,1.0,2002.0,2.0,534.0,159.0,3572.0,2.0,330.0,6.0,6.0,14360.0,1068.0,1.0,1.0,0.0,1.0,0.0,1.0,0.0,0.0,1.0,1.0,0.0,0.0,0.0,0.0
20.0,70.34384858044164,9248.0,6.0,1992.0,1992.0,560.0,598.0,1158.0,1167.0,0.0,1167.0,2.0,6.0,0.0,1992.0,2.0,400.0,26.0,2325.0,3.0,146.0,17.0,17.0,7002.0,800.0,0.0,0.0,1.0,1.0,0.0,1.0,0.0,1.0,0.0,1.0,0.0,0.0,0.0,0.0
20.0,78.0,9262.0,8.0,2008.0,2009.0,0.0,1573.0,1573.0,1578.0,0.0,1578.0,2.0,7.0,1.0,2008.0,3.0,840.0,36.0,3151.0,2.0,36.0,1.0,0.0,12624.0,2520.0,0.0,1.0,0.0,1.0,0.0,1.0,0.0,0.0,1.0,0.0,0.0,0.0,1.0,0.0
60.0,85.0,14191.0,8.0,2002.0,2002.0,0.0,967.0,967.0,993.0,915.0,1908.0,2.0,9.0,0.0,2002.0,2.0,431.0,0.0,2875.0,2.5,135.0,8.0,8.0,15264.0,862.0,1.0,1.0,0.0,1.0,0.0,1.0,0.0,0.0,1.0,1.0,0.0,0.0,1.0,0.0
50.0,60.0,5586.0,6.0,1920.0,1998.0,0.0,901.0,901.0,1088.0,110.0,1198.0,1.0,7.0,0.0,1978.6621376811595,0.0,0.0,98.0,2099.0,1.0,98.0,88.0,10.0,7188.0,0.0,0.0,0.0,1.0,0.0,0.0,0.0,1.0,0.0,0.0,0.0,1.0,0.0,0.0,1.0
20.0,110.0,14977.0,8.0,2006.0,2007.0,1350.0,626.0,1976.0,1976.0,0.0,1976.0,2.0,7.0,1.0,2006.0,3.0,908.0,63.0,3952.0,3.0,313.0,1.0,0.0,15808.0,2724.0,1.0,1.0,0.0,1.0,1.0,0.0,0.0,1.0,1.0,1.0,0.0,0.0,0.0,0.0
70.0,57.0,9906.0,4.0,1925.0,1950.0,0.0,686.0,686.0,810.0,518.0,1328.0,1.0,8.0,0.0,1940.0,1.0,210.0,172.0,2014.0,1.0,232.0,81.0,56.0,5312.0,210.0,0.0,0.0,1.0,0.0,0.0,0.0,1.0,0.0,0.0,0.0,1.0,1.0,0.0,1.0
20.0,70.34384858044164,9286.0,5.0,1977.0,1989.0,196.0,1072.0,1268.0,1268.0,0.0,1268.0,1.0,5.0,0.0,1978.0,1.0,252.0,0.0,2536.0,1.5,173.0,32.0,20.0,6340.0,252.0,0.0,0.0,1.0,0.0,0.0,1.0,0.0,0.0,0.0,1.0,0.0,1.0,0.0,1.0
160.0,35.0,4017.0,7.0,2006.0,2007.0,0.0,625.0,625.0,625.0,625.0,1250.0,2.0,5.0,0.0,2006.0,2.0,625.0,54.0,1875.0,2.5,54.0,2.0,1.0,8750.0,1250.0,0.0,1.0,0.0,1.0,0.0,1.0,0.0,0.0,1.0,1.0,0.0,1.0,1.0,0.0
90.0,75.0,9825.0,5.0,1965.0,1965.0,0.0,0.0,0.0,1664.0,0.0,1664.0,2.0,8.0,0.0,1978.6621376811595,0.0,0.0,0.0,1664.0,2.0,0.0,45.0,45.0,8320.0,0.0,0.0,0.0,1.0,0.0,0.0,0.0,1.0,0.0,0.0,0.0,1.0,0.0,0.0,1.0
60.0,90.0,11700.0,6.0,1968.0,1968.0,404.0,304.0,708.0,708.0,708.0,1416.0,2.0,7.0,1.0,1968.0,2.0,776.0,169.0,2124.0,2.5,288.0,38.0,38.0,8496.0,1552.0,0.0,0.0,1.0,0.0,0.0,0.0,1.0,0.0,0.0,0.0,1.0,0.0,0.0,0.0
190.0,60.0,7200.0,6.0,1910.0,1998.0,1046.0,168.0,1214.0,1260.0,1031.0,2291.0,2.0,9.0,1.0,1900.0,2.0,506.0,0.0,3505.0,2.5,99.0,97.0,9.0,13746.0,1012.0,0.0,0.0,1.0,0.0,0.0,0.0,1.0,0.0,1.0,0.0,1.0,1.0,0.0,1.0
20.0,43.0,12118.0,7.0,2004.0,2005.0,0.0,1710.0,1710.0,1710.0,0.0,1710.0,2.0,7.0,1.0,2004.0,2.0,550.0,48.0,3420.0,2.0,328.0,5.0,4.0,11970.0,1100.0,1.0,1.0,0.0,1.0,1.0,0.0,0.0,0.0,1.0,1.0,0.0,0.0,1.0,0.0
30.0,50.0,6000.0,5.0,1921.0,1950.0,616.0,0.0,616.0,616.0,0.0,616.0,1.0,4.0,0.0,1921.0,1.0,205.0,0.0,1232.0,1.0,129.0,85.0,56.0,3080.0,205.0,0.0,0.0,1.0,0.0,0.0,0.0,1.0,0.0,0.0,0.0,1.0,1.0,0.0,1.0
20.0,70.34384858044164,10659.0,5.0,1961.0,1961.0,915.0,135.0,1050.0,1050.0,0.0,1050.0,1.0,6.0,0.0,1961.0,1.0,368.0,319.0,2100.0,2.0,319.0,45.0,45.0,5250.0,368.0,0.0,0.0,1.0,0.0,0.0,0.0,1.0,0.0,0.0,0.0,1.0,0.0,0.0,1.0
20.0,70.34384858044164,13500.0,6.0,1960.0,1975.0,429.0,93.0,1602.0,1252.0,0.0,1252.0,1.0,4.0,1.0,1960.0,2.0,564.0,0.0,2854.0,2.0,409.0,48.0,33.0,7512.0,1128.0,0.0,0.0,1.0,0.0,0.0,1.0,0.0,0.0,0.0,0.0,1.0,0.0,0.0,0.0
20.0,60.0,8072.0,5.0,1994.0,1995.0,746.0,244.0,990.0,990.0,0.0,990.0,1.0,5.0,0.0,2000.0,2.0,480.0,64.0,1980.0,2.0,64.0,15.0,14.0,4950.0,960.0,1.0,0.0,1.0,1.0,0.0,1.0,0.0,0.0,1.0,0.0,1.0,1.0,0.0,1.0
20.0,68.0,9717.0,5.0,1950.0,1996.0,49.0,0.0,1078.0,1078.0,0.0,1078.0,1.0,5.0,0.0,1950.0,1.0,240.0,0.0,2156.0,2.0,478.0,60.0,14.0,5390.0,240.0,0.0,0.0,1.0,0.0,0.0,0.0,1.0,1.0,0.0,1.0,0.0,0.0,0.0,1.0
60.0,70.34384858044164,12205.0,6.0,1966.0,2007.0,568.0,264.0,832.0,976.0,1111.0,2087.0,2.0,9.0,0.0,1966.0,2.0,444.0,168.0,2919.0,2.5,301.0,41.0,0.0,12522.0,888.0,0.0,0.0,1.0,0.0,0.0,0.0,1.0,0.0,0.0,1.0,0.0,0.0,1.0,0.0
20.0,70.34384858044164,14585.0,6.0,1960.0,1987.0,594.0,331.0,1144.0,1429.0,0.0,1429.0,1.0,7.0,2.0,1960.0,2.0,572.0,110.0,2573.0,1.5,326.0,47.0,20.0,8574.0,1144.0,0.0,0.0,1.0,0.0,0.0,0.0,1.0,0.0,1.0,1.0,0.0,0.0,0.0,1.0
190.0,76.0,7630.0,5.0,1900.0,1996.0,0.0,360.0,360.0,1032.0,780.0,1812.0,2.0,8.0,1.0,1999.0,2.0,672.0,0.0,2172.0,2.0,384.0,110.0,14.0,9060.0,1344.0,0.0,0.0,1.0,0.0,0.0,1.0,0.0,0.0,0.0,1.0,0.0,1.0,0.0,1.0
80.0,65.0,10482.0,6.0,1958.0,1958.0,507.0,81.0,588.0,1138.0,0.0,1138.0,1.0,6.0,0.0,1958.0,1.0,264.0,0.0,1726.0,1.5,224.0,49.0,49.0,6828.0,264.0,1.0,0.0,1.0,0.0,0.0,0.0,1.0,1.0,1.0,0.0,1.0,0.0,0.0,0.0
20.0,70.0,12243.0,5.0,1971.0,1971.0,998.0,486.0,1484.0,1484.0,0.0,1484.0,2.0,7.0,1.0,1971.0,2.0,487.0,0.0,2968.0,2.0,404.0,36.0,36.0,7420.0,974.0,0.0,0.0,1.0,0.0,0.0,1.0,0.0,0.0,0.0,0.0,1.0,0.0,0.0,1.0
120.0,70.34384858044164,3196.0,7.0,2003.0,2004.0,0.0,1374.0,1374.0,1557.0,0.0,1557.0,2.0,7.0,1.0,2003.0,2.0,420.0,20.0,2931.0,2.0,163.0,3.0,2.0,10899.0,840.0,1.0,1.0,0.0,1.0,0.0,1.0,0.0,0.0,1.0,1.0,0.0,0.0,1.0,0.0
30.0,40.0,4800.0,4.0,1916.0,1990.0,197.0,999.0,1196.0,1196.0,0.0,1196.0,1.0,5.0,0.0,1957.0,2.0,440.0,0.0,2392.0,2.0,0.0,91.0,17.0,4784.0,880.0,0.0,0.0,1.0,0.0,0.0,0.0,1.0,0.0,1.0,0.0,1.0,1.0,0.0,1.0
20.0,70.0,9100.0,5.0,1958.0,1958.0,521.0,169.0,864.0,864.0,0.0,864.0,1.0,5.0,0.0,1964.0,2.0,624.0,0.0,1728.0,2.0,0.0,48.0,48.0,4320.0,1248.0,1.0,0.0,1.0,0.0,0.0,0.0,1.0,0.0,0.0,0.0,1.0,1.0,0.0,1.0
20.0,80.0,9250.0,5.0,1954.0,2005.0,480.0,108.0,1056.0,1056.0,0.0,1056.0,1.0,6.0,0.0,1954.0,1.0,260.0,0.0,2112.0,1.5,390.0,53.0,2.0,5280.0,260.0,0.0,0.0,1.0,0.0,0.0,0.0,1.0,0.0,0.0,0.0,1.0,0.0,0.0,1.0
60.0,92.0,10120.0,8.0,1994.0,1994.0,740.0,425.0,1165.0,1203.0,1323.0,2526.0,2.0,8.0,1.0,1994.0,3.0,844.0,78.0,3691.0,3.5,387.0,12.0,12.0,20208.0,2532.0,1.0,1.0,0.0,1.0,0.0,1.0,0.0,1.0,1.0,1.0,0.0,0.0,0.0,0.0
120.0,43.0,3182.0,7.0,2005.0,2006.0,16.0,1129.0,1145.0,1145.0,0.0,1145.0,2.0,5.0,1.0,2005.0,2.0,397.0,16.0,2290.0,2.0,116.0,4.0,3.0,8015.0,794.0,1.0,1.0,0.0,1.0,0.0,1.0,0.0,1.0,1.0,1.0,0.0,0.0,1.0,0.0
20.0,70.34384858044164,11616.0,5.0,1962.0,1962.0,170.0,252.0,1092.0,1092.0,0.0,1092.0,1.0,6.0,1.0,1962.0,1.0,288.0,20.0,2184.0,1.5,164.0,47.0,47.0,5460.0,288.0,0.0,0.0,1.0,0.0,0.0,0.0,1.0,0.0,0.0,0.0,1.0,0.0,0.0,1.0
70.0,60.0,9600.0,5.0,1910.0,2002.0,0.0,264.0,264.0,768.0,664.0,1432.0,2.0,7.0,0.0,1910.0,2.0,360.0,0.0,1696.0,2.0,382.0,97.0,5.0,7160.0,720.0,0.0,0.0,1.0,0.0,0.0,0.0,0.0,0.0,1.0,0.0,1.0,1.0,0.0,1.0
20.0,80.0,11900.0,6.0,1957.0,1957.0,1040.0,352.0,1392.0,1392.0,0.0,1392.0,1.0,6.0,2.0,1957.0,2.0,458.0,0.0,2784.0,2.5,192.0,51.0,51.0,8352.0,916.0,0.0,0.0,1.0,0.0,0.0,0.0,1.0,0.0,0.0,0.0,1.0,0.0,0.0,0.0
60.0,65.0,8461.0,6.0,2005.0,2006.0,0.0,728.0,728.0,728.0,728.0,1456.0,2.0,8.0,1.0,2005.0,2.0,390.0,24.0,2184.0,2.5,24.0,1.0,0.0,8736.0,780.0,1.0,1.0,0.0,1.0,0.0,1.0,0.0,0.0,1.0,1.0,0.0,0.0,1.0,0.0
20.0,72.0,10007.0,5.0,1959.0,2006.0,806.0,247.0,1053.0,1053.0,0.0,1053.0,1.0,5.0,0.0,1959.0,1.0,312.0,0.0,2106.0,2.5,0.0,49.0,2.0,5265.0,312.0,0.0,1.0,0.0,0.0,0.0,0.0,1.0,0.0,1.0,1.0,0.0,0.0,0.0,0.0
190.0,60.0,10896.0,6.0,1914.0,1995.0,256.0,1184.0,1440.0,1440.0,1440.0,3395.0,2.0,14.0,0.0,1978.6621376811595,0.0,0.0,110.0,4320.0,2.0,110.0,93.0,12.0,20370.0,0.0,1.0,0.0,0.0,0.0,0.0,0.0,1.0,0.0,1.0,0.0,0.0,0.0,0.0,1.0
20.0,70.34384858044164,9830.0,5.0,1959.0,2006.0,72.0,733.0,1063.0,1287.0,0.0,1287.0,1.0,7.0,1.0,1997.0,2.0,576.0,17.0,2350.0,2.0,563.0,51.0,4.0,6435.0,1152.0,0.0,0.0,1.0,0.0,0.0,0.0,1.0,0.0,1.0,1.0,0.0,1.0,1.0,0.0
30.0,71.0,6900.0,5.0,1940.0,1955.0,403.0,212.0,740.0,778.0,0.0,778.0,1.0,4.0,1.0,1966.0,1.0,924.0,25.0,1518.0,1.0,25.0,68.0,53.0,3890.0,924.0,1.0,0.0,1.0,0.0,0.0,0.0,1.0,0.0,1.0,0.0,1.0,1.0,1.0,0.0
160.0,21.0,1680.0,6.0,1971.0,1971.0,0.0,525.0,525.0,525.0,567.0,1092.0,1.0,6.0,0.0,1971.0,1.0,264.0,0.0,1617.0,1.5,0.0,39.0,39.0,6552.0,264.0,0.0,0.0,1.0,0.0,0.0,0.0,1.0,0.0,0.0,0.0,1.0,1.0,0.0,1.0
30.0,52.0,5825.0,4.0,1926.0,1953.0,0.0,600.0,600.0,747.0,0.0,747.0,1.0,5.0,0.0,1953.0,2.0,528.0,0.0,1347.0,1.0,32.0,80.0,53.0,2988.0,1056.0,0.0,0.0,1.0,1.0,0.0,0.0,0.0,0.0,0.0,0.0,1.0,1.0,0.0,1.0
60.0,70.34384858044164,12394.0,7.0,2003.0,2003.0,0.0,847.0,847.0,847.0,886.0,1733.0,2.0,7.0,1.0,2003.0,2.0,433.0,48.0,2580.0,2.5,148.0,4.0,4.0,12131.0,866.0,1.0,1.0,0.0,1.0,0.0,1.0,0.0,0.0,1.0,1.0,0.0,0.0,1.0,0.0
20.0,67.0,10656.0,8.0,2006.0,2007.0,0.0,1638.0,1638.0,1646.0,0.0,1646.0,2.0,6.0,1.0,2007.0,3.0,870.0,80.0,3284.0,2.0,272.0,1.0,0.0,13168.0,2610.0,1.0,1.0,0.0,1.0,0.0,1.0,0.0,0.0,1.0,1.0,0.0,0.0,0.0,0.0
50.0,48.0,12822.0,7.0,2003.0,2003.0,1351.0,83.0,1434.0,1518.0,631.0,2149.0,1.0,6.0,1.0,2003.0,2.0,670.0,43.0,3583.0,2.5,409.0,6.0,6.0,15043.0,1340.0,1.0,1.0,0.0,1.0,1.0,0.0,0.0,1.0,1.0,1.0,0.0,0.0,0.0,0.0
20.0,70.34384858044164,36500.0,5.0,1964.0,1964.0,812.0,812.0,1624.0,1582.0,0.0,1582.0,2.0,7.0,0.0,1964.0,2.0,390.0,198.0,3206.0,2.5,366.0,42.0,42.0,7910.0,780.0,0.0,0.0,1.0,0.0,0.0,0.0,1.0,0.0,0.0,0.0,1.0,0.0,0.0,1.0
70.0,121.0,17671.0,8.0,1882.0,1986.0,216.0,700.0,916.0,916.0,826.0,1742.0,1.0,8.0,1.0,1925.0,2.0,424.0,169.0,2658.0,1.5,169.0,127.0,23.0,13936.0,848.0,0.0,1.0,0.0,0.0,0.0,0.0,1.0,0.0,0.0,1.0,0.0,0.0,0.0,1.0
20.0,94.0,25286.0,4.0,1963.0,1963.0,633.0,431.0,1064.0,1040.0,0.0,1040.0,1.0,5.0,0.0,1963.0,2.0,648.0,0.0,2104.0,2.0,0.0,44.0,44.0,4160.0,1296.0,0.0,0.0,1.0,1.0,0.0,0.0,1.0,0.0,0.0,0.0,1.0,0.0,0.0,1.0
20.0,70.0,10150.0,5.0,1958.0,1958.0,456.0,456.0,912.0,912.0,0.0,912.0,1.0,5.0,0.0,1958.0,1.0,275.0,0.0,1824.0,1.0,0.0,49.0,49.0,4560.0,275.0,0.0,0.0,1.0,0.0,0.0,0.0,1.0,0.0,1.0,0.0,1.0,0.0,0.0,0.0
60.0,84.0,14260.0,8.0,2000.0,2000.0,655.0,490.0,1145.0,1145.0,1053.0,2198.0,2.0,9.0,1.0,2000.0,3.0,836.0,84.0,3343.0,3.5,276.0,8.0,8.0,17584.0,2508.0,1.0,1.0,0.0,1.0,0.0,1.0,0.0,1.0,1.0,1.0,0.0,0.0,0.0,0.0
90.0,70.34384858044164,11500.0,5.0,1976.0,1976.0,0.0,1680.0,1680.0,1680.0,0.0,1680.0,2.0,8.0,0.0,1976.0,2.0,528.0,0.0,3360.0,2.0,0.0,31.0,31.0,8400.0,1056.0,1.0,0.0,1.0,0.0,0.0,0.0,1.0,0.0,0.0,0.0,1.0,1.0,0.0,1.0
50.0,70.34384858044164,14100.0,8.0,1935.0,1997.0,192.0,536.0,728.0,1968.0,1479.0,3447.0,3.0,11.0,2.0,1982.0,3.0,1014.0,12.0,4175.0,3.5,326.0,73.0,11.0,27576.0,3042.0,0.0,0.0,1.0,0.0,0.0,0.0,1.0,0.0,1.0,1.0,0.0,0.0,0.0,1.0
50.0,50.0,5500.0,5.0,1929.0,2001.0,234.0,0.0,926.0,926.0,0.0,1316.0,1.0,6.0,0.0,1974.0,2.0,484.0,0.0,1852.0,2.0,0.0,81.0,9.0,6580.0,968.0,0.0,0.0,1.0,0.0,0.0,0.0,1.0,0.0,0.0,0.0,1.0,1.0,0.0,1.0
70.0,51.0,9842.0,5.0,1921.0,1998.0,0.0,612.0,612.0,990.0,1611.0,2601.0,3.0,8.0,0.0,1998.0,2.0,621.0,0.0,3213.0,3.5,484.0,87.0,10.0,13005.0,1242.0,0.0,0.0,1.0,0.0,0.0,0.0,1.0,0.0,1.0,0.0,1.0,0.0,0.0,0.0
160.0,24.0,2368.0,5.0,1970.0,1970.0,765.0,0.0,765.0,765.0,600.0,1365.0,1.0,7.0,0.0,1970.0,2.0,440.0,36.0,2130.0,1.5,36.0,39.0,39.0,6825.0,880.0,0.0,0.0,1.0,0.0,0.0,0.0,1.0,0.0,0.0,0.0,1.0,0.0,0.0,1.0
120.0,53.0,3922.0,7.0,2006.0,2007.0,0.0,1258.0,1258.0,1258.0,0.0,1258.0,2.0,6.0,1.0,2007.0,3.0,648.0,16.0,2516.0,2.0,160.0,1.0,0.0,8806.0,1944.0,0.0,1.0,0.0,1.0,1.0,0.0,0.0,0.0,1.0,1.0,0.0,0.0,1.0,0.0
20.0,75.0,11957.0,8.0,2006.0,2006.0,24.0,1550.0,1574.0,1574.0,0.0,1574.0,2.0,7.0,1.0,2006.0,3.0,824.0,104.0,3148.0,2.0,248.0,2.0,2.0,12592.0,2472.0,1.0,1.0,0.0,1.0,0.0,1.0,0.0,1.0,1.0,1.0,0.0,0.0,0.0,0.0
20.0,70.34384858044164,15870.0,5.0,1969.0,1969.0,75.0,230.0,1096.0,1096.0,0.0,1096.0,1.0,6.0,0.0,1969.0,1.0,299.0,32.0,2192.0,2.0,272.0,37.0,37.0,5480.0,299.0,0.0,0.0,1.0,0.0,0.0,0.0,1.0,0.0,1.0,0.0,1.0,0.0,1.0,0.0
160.0,21.0,1680.0,6.0,1973.0,1973.0,330.0,153.0,483.0,483.0,504.0,987.0,1.0,5.0,0.0,1973.0,1.0,264.0,0.0,1470.0,2.5,0.0,35.0,35.0,5922.0,264.0,0.0,0.0,1.0,0.0,0.0,0.0,1.0,0.0,0.0,0.0,1.0,1.0,0.0,1.0
160.0,32.0,3363.0,7.0,2004.0,2004.0,0.0,976.0,976.0,976.0,732.0,1708.0,2.0,7.0,0.0,2004.0,2.0,380.0,40.0,2684.0,2.0,40.0,2.0,2.0,11956.0,760.0,1.0,1.0,0.0,1.0,0.0,1.0,0.0,0.0,1.0,1.0,0.0,1.0,0.0,1.0
75.0,87.0,18386.0,7.0,1880.0,2002.0,0.0,1470.0,1470.0,1675.0,1818.0,3493.0,3.0,10.0,1.0,2003.0,3.0,870.0,0.0,4963.0,3.0,302.0,128.0,6.0,24451.0,2610.0,0.0,0.0,1.0,0.0,0.0,0.0,1.0,0.0,1.0,1.0,0.0,0.0,0.0,1.0
50.0,152.0,12134.0,8.0,1988.0,2005.0,427.0,132.0,559.0,1080.0,672.0,1752.0,2.0,8.0,0.0,1988.0,2.0,492.0,12.0,2311.0,2.0,337.0,22.0,5.0,14016.0,984.0,0.0,1.0,0.0,0.0,0.0,1.0,0.0,1.0,0.0,0.0,1.0,0.0,0.0,0.0
20.0,150.0,215245.0,7.0,1965.0,1965.0,1236.0,80.0,2136.0,2036.0,0.0,2036.0,2.0,8.0,2.0,1965.0,2.0,513.0,0.0,4172.0,4.0,0.0,44.0,44.0,14252.0,1026.0,0.0,0.0,1.0,0.0,0.0,1.0,0.0,0.0,0.0,0.0,1.0,0.0,0.0,0.0
50.0,70.34384858044164,6240.0,5.0,1936.0,1950.0,0.0,896.0,896.0,896.0,448.0,1344.0,1.0,7.0,0.0,1936.0,1.0,240.0,114.0,2240.0,1.0,314.0,70.0,56.0,6720.0,240.0,0.0,0.0,1.0,0.0,0.0,1.0,0.0,0.0,0.0,0.0,1.0,1.0,0.0,1.0
80.0,70.0,10500.0,5.0,1971.0,2005.0,349.0,23.0,372.0,576.0,533.0,1109.0,1.0,5.0,0.0,1971.0,1.0,288.0,0.0,1481.0,1.5,35.0,36.0,2.0,5545.0,288.0,0.0,0.0,1.0,0.0,0.0,0.0,1.0,0.0,0.0,0.0,1.0,0.0,0.0,1.0
60.0,70.34384858044164,13869.0,6.0,1997.0,1997.0,182.0,612.0,794.0,794.0,676.0,1470.0,2.0,6.0,0.0,1997.0,2.0,388.0,75.0,2264.0,2.5,75.0,10.0,10.0,8820.0,776.0,1.0,0.0,1.0,1.0,0.0,1.0,0.0,1.0,0.0,0.0,1.0,0.0,1.0,0.0
20.0,60.0,7350.0,5.0,1951.0,1951.0,852.0,100.0,952.0,952.0,0.0,952.0,1.0,4.0,0.0,1988.0,2.0,840.0,0.0,1904.0,2.0,0.0,57.0,57.0,4760.0,1680.0,0.0,0.0,1.0,0.0,0.0,0.0,1.0,0.0,0.0,0.0,1.0,1.0,0.0,1.0
20.0,70.34384858044164,21695.0,6.0,1988.0,2007.0,808.0,72.0,880.0,1680.0,0.0,1680.0,2.0,5.0,1.0,1988.0,2.0,540.0,44.0,2560.0,3.0,518.0,21.0,2.0,10080.0,1080.0,0.0,1.0,0.0,0.0,0.0,1.0,0.0,1.0,1.0,1.0,0.0,0.0,1.0,0.0
20.0,100.0,10004.0,6.0,1964.0,1964.0,196.0,975.0,1516.0,1516.0,0.0,1516.0,1.0,6.0,0.0,1964.0,2.0,472.0,0.0,3032.0,1.5,152.0,45.0,45.0,9096.0,944.0,0.0,0.0,1.0,0.0,0.0,0.0,1.0,0.0,0.0,0.0,1.0,0.0,0.0,0.0
20.0,93.0,12085.0,8.0,2007.0,2007.0,1004.0,730.0,1734.0,1734.0,0.0,1734.0,2.0,7.0,1.0,2007.0,3.0,928.0,0.0,3468.0,3.0,0.0,0.0,0.0,13872.0,2784.0,1.0,1.0,0.0,1.0,1.0,0.0,0.0,1.0,1.0,0.0,0.0,0.0,0.0,0.0
120.0,70.34384858044164,6820.0,8.0,1985.0,1985.0,368.0,0.0,1488.0,1502.0,0.0,1502.0,1.0,4.0,0.0,1985.0,2.0,528.0,54.0,2990.0,2.5,194.0,25.0,25.0,12016.0,1056.0,0.0,1.0,0.0,1.0,0.0,1.0,0.0,1.0,0.0,1.0,0.0,0.0,0.0,0.0
160.0,36.0,2268.0,7.0,2003.0,2004.0,567.0,197.0,764.0,764.0,862.0,1626.0,2.0,6.0,0.0,2003.0,2.0,474.0,27.0,2390.0,2.0,27.0,6.0,5.0,11382.0,948.0,0.0,1.0,0.0,1.0,0.0,1.0,0.0,1.0,1.0,1.0,0.0,0.0,0.0,0.0
50.0,60.0,10320.0,6.0,1906.0,1995.0,0.0,756.0,756.0,756.0,713.0,1469.0,1.0,7.0,0.0,1906.0,1.0,216.0,0.0,2225.0,1.0,296.0,102.0,13.0,8814.0,216.0,0.0,0.0,1.0,0.0,0.0,0.0,1.0,0.0,1.0,0.0,1.0,1.0,0.0,1.0
60.0,65.0,8125.0,7.0,2006.0,2007.0,812.0,280.0,1092.0,1112.0,438.0,1550.0,2.0,7.0,0.0,2007.0,2.0,438.0,168.0,2642.0,3.0,168.0,3.0,2.0,10850.0,876.0,0.0,1.0,0.0,1.0,0.0,1.0,0.0,1.0,1.0,1.0,0.0,0.0,1.0,0.0
120.0,40.0,6792.0,7.0,2005.0,2006.0,0.0,1368.0,1368.0,1368.0,0.0,1368.0,2.0,6.0,1.0,2005.0,2.0,474.0,35.0,2736.0,2.0,167.0,1.0,0.0,9576.0,948.0,1.0,1.0,0.0,1.0,0.0,1.0,0.0,0.0,1.0,1.0,0.0,0.0,0.0,0.0
60.0,111.0,16259.0,9.0,2006.0,2006.0,0.0,1249.0,1249.0,1249.0,1347.0,2596.0,3.0,9.0,0.0,2006.0,3.0,840.0,154.0,3845.0,3.5,394.0,0.0,0.0,23364.0,2520.0,1.0,0.0,1.0,1.0,1.0,0.0,0.0,0.0,1.0,1.0,0.0,0.0,0.0,0.0
20.0,70.0,7560.0,5.0,1958.0,1965.0,504.0,525.0,1029.0,1339.0,0.0,1339.0,1.0,6.0,0.0,1958.0,1.0,294.0,0.0,2368.0,1.0,0.0,51.0,44.0,6695.0,294.0,0.0,0.0,1.0,0.0,0.0,0.0,1.0,0.0,0.0,0.0,1.0,0.0,0.0,1.0
60.0,58.0,16770.0,7.0,1998.0,1998.0,0.0,1195.0,1195.0,1195.0,644.0,1839.0,2.0,7.0,0.0,1998.0,2.0,486.0,81.0,3034.0,2.5,81.0,12.0,12.0,12873.0,972.0,1.0,1.0,0.0,1.0,0.0,1.0,0.0,0.0,0.0,0.0,1.0,0.0,1.0,0.0
60.0,108.0,13418.0,8.0,2004.0,2005.0,0.0,1117.0,1117.0,1132.0,1320.0,2452.0,3.0,9.0,1.0,2004.0,3.0,691.0,32.0,3569.0,3.5,145.0,2.0,1.0,19616.0,2073.0,1.0,1.0,0.0,1.0,1.0,0.0,0.0,0.0,1.0,1.0,0.0,0.0,1.0,0.0
60.0,63.0,7875.0,7.0,2003.0,2003.0,0.0,783.0,783.0,807.0,702.0,1509.0,2.0,8.0,1.0,2003.0,2.0,393.0,75.0,2292.0,2.5,75.0,3.0,3.0,10563.0,786.0,1.0,1.0,0.0,1.0,0.0,1.0,0.0,0.0,1.0,1.0,0.0,0.0,1.0,0.0
20.0,65.0,8529.0,7.0,2001.0,2001.0,20.0,1434.0,1454.0,1434.0,0.0,1434.0,2.0,6.0,1.0,2001.0,2.0,527.0,39.0,2888.0,2.0,329.0,8.0,8.0,10038.0,1054.0,1.0,1.0,0.0,1.0,0.0,1.0,0.0,1.0,1.0,1.0,0.0,0.0,0.0,0.0
20.0,70.34384858044164,7153.0,6.0,1991.0,1991.0,1200.0,78.0,1278.0,1294.0,0.0,1294.0,2.0,6.0,0.0,1991.0,2.0,496.0,51.0,2572.0,3.0,163.0,17.0,17.0,7764.0,992.0,0.0,0.0,1.0,0.0,0.0,1.0,0.0,1.0,0.0,1.0,0.0,0.0,0.0,0.0
70.0,63.0,15576.0,6.0,1915.0,1976.0,0.0,840.0,840.0,840.0,840.0,1680.0,2.0,8.0,0.0,1960.0,1.0,308.0,0.0,2520.0,2.0,160.0,93.0,32.0,10080.0,308.0,0.0,0.0,1.0,0.0,0.0,1.0,0.0,0.0,1.0,0.0,1.0,0.0,0.0,1.0
60.0,70.0,8462.0,6.0,1994.0,1994.0,814.0,114.0,928.0,936.0,785.0,1721.0,2.0,7.0,0.0,1994.0,2.0,471.0,87.0,2649.0,3.0,387.0,13.0,13.0,10326.0,942.0,0.0,1.0,0.0,1.0,0.0,1.0,0.0,1.0,1.0,1.0,0.0,0.0,0.0,0.0
20.0,70.34384858044164,12735.0,4.0,1972.0,1972.0,600.0,264.0,864.0,864.0,0.0,864.0,1.0,5.0,0.0,1980.0,2.0,576.0,0.0,1728.0,1.0,216.0,36.0,36.0,3456.0,1152.0,0.0,0.0,1.0,0.0,0.0,0.0,1.0,0.0,0.0,0.0,1.0,1.0,0.0,1.0
160.0,24.0,2280.0,7.0,1999.0,1999.0,549.0,195.0,744.0,757.0,744.0,1501.0,2.0,6.0,0.0,1999.0,2.0,440.0,0.0,2245.0,2.5,0.0,9.0,9.0,10507.0,880.0,0.0,0.0,1.0,1.0,0.0,1.0,0.0,0.0,0.0,0.0,1.0,1.0,0.0,1.0
190.0,85.0,13600.0,5.0,1900.0,1950.0,0.0,662.0,662.0,1422.0,915.0,2337.0,2.0,10.0,0.0,1945.0,2.0,560.0,57.0,2999.0,2.0,57.0,107.0,57.0,11685.0,1120.0,0.0,0.0,1.0,0.0,0.0,0.0,1.0,0.0,0.0,0.0,1.0,1.0,0.0,1.0
20.0,80.0,10400.0,7.0,1988.0,1988.0,929.0,916.0,1845.0,1872.0,0.0,1872.0,2.0,6.0,1.0,1988.0,2.0,604.0,39.0,3717.0,2.5,236.0,18.0,18.0,13104.0,1208.0,0.0,0.0,1.0,0.0,0.0,1.0,0.0,1.0,0.0,0.0,1.0,0.0,1.0,0.0
20.0,182.0,14572.0,7.0,2004.0,2004.0,1300.0,230.0,1530.0,1530.0,0.0,1530.0,2.0,7.0,1.0,2004.0,3.0,630.0,36.0,3060.0,3.0,180.0,3.0,3.0,10710.0,1890.0,1.0,1.0,0.0,1.0,0.0,1.0,0.0,1.0,1.0,1.0,0.0,0.0,1.0,0.0
75.0,35.0,6300.0,6.0,1914.0,2001.0,0.0,742.0,742.0,742.0,742.0,1484.0,2.0,9.0,1.0,1978.6621376811595,0.0,0.0,291.0,2226.0,2.0,425.0,94.0,7.0,8904.0,0.0,0.0,0.0,1.0,0.0,0.0,0.0,1.0,0.0,1.0,0.0,1.0,0.0,0.0,1.0
180.0,21.0,1526.0,4.0,1970.0,2002.0,515.0,115.0,630.0,630.0,0.0,630.0,1.0,3.0,0.0,1970.0,1.0,286.0,0.0,1260.0,2.0,0.0,39.0,7.0,2520.0,286.0,0.0,0.0,1.0,0.0,0.0,1.0,0.0,1.0,0.0,1.0,0.0,0.0,0.0,1.0
30.0,84.0,11340.0,6.0,1923.0,1950.0,0.0,1200.0,1200.0,1200.0,0.0,1200.0,1.0,7.0,0.0,1923.0,1.0,312.0,0.0,2400.0,1.0,228.0,83.0,56.0,7200.0,312.0,0.0,0.0,1.0,0.0,0.0,0.0,1.0,0.0,0.0,0.0,1.0,1.0,0.0,1.0
60.0,70.34384858044164,12227.0,6.0,1977.0,1995.0,896.0,434.0,1330.0,1542.0,1330.0,2872.0,2.0,11.0,1.0,1977.0,2.0,619.0,282.0,4202.0,3.5,832.0,31.0,13.0,17232.0,1238.0,0.0,0.0,1.0,0.0,0.0,1.0,0.0,0.0,0.0,0.0,1.0,0.0,1.0,0.0
80.0,70.34384858044164,12095.0,6.0,1964.0,1964.0,564.0,563.0,1127.0,1445.0,0.0,1445.0,1.0,7.0,1.0,1964.0,2.0,645.0,0.0,2572.0,1.5,180.0,45.0,45.0,8670.0,1290.0,0.0,0.0,1.0,0.0,0.0,0.0,1.0,0.0,0.0,0.0,1.0,0.0,0.0,0.0
20.0,87.0,10000.0,6.0,1962.0,1962.0,0.0,1116.0,1116.0,1116.0,0.0,1116.0,1.0,5.0,0.0,1962.0,2.0,440.0,0.0,2232.0,1.5,385.0,48.0,48.0,6696.0,880.0,0.0,0.0,1.0,0.0,0.0,0.0,1.0,0.0,0.0,0.0,1.0,0.0,0.0,1.0
160.0,70.34384858044164,5062.0,7.0,1984.0,1984.0,828.0,180.0,1190.0,1190.0,900.0,2090.0,2.0,6.0,1.0,1984.0,2.0,577.0,0.0,3280.0,3.0,219.0,23.0,23.0,14630.0,1154.0,0.0,1.0,0.0,0.0,0.0,1.0,0.0,1.0,0.0,1.0,0.0,0.0,1.0,0.0
90.0,70.34384858044164,7032.0,5.0,1979.0,1979.0,943.0,0.0,943.0,943.0,0.0,943.0,1.0,4.0,2.0,1979.0,2.0,600.0,0.0,1886.0,2.0,42.0,27.0,27.0,4715.0,1200.0,0.0,0.0,1.0,0.0,0.0,1.0,0.0,1.0,0.0,0.0,1.0,1.0,0.0,1.0
50.0,51.0,6171.0,6.0,1925.0,1990.0,264.0,712.0,976.0,1160.0,448.0,1608.0,2.0,7.0,1.0,1925.0,1.0,216.0,16.0,2584.0,2.5,163.0,84.0,19.0,9648.0,216.0,0.0,0.0,1.0,0.0,0.0,0.0,1.0,0.0,1.0,1.0,0.0,1.0,0.0,1.0
90.0,72.0,10791.0,4.0,1967.0,1967.0,0.0,0.0,0.0,1296.0,0.0,1296.0,2.0,6.0,0.0,1967.0,2.0,516.0,0.0,1296.0,2.0,0.0,39.0,39.0,5184.0,1032.0,0.0,0.0,1.0,0.0,0.0,0.0,1.0,0.0,0.0,0.0,1.0,0.0,0.0,1.0
45.0,55.0,4388.0,5.0,1930.0,1950.0,116.0,556.0,672.0,840.0,0.0,840.0,1.0,5.0,1.0,1978.6621376811595,0.0,0.0,0.0,1512.0,1.0,0.0,77.0,57.0,4200.0,0.0,0.0,0.0,1.0,0.0,0.0,0.0,1.0,0.0,1.0,0.0,1.0,0.0,0.0,1.0
60.0,70.34384858044164,9900.0,7.0,1968.0,1968.0,552.0,280.0,832.0,1098.0,880.0,1978.0,2.0,9.0,1.0,1968.0,2.0,486.0,43.0,2810.0,2.5,43.0,40.0,40.0,13846.0,972.0,0.0,0.0,1.0,0.0,0.0,0.0,1.0,0.0,0.0,0.0,1.0,0.0,0.0,0.0
85.0,70.34384858044164,12122.0,7.0,1961.0,2007.0,867.0,77.0,944.0,999.0,0.0,999.0,1.0,6.0,0.0,1961.0,2.0,588.0,76.0,1943.0,2.0,220.0,47.0,1.0,6993.0,1176.0,0.0,0.0,0.0,0.0,0.0,0.0,1.0,0.0,0.0,0.0,0.0,0.0,0.0,0.0
120.0,70.34384858044164,4928.0,6.0,1976.0,1976.0,958.0,0.0,958.0,958.0,0.0,958.0,2.0,5.0,0.0,1976.0,2.0,440.0,60.0,1916.0,2.0,60.0,33.0,33.0,5748.0,880.0,0.0,0.0,1.0,0.0,0.0,1.0,0.0,0.0,0.0,0.0,1.0,0.0,0.0,0.0
70.0,70.0,10570.0,8.0,1932.0,1994.0,297.0,556.0,853.0,1549.0,1178.0,2727.0,2.0,10.0,2.0,1932.0,2.0,440.0,74.0,3580.0,2.5,74.0,75.0,13.0,21816.0,880.0,0.0,1.0,0.0,0.0,0.0,1.0,0.0,0.0,0.0,1.0,0.0,1.0,0.0,1.0
30.0,98.0,8731.0,5.0,1920.0,1950.0,645.0,270.0,915.0,1167.0,0.0,1167.0,1.0,6.0,1.0,1972.0,2.0,495.0,0.0,2082.0,1.0,342.0,87.0,57.0,5835.0,990.0,0.0,0.0,1.0,0.0,0.0,0.0,1.0,0.0,0.0,0.0,1.0,1.0,0.0,1.0
60.0,80.0,9760.0,6.0,1964.0,1993.0,536.0,169.0,822.0,1020.0,831.0,1851.0,2.0,7.0,1.0,1964.0,2.0,440.0,42.0,2673.0,2.5,281.0,43.0,14.0,11106.0,880.0,0.0,0.0,1.0,0.0,0.0,0.0,1.0,0.0,0.0,1.0,0.0,0.0,0.0,0.0
20.0,80.0,10721.0,6.0,1959.0,1959.0,0.0,1252.0,1252.0,1252.0,0.0,1252.0,1.0,7.0,0.0,1960.0,2.0,528.0,39.0,2504.0,1.0,39.0,49.0,49.0,7512.0,1056.0,0.0,1.0,0.0,0.0,0.0,0.0,1.0,0.0,1.0,1.0,0.0,1.0,0.0,1.0
50.0,52.0,6240.0,4.0,1947.0,1950.0,0.0,0.0,0.0,672.0,240.0,912.0,1.0,3.0,0.0,1978.6621376811595,0.0,0.0,0.0,912.0,1.0,0.0,59.0,56.0,3648.0,0.0,0.0,0.0,1.0,0.0,0.0,0.0,1.0,0.0,0.0,0.0,1.0,0.0,0.0,1.0
20.0,82.0,12464.0,5.0,1996.0,1996.0,732.0,308.0,1040.0,1040.0,0.0,1040.0,1.0,6.0,0.0,2000.0,2.0,576.0,0.0,2080.0,2.0,168.0,13.0,13.0,5200.0,1152.0,1.0,0.0,1.0,1.0,0.0,1.0,0.0,1.0,0.0,1.0,0.0,1.0,0.0,1.0
160.0,70.34384858044164,2117.0,6.0,2000.0,2000.0,436.0,320.0,756.0,769.0,756.0,1525.0,2.0,5.0,1.0,2000.0,2.0,440.0,0.0,2281.0,2.5,0.0,7.0,7.0,9150.0,880.0,0.0,1.0,0.0,1.0,0.0,1.0,0.0,1.0,1.0,1.0,0.0,1.0,0.0,1.0
60.0,66.0,16226.0,8.0,1998.0,1999.0,281.0,747.0,1028.0,1210.0,1242.0,2452.0,2.0,9.0,1.0,1998.0,2.0,683.0,50.0,3480.0,2.5,258.0,9.0,8.0,19616.0,1366.0,1.0,1.0,0.0,1.0,0.0,1.0,0.0,1.0,1.0,1.0,0.0,0.0,1.0,0.0
20.0,70.34384858044164,12692.0,8.0,1992.0,1993.0,1231.0,1969.0,3200.0,3228.0,0.0,3228.0,3.0,10.0,1.0,1992.0,2.0,546.0,75.0,6428.0,4.0,630.0,15.0,14.0,25824.0,1092.0,0.0,1.0,0.0,1.0,0.0,1.0,0.0,1.0,1.0,1.0,0.0,0.0,0.0,0.0
80.0,59.0,9587.0,7.0,2005.0,2005.0,655.0,201.0,856.0,1166.0,0.0,1166.0,2.0,5.0,0.0,2005.0,2.0,400.0,0.0,2022.0,3.0,212.0,3.0,3.0,8162.0,800.0,1.0,1.0,0.0,1.0,0.0,1.0,0.0,1.0,1.0,1.0,0.0,0.0,1.0,0.0
50.0,78.0,10496.0,6.0,1949.0,1950.0,196.0,844.0,1040.0,1168.0,678.0,1846.0,2.0,7.0,1.0,1949.0,1.0,315.0,0.0,2886.0,2.0,0.0,58.0,57.0,11076.0,315.0,0.0,0.0,1.0,0.0,0.0,0.0,1.0,0.0,1.0,0.0,1.0,0.0,0.0,1.0
20.0,78.0,10140.0,5.0,1975.0,1975.0,788.0,268.0,1056.0,1074.0,0.0,1074.0,1.0,6.0,0.0,1975.0,2.0,495.0,88.0,2130.0,2.5,88.0,31.0,31.0,5370.0,990.0,0.0,0.0,1.0,0.0,0.0,1.0,0.0,0.0,1.0,0.0,1.0,0.0,0.0,0.0
60.0,79.0,10208.0,7.0,1996.0,1997.0,0.0,1264.0,1264.0,1277.0,1067.0,2344.0,2.0,7.0,1.0,1996.0,3.0,889.0,0.0,3608.0,2.5,220.0,13.0,12.0,16408.0,2667.0,1.0,1.0,0.0,1.0,0.0,1.0,0.0,0.0,1.0,1.0,0.0,0.0,0.0,0.0
45.0,60.0,9600.0,5.0,1949.0,2003.0,220.0,625.0,845.0,893.0,0.0,893.0,1.0,4.0,0.0,1985.0,2.0,576.0,0.0,1738.0,1.5,0.0,58.0,4.0,4465.0,1152.0,0.0,0.0,1.0,0.0,0.0,0.0,1.0,0.0,0.0,1.0,0.0,1.0,0.0,1.0
20.0,75.0,13125.0,6.0,1997.0,1998.0,994.0,484.0,1478.0,1493.0,0.0,1493.0,2.0,7.0,1.0,1997.0,2.0,508.0,39.0,2971.0,3.0,179.0,11.0,10.0,8958.0,1016.0,1.0,0.0,1.0,1.0,0.0,1.0,0.0,1.0,1.0,1.0,0.0,0.0,1.0,0.0
60.0,92.0,12003.0,8.0,2009.0,2010.0,0.0,774.0,774.0,774.0,1194.0,1968.0,2.0,8.0,1.0,2009.0,3.0,680.0,75.0,2742.0,2.5,75.0,1.0,0.0,15744.0,2040.0,1.0,1.0,0.0,1.0,1.0,0.0,0.0,0.0,1.0,0.0,0.0,0.0,1.0,0.0
20.0,70.34384858044164,11241.0,6.0,1970.0,1970.0,578.0,426.0,1004.0,1004.0,0.0,1004.0,1.0,5.0,1.0,1970.0,2.0,480.0,0.0,2008.0,2.0,0.0,40.0,40.0,6024.0,960.0,0.0,0.0,1.0,0.0,0.0,0.0,1.0,0.0,1.0,0.0,1.0,0.0,1.0,0.0
50.0,50.0,7585.0,5.0,1948.0,1950.0,0.0,810.0,810.0,1002.0,454.0,1456.0,1.0,7.0,1.0,1954.0,1.0,280.0,0.0,2266.0,2.5,0.0,58.0,56.0,7280.0,280.0,0.0,0.0,1.0,0.0,0.0,0.0,0.0,0.0,0.0,0.0,1.0,1.0,0.0,1.0
50.0,70.0,8737.0,6.0,1923.0,1950.0,300.0,765.0,1065.0,915.0,720.0,1635.0,1.0,6.0,1.0,1950.0,2.0,440.0,38.0,2700.0,1.5,182.0,84.0,57.0,9810.0,880.0,0.0,0.0,1.0,0.0,0.0,1.0,0.0,0.0,1.0,0.0,1.0,1.0,0.0,1.0
50.0,78.0,17503.0,6.0,1948.0,1950.0,0.0,912.0,912.0,912.0,546.0,1458.0,1.0,6.0,1.0,1948.0,1.0,330.0,0.0,2370.0,1.5,192.0,62.0,60.0,8748.0,330.0,1.0,0.0,1.0,0.0,0.0,0.0,1.0,0.0,0.0,0.0,1.0,0.0,0.0,1.0
120.0,70.34384858044164,4500.0,6.0,1999.0,1999.0,883.0,341.0,1224.0,1224.0,0.0,1224.0,2.0,5.0,0.0,1999.0,2.0,402.0,304.0,2448.0,3.0,304.0,10.0,10.0,7344.0,804.0,1.0,0.0,1.0,1.0,1.0,0.0,0.0,1.0,1.0,0.0,1.0,0.0,1.0,0.0
120.0,43.0,3013.0,7.0,2005.0,2005.0,16.0,1346.0,1362.0,1506.0,0.0,1506.0,2.0,6.0,1.0,2005.0,2.0,440.0,20.0,2868.0,2.0,162.0,1.0,1.0,10542.0,880.0,1.0,1.0,0.0,1.0,0.0,1.0,0.0,1.0,1.0,1.0,0.0,0.0,1.0,0.0
20.0,89.0,10680.0,5.0,1951.0,1951.0,756.0,1380.0,2136.0,2136.0,0.0,2136.0,2.0,7.0,0.0,1951.0,2.0,528.0,30.0,4272.0,2.0,30.0,55.0,55.0,10680.0,1056.0,0.0,0.0,1.0,0.0,0.0,0.0,1.0,0.0,0.0,0.0,1.0,1.0,0.0,1.0
160.0,24.0,2572.0,7.0,1999.0,1999.0,604.0,92.0,696.0,696.0,720.0,1416.0,2.0,6.0,0.0,1999.0,2.0,484.0,44.0,2112.0,3.5,44.0,11.0,11.0,9912.0,968.0,0.0,1.0,0.0,1.0,0.0,1.0,0.0,0.0,1.0,1.0,0.0,1.0,0.0,1.0
20.0,70.34384858044164,11400.0,10.0,2001.0,2002.0,1282.0,1351.0,2633.0,2633.0,0.0,2633.0,2.0,8.0,2.0,2001.0,3.0,804.0,140.0,5266.0,3.5,454.0,6.0,5.0,26330.0,2412.0,1.0,0.0,0.0,1.0,1.0,0.0,0.0,1.0,1.0,0.0,0.0,0.0,0.0,0.0
20.0,74.0,9612.0,8.0,2008.0,2009.0,0.0,1468.0,1468.0,1468.0,0.0,1468.0,2.0,6.0,1.0,2008.0,3.0,898.0,150.0,2936.0,2.0,360.0,1.0,0.0,11744.0,2694.0,1.0,1.0,0.0,1.0,0.0,1.0,0.0,0.0,1.0,1.0,0.0,0.0,1.0,0.0
20.0,57.0,7677.0,5.0,1953.0,1953.0,570.0,203.0,773.0,773.0,0.0,773.0,1.0,4.0,0.0,1953.0,1.0,240.0,0.0,1546.0,1.0,0.0,55.0,55.0,3865.0,240.0,1.0,0.0,1.0,0.0,0.0,0.0,1.0,0.0,0.0,0.0,1.0,0.0,0.0,1.0
160.0,21.0,1680.0,5.0,1971.0,1971.0,0.0,630.0,630.0,630.0,672.0,1302.0,2.0,6.0,0.0,1991.0,1.0,280.0,0.0,1932.0,2.5,0.0,38.0,38.0,6510.0,280.0,0.0,0.0,1.0,0.0,0.0,0.0,1.0,0.0,0.0,0.0,1.0,1.0,0.0,1.0
20.0,60.0,7200.0,5.0,1951.0,2000.0,234.0,180.0,900.0,900.0,0.0,900.0,1.0,5.0,0.0,2005.0,2.0,576.0,32.0,1800.0,1.5,254.0,59.0,10.0,4500.0,1152.0,0.0,0.0,1.0,0.0,0.0,0.0,1.0,0.0,0.0,1.0,0.0,1.0,0.0,1.0
45.0,50.0,6000.0,6.0,1926.0,2004.0,0.0,884.0,884.0,904.0,0.0,904.0,1.0,4.0,0.0,1926.0,1.0,180.0,0.0,1788.0,1.0,105.0,83.0,5.0,5424.0,180.0,0.0,1.0,0.0,1.0,0.0,0.0,1.0,0.0,0.0,0.0,1.0,1.0,0.0,1.0
20.0,70.34384858044164,16381.0,6.0,1969.0,1969.0,1110.0,734.0,1844.0,1844.0,0.0,1844.0,2.0,7.0,1.0,1969.0,2.0,540.0,73.0,3688.0,3.0,289.0,37.0,37.0,11064.0,1080.0,0.0,1.0,0.0,0.0,0.0,0.0,1.0,0.0,0.0,1.0,0.0,0.0,0.0,0.0
120.0,43.0,3182.0,7.0,2005.0,2006.0,16.0,1357.0,1373.0,1555.0,0.0,1555.0,2.0,7.0,1.0,2005.0,2.0,430.0,20.0,2928.0,2.0,163.0,4.0,3.0,10885.0,860.0,1.0,1.0,0.0,1.0,0.0,1.0,0.0,1.0,1.0,1.0,0.0,0.0,1.0,0.0
20.0,74.0,8532.0,5.0,1954.0,1990.0,1213.0,84.0,1297.0,1297.0,0.0,1297.0,1.0,5.0,1.0,1954.0,2.0,498.0,0.0,2594.0,1.5,0.0,55.0,19.0,6485.0,996.0,0.0,0.0,1.0,0.0,0.0,0.0,1.0,0.0,0.0,0.0,1.0,0.0,1.0,0.0
50.0,50.0,8405.0,4.0,1945.0,1950.0,0.0,0.0,0.0,1088.0,441.0,1529.0,2.0,9.0,0.0,1945.0,1.0,240.0,0.0,1529.0,2.0,277.0,64.0,59.0,6116.0,240.0,0.0,0.0,1.0,0.0,0.0,0.0,1.0,0.0,0.0,0.0,1.0,1.0,0.0,1.0
20.0,70.34384858044164,13680.0,3.0,1955.0,1955.0,0.0,0.0,0.0,1733.0,0.0,1733.0,2.0,8.0,1.0,1955.0,2.0,452.0,0.0,1733.0,2.0,0.0,54.0,54.0,5199.0,904.0,0.0,0.0,1.0,0.0,0.0,0.0,1.0,0.0,1.0,0.0,1.0,0.0,0.0,1.0
60.0,76.0,9291.0,6.0,1993.0,1993.0,426.0,406.0,832.0,832.0,878.0,1710.0,2.0,7.0,0.0,1993.0,2.0,506.0,70.0,2542.0,2.5,214.0,15.0,15.0,10260.0,1012.0,0.0,1.0,0.0,1.0,0.0,1.0,0.0,1.0,1.0,1.0,0.0,0.0,0.0,0.0
80.0,78.0,12090.0,6.0,1984.0,2003.0,0.0,585.0,585.0,1140.0,728.0,1868.0,3.0,7.0,1.0,1984.0,2.0,477.0,112.0,2453.0,3.5,527.0,23.0,4.0,11208.0,954.0,1.0,0.0,1.0,0.0,0.0,1.0,0.0,0.0,1.0,0.0,1.0,0.0,1.0,0.0
20.0,80.0,17400.0,5.0,1977.0,1977.0,936.0,190.0,1126.0,1126.0,0.0,1126.0,2.0,5.0,1.0,1977.0,2.0,484.0,41.0,2252.0,3.0,336.0,29.0,29.0,5630.0,968.0,0.0,0.0,1.0,0.0,0.0,0.0,1.0,0.0,0.0,0.0,1.0,0.0,0.0,0.0
160.0,70.34384858044164,5105.0,7.0,2004.0,2004.0,239.0,312.0,551.0,551.0,551.0,1102.0,2.0,4.0,0.0,2004.0,2.0,480.0,60.0,1653.0,2.5,60.0,3.0,3.0,7714.0,960.0,0.0,1.0,0.0,1.0,0.0,1.0,0.0,1.0,1.0,1.0,0.0,1.0,0.0,1.0
50.0,57.0,7558.0,6.0,1928.0,1950.0,0.0,896.0,896.0,1172.0,741.0,1913.0,1.0,9.0,1.0,1929.0,2.0,342.0,0.0,2809.0,1.5,0.0,81.0,59.0,11478.0,684.0,0.0,0.0,1.0,0.0,0.0,0.0,1.0,0.0,0.0,0.0,1.0,1.0,0.0,1.0
120.0,53.0,3982.0,8.0,2006.0,2006.0,1154.0,366.0,1520.0,1567.0,0.0,1567.0,2.0,7.0,1.0,2006.0,3.0,648.0,0.0,3087.0,3.0,312.0,0.0,0.0,12536.0,1944.0,1.0,1.0,0.0,1.0,0.0,1.0,0.0,1.0,1.0,0.0,0.0,0.0,1.0,0.0
20.0,80.0,9600.0,5.0,1956.0,1956.0,504.0,546.0,1050.0,1050.0,0.0,1050.0,1.0,5.0,0.0,1956.0,1.0,338.0,0.0,2100.0,1.0,0.0,53.0,53.0,5250.0,338.0,0.0,0.0,1.0,0.0,0.0,0.0,1.0,0.0,0.0,0.0,1.0,0.0,0.0,1.0
20.0,92.0,11932.0,8.0,2007.0,2008.0,0.0,1580.0,1580.0,1580.0,0.0,1580.0,2.0,7.0,0.0,2008.0,3.0,830.0,24.0,3160.0,2.0,24.0,1.0,0.0,12640.0,2490.0,1.0,1.0,0.0,1.0,0.0,1.0,0.0,0.0,1.0,1.0,0.0,0.0,0.0,0.0
20.0,72.0,8640.0,8.0,2009.0,2009.0,936.0,364.0,1300.0,1314.0,0.0,1314.0,2.0,6.0,0.0,2009.0,2.0,552.0,112.0,2614.0,3.0,247.0,0.0,0.0,10512.0,1104.0,0.0,1.0,0.0,1.0,0.0,1.0,0.0,1.0,1.0,1.0,0.0,0.0,0.0,0.0
50.0,60.0,10440.0,6.0,1920.0,1950.0,493.0,1017.0,1510.0,1584.0,1208.0,2792.0,2.0,8.0,2.0,1920.0,2.0,520.0,547.0,4302.0,2.0,1027.0,88.0,58.0,16752.0,1040.0,0.0,1.0,0.0,0.0,0.0,1.0,0.0,0.0,1.0,0.0,1.0,1.0,0.0,1.0
60.0,79.0,12798.0,6.0,1997.0,1997.0,462.0,154.0,616.0,616.0,1072.0,1688.0,2.0,8.0,0.0,1997.0,2.0,603.0,114.0,2304.0,3.5,702.0,11.0,11.0,10128.0,1206.0,1.0,0.0,1.0,1.0,0.0,1.0,0.0,1.0,0.0,1.0,0.0,0.0,0.0,0.0
20.0,70.34384858044164,11120.0,6.0,1984.0,1984.0,660.0,572.0,1232.0,1232.0,0.0,1232.0,2.0,6.0,0.0,1984.0,2.0,516.0,0.0,2464.0,2.0,0.0,24.0,24.0,7392.0,1032.0,0.0,0.0,1.0,1.0,0.0,1.0,0.0,0.0,0.0,0.0,1.0,0.0,0.0,1.0
160.0,24.0,1300.0,6.0,1980.0,1980.0,285.0,276.0,561.0,561.0,668.0,1229.0,1.0,5.0,1.0,1980.0,2.0,462.0,0.0,1790.0,1.5,150.0,29.0,29.0,7374.0,924.0,0.0,0.0,1.0,0.0,0.0,1.0,0.0,0.0,0.0,0.0,1.0,0.0,1.0,0.0
190.0,107.0,10615.0,3.0,1900.0,1970.0,440.0,538.0,978.0,1014.0,685.0,1699.0,2.0,7.0,0.0,1920.0,2.0,420.0,74.0,2677.0,3.0,74.0,109.0,39.0,5097.0,840.0,0.0,0.0,1.0,0.0,0.0,0.0,0.0,0.0,0.0,0.0,1.0,0.0,0.0,1.0
20.0,60.0,6000.0,4.0,1953.0,1953.0,0.0,936.0,936.0,936.0,0.0,936.0,1.0,4.0,0.0,1974.0,2.0,576.0,32.0,1872.0,1.0,144.0,56.0,56.0,3744.0,1152.0,0.0,0.0,0.0,0.0,0.0,0.0,0.0,0.0,0.0,0.0,1.0,1.0,0.0,1.0
60.0,41.0,12393.0,7.0,2004.0,2005.0,0.0,847.0,847.0,847.0,1101.0,1948.0,2.0,8.0,1.0,2004.0,2.0,434.0,48.0,2795.0,2.5,148.0,2.0,1.0,13636.0,868.0,1.0,1.0,0.0,1.0,0.0,1.0,0.0,0.0,1.0,1.0,0.0,0.0,1.0,0.0
60.0,74.0,8834.0,9.0,2004.0,2005.0,1170.0,292.0,1462.0,1462.0,762.0,2224.0,2.0,10.0,1.0,2004.0,3.0,738.0,0.0,3686.0,3.5,184.0,5.0,4.0,20016.0,2214.0,1.0,1.0,0.0,1.0,1.0,0.0,0.0,1.0,1.0,0.0,0.0,0.0,1.0,0.0
90.0,82.0,6270.0,5.0,1949.0,1950.0,284.0,717.0,1001.0,1001.0,1001.0,2002.0,2.0,8.0,0.0,1949.0,3.0,871.0,0.0,3003.0,2.0,0.0,58.0,57.0,10010.0,2613.0,0.0,0.0,1.0,0.0,0.0,0.0,1.0,0.0,0.0,0.0,1.0,0.0,0.0,1.0
60.0,70.34384858044164,14803.0,6.0,1971.0,1971.0,416.0,409.0,825.0,1097.0,896.0,1993.0,2.0,8.0,1.0,1971.0,2.0,495.0,66.0,2818.0,2.5,66.0,35.0,35.0,11958.0,990.0,0.0,0.0,1.0,0.0,0.0,0.0,1.0,0.0,0.0,0.0,1.0,0.0,0.0,0.0
60.0,95.0,13450.0,7.0,2002.0,2002.0,700.0,216.0,916.0,920.0,941.0,1861.0,2.0,8.0,0.0,2002.0,2.0,492.0,91.0,2777.0,3.5,237.0,4.0,4.0,13027.0,984.0,1.0,1.0,0.0,1.0,0.0,1.0,0.0,1.0,1.0,1.0,0.0,0.0,0.0,0.0
20.0,80.0,9600.0,5.0,1959.0,1959.0,991.0,50.0,1041.0,1041.0,0.0,1041.0,1.0,6.0,0.0,1959.0,1.0,270.0,88.0,2082.0,2.0,312.0,50.0,50.0,5205.0,270.0,0.0,0.0,1.0,0.0,0.0,0.0,1.0,0.0,1.0,0.0,1.0,0.0,0.0,0.0
30.0,60.0,6180.0,6.0,1926.0,1950.0,0.0,960.0,960.0,986.0,0.0,986.0,1.0,5.0,1.0,1926.0,1.0,180.0,128.0,1946.0,1.0,128.0,81.0,57.0,5916.0,180.0,0.0,0.0,1.0,0.0,0.0,0.0,1.0,0.0,0.0,0.0,1.0,1.0,0.0,1.0
120.0,70.34384858044164,3136.0,7.0,2003.0,2003.0,0.0,1405.0,1405.0,1405.0,0.0,1405.0,2.0,6.0,1.0,2003.0,2.0,478.0,36.0,2810.0,2.0,184.0,3.0,3.0,9835.0,956.0,0.0,1.0,0.0,1.0,0.0,1.0,0.0,0.0,1.0,1.0,0.0,0.0,0.0,0.0
20.0,94.0,10402.0,7.0,2009.0,2009.0,0.0,1226.0,1226.0,1226.0,0.0,1226.0,2.0,6.0,0.0,2009.0,3.0,740.0,36.0,2452.0,2.0,36.0,1.0,1.0,8582.0,2220.0,1.0,0.0,1.0,1.0,0.0,1.0,0.0,0.0,1.0,1.0,0.0,0.0,0.0,0.0
30.0,55.0,10267.0,6.0,1918.0,2000.0,210.0,0.0,816.0,838.0,0.0,838.0,1.0,5.0,0.0,1961.0,1.0,275.0,0.0,1654.0,2.0,112.0,90.0,8.0,5028.0,275.0,0.0,0.0,1.0,0.0,0.0,0.0,1.0,0.0,1.0,0.0,0.0,1.0,1.0,0.0
30.0,45.0,8212.0,3.0,1914.0,1950.0,203.0,661.0,864.0,864.0,0.0,864.0,1.0,5.0,0.0,1938.0,1.0,200.0,0.0,1728.0,2.0,96.0,96.0,60.0,2592.0,200.0,0.0,0.0,1.0,0.0,0.0,0.0,1.0,0.0,0.0,0.0,1.0,1.0,0.0,1.0
20.0,70.34384858044164,9000.0,5.0,1959.0,1959.0,288.0,718.0,1006.0,1006.0,0.0,1006.0,1.0,5.0,0.0,1978.6621376811595,0.0,0.0,24.0,2012.0,1.0,24.0,49.0,49.0,5030.0,0.0,0.0,0.0,1.0,0.0,0.0,0.0,1.0,1.0,0.0,0.0,1.0,0.0,0.0,1.0
20.0,68.0,50271.0,9.0,1981.0,1987.0,1810.0,32.0,1842.0,1842.0,0.0,1842.0,0.0,5.0,1.0,1981.0,3.0,894.0,72.0,3684.0,2.5,929.0,25.0,19.0,16578.0,2682.0,0.0,1.0,0.0,0.0,1.0,0.0,0.0,1.0,0.0,1.0,0.0,0.0,1.0,0.0
20.0,107.0,13891.0,8.0,2007.0,2008.0,1400.0,310.0,1710.0,1710.0,0.0,1710.0,2.0,6.0,1.0,2007.0,3.0,866.0,102.0,3420.0,3.0,102.0,1.0,0.0,13680.0,2598.0,1.0,1.0,0.0,1.0,1.0,0.0,0.0,1.0,1.0,1.0,0.0,0.0,0.0,0.0
60.0,93.0,12090.0,8.0,1998.0,1998.0,0.0,1141.0,1141.0,1165.0,1098.0,2263.0,2.0,10.0,1.0,1998.0,2.0,420.0,123.0,3404.0,2.5,267.0,8.0,8.0,18104.0,840.0,1.0,1.0,0.0,1.0,0.0,1.0,0.0,0.0,0.0,1.0,0.0,0.0,1.0,0.0
190.0,60.0,11340.0,4.0,1885.0,1950.0,0.0,777.0,777.0,1246.0,1044.0,2290.0,2.0,11.0,0.0,1971.0,2.0,560.0,0.0,3067.0,2.0,114.0,125.0,60.0,9160.0,1120.0,0.0,0.0,1.0,1.0,0.0,0.0,1.0,0.0,0.0,0.0,1.0,1.0,0.0,1.0
20.0,70.34384858044164,12493.0,4.0,1960.0,1960.0,419.0,375.0,1100.0,1100.0,0.0,1100.0,1.0,6.0,1.0,1960.0,1.0,312.0,0.0,2200.0,2.0,355.0,48.0,48.0,4400.0,312.0,0.0,0.0,1.0,1.0,0.0,0.0,1.0,0.0,0.0,0.0,1.0,0.0,0.0,0.0
20.0,70.34384858044164,12925.0,6.0,1970.0,1970.0,865.0,340.0,1205.0,2117.0,0.0,2117.0,2.0,7.0,2.0,1970.0,2.0,550.0,42.0,3322.0,2.5,42.0,38.0,38.0,12702.0,1100.0,0.0,0.0,1.0,0.0,0.0,0.0,1.0,0.0,1.0,0.0,1.0,0.0,1.0,0.0
20.0,70.34384858044164,8926.0,4.0,1956.0,1956.0,0.0,672.0,672.0,960.0,0.0,960.0,1.0,5.0,0.0,1956.0,1.0,288.0,0.0,1632.0,1.0,224.0,53.0,53.0,3840.0,288.0,0.0,0.0,1.0,0.0,0.0,0.0,1.0,0.0,1.0,0.0,1.0,0.0,0.0,1.0
50.0,51.0,6120.0,7.0,1931.0,1950.0,0.0,952.0,952.0,1022.0,752.0,1774.0,2.0,8.0,2.0,1931.0,2.0,468.0,0.0,2726.0,2.0,295.0,77.0,58.0,12418.0,936.0,0.0,0.0,1.0,0.0,0.0,0.0,1.0,0.0,0.0,0.0,1.0,1.0,0.0,1.0
20.0,60.0,11664.0,6.0,1948.0,1950.0,336.0,746.0,1082.0,1082.0,0.0,1082.0,1.0,5.0,1.0,1948.0,1.0,240.0,130.0,2164.0,1.0,130.0,59.0,57.0,6492.0,240.0,0.0,0.0,1.0,0.0,0.0,0.0,1.0,0.0,0.0,0.0,1.0,1.0,0.0,1.0
20.0,100.0,12000.0,5.0,1948.0,2005.0,144.0,172.0,924.0,1122.0,0.0,1122.0,1.0,6.0,0.0,1948.0,2.0,528.0,36.0,2046.0,2.0,36.0,60.0,3.0,5610.0,1056.0,0.0,0.0,1.0,0.0,0.0,0.0,1.0,1.0,1.0,1.0,0.0,0.0,0.0,1.0
120.0,41.0,4920.0,8.0,2001.0,2001.0,616.0,722.0,1338.0,1338.0,0.0,1338.0,2.0,6.0,0.0,2001.0,2.0,582.0,0.0,2676.0,3.0,170.0,9.0,9.0,10704.0,1164.0,0.0,1.0,0.0,1.0,0.0,1.0,0.0,1.0,1.0,1.0,0.0,0.0,1.0,0.0
60.0,70.34384858044164,9303.0,6.0,1996.0,1997.0,742.0,130.0,872.0,888.0,868.0,1756.0,2.0,7.0,0.0,1996.0,2.0,422.0,122.0,2628.0,3.5,266.0,11.0,10.0,10536.0,844.0,1.0,1.0,0.0,1.0,1.0,0.0,0.0,0.0,1.0,0.0,1.0,0.0,1.0,0.0
80.0,85.0,9350.0,6.0,1964.0,1991.0,270.0,452.0,1302.0,1302.0,0.0,1302.0,2.0,7.0,0.0,1964.0,1.0,309.0,0.0,2604.0,2.5,333.0,43.0,16.0,7812.0,309.0,0.0,0.0,1.0,0.0,0.0,1.0,0.0,0.0,1.0,1.0,0.0,0.0,0.0,0.0
30.0,50.0,8765.0,4.0,1936.0,1950.0,285.0,666.0,951.0,951.0,0.0,951.0,1.0,6.0,0.0,1936.0,1.0,327.0,28.0,1902.0,1.0,28.0,70.0,56.0,3804.0,327.0,0.0,0.0,1.0,0.0,0.0,0.0,1.0,0.0,1.0,0.0,1.0,1.0,0.0,1.0
160.0,21.0,1953.0,6.0,1973.0,1973.0,309.0,174.0,483.0,483.0,504.0,987.0,1.0,5.0,0.0,1973.0,1.0,264.0,0.0,1470.0,1.5,72.0,33.0,33.0,5922.0,264.0,0.0,0.0,1.0,0.0,0.0,0.0,1.0,0.0,0.0,0.0,1.0,1.0,0.0,1.0
20.0,60.0,7024.0,5.0,2005.0,2006.0,980.0,110.0,1090.0,1090.0,0.0,1090.0,1.0,5.0,0.0,2005.0,2.0,450.0,49.0,2180.0,2.5,49.0,2.0,1.0,5450.0,900.0,1.0,0.0,1.0,1.0,1.0,0.0,0.0,0.0,0.0,0.0,1.0,0.0,1.0,0.0
50.0,60.0,10998.0,5.0,1941.0,1960.0,408.0,156.0,984.0,984.0,620.0,1604.0,2.0,6.0,0.0,1977.0,2.0,660.0,68.0,2588.0,2.0,68.0,68.0,49.0,8020.0,1320.0,0.0,0.0,1.0,0.0,0.0,0.0,1.0,0.0,1.0,0.0,1.0,1.0,0.0,1.0
160.0,70.34384858044164,2117.0,6.0,2000.0,2000.0,420.0,336.0,756.0,756.0,756.0,1512.0,2.0,4.0,1.0,2000.0,2.0,440.0,32.0,2268.0,2.5,32.0,7.0,7.0,9072.0,880.0,0.0,1.0,0.0,1.0,0.0,1.0,0.0,1.0,1.0,1.0,0.0,1.0,0.0,1.0
50.0,65.0,6435.0,6.0,1939.0,1950.0,0.0,972.0,972.0,972.0,605.0,1577.0,1.0,6.0,1.0,1939.0,1.0,312.0,0.0,2549.0,1.0,0.0,67.0,56.0,9462.0,312.0,0.0,0.0,1.0,0.0,0.0,0.0,1.0,0.0,0.0,0.0,0.0,1.0,0.0,1.0
60.0,70.34384858044164,17542.0,7.0,1974.0,2003.0,125.0,36.0,1192.0,1516.0,651.0,2167.0,2.0,9.0,2.0,1974.0,2.0,518.0,47.0,3359.0,3.5,267.0,33.0,4.0,15169.0,1036.0,0.0,1.0,0.0,0.0,0.0,0.0,1.0,0.0,0.0,1.0,0.0,0.0,0.0,0.0
80.0,88.0,8471.0,6.0,1977.0,1995.0,506.0,0.0,506.0,1212.0,0.0,1212.0,1.0,6.0,1.0,1978.0,2.0,492.0,12.0,1718.0,2.0,304.0,29.0,11.0,7272.0,984.0,0.0,0.0,1.0,0.0,0.0,1.0,0.0,0.0,0.0,0.0,1.0,0.0,0.0,1.0
20.0,120.0,10356.0,5.0,1975.0,1975.0,716.0,253.0,969.0,969.0,0.0,969.0,1.0,5.0,0.0,1975.0,2.0,440.0,0.0,1938.0,1.5,0.0,32.0,32.0,4845.0,880.0,0.0,0.0,1.0,0.0,0.0,0.0,1.0,0.0,0.0,0.0,1.0,0.0,0.0,1.0
180.0,35.0,3675.0,6.0,2005.0,2005.0,459.0,88.0,547.0,1072.0,0.0,1072.0,1.0,5.0,0.0,2005.0,2.0,525.0,28.0,1619.0,2.0,28.0,3.0,3.0,6432.0,1050.0,1.0,0.0,1.0,1.0,0.0,1.0,0.0,1.0,1.0,0.0,1.0,0.0,0.0,0.0
120.0,62.0,12677.0,8.0,2003.0,2004.0,1218.0,300.0,1518.0,1518.0,0.0,1518.0,1.0,6.0,1.0,2003.0,2.0,588.0,140.0,3036.0,1.5,325.0,5.0,4.0,12144.0,1176.0,0.0,0.0,0.0,1.0,1.0,0.0,0.0,1.0,1.0,0.0,0.0,0.0,0.0,0.0
20.0,70.34384858044164,26142.0,5.0,1962.0,1962.0,593.0,595.0,1188.0,1188.0,0.0,1188.0,1.0,6.0,0.0,1962.0,1.0,312.0,39.0,2376.0,1.0,300.0,48.0,48.0,5940.0,312.0,0.0,0.0,1.0,0.0,0.0,0.0,1.0,0.0,0.0,0.0,1.0,0.0,0.0,1.0
60.0,85.0,10625.0,7.0,2005.0,2005.0,0.0,1026.0,1026.0,1026.0,932.0,1958.0,2.0,9.0,1.0,2005.0,3.0,936.0,210.0,2984.0,2.5,364.0,3.0,3.0,13706.0,2808.0,0.0,1.0,0.0,1.0,0.0,1.0,0.0,0.0,1.0,1.0,0.0,0.0,1.0,0.0
120.0,53.0,4043.0,6.0,1977.0,1977.0,559.0,510.0,1069.0,1069.0,0.0,1069.0,2.0,4.0,0.0,1977.0,2.0,440.0,55.0,2138.0,2.0,255.0,31.0,31.0,6414.0,880.0,0.0,0.0,1.0,0.0,0.0,1.0,0.0,0.0,0.0,0.0,1.0,0.0,0.0,0.0
20.0,70.34384858044164,11838.0,8.0,2001.0,2001.0,0.0,1753.0,1753.0,1788.0,0.0,1788.0,2.0,7.0,1.0,2001.0,2.0,522.0,151.0,3541.0,2.0,353.0,8.0,8.0,14304.0,1044.0,1.0,1.0,0.0,1.0,0.0,1.0,0.0,0.0,1.0,0.0,0.0,0.0,0.0,0.0
190.0,60.0,10800.0,5.0,1900.0,1970.0,664.0,290.0,954.0,1766.0,648.0,2414.0,2.0,10.0,1.0,1970.0,2.0,520.0,0.0,3368.0,2.0,142.0,106.0,36.0,12070.0,1040.0,0.0,0.0,1.0,0.0,0.0,0.0,1.0,0.0,0.0,0.0,1.0,0.0,0.0,1.0
20.0,70.34384858044164,6627.0,3.0,1949.0,1950.0,0.0,0.0,0.0,720.0,0.0,720.0,1.0,4.0,0.0,1955.0,1.0,287.0,0.0,720.0,1.0,0.0,59.0,58.0,2160.0,287.0,1.0,0.0,1.0,0.0,0.0,0.0,1.0,0.0,0.0,0.0,1.0,1.0,0.0,1.0
20.0,76.0,9120.0,6.0,1958.0,1958.0,662.0,599.0,1261.0,1261.0,0.0,1261.0,1.0,6.0,1.0,1958.0,2.0,433.0,0.0,2522.0,2.0,288.0,50.0,50.0,7566.0,866.0,0.0,0.0,1.0,0.0,0.0,0.0,1.0,0.0,1.0,0.0,1.0,0.0,0.0,0.0
30.0,51.0,6120.0,5.0,1931.0,1993.0,209.0,506.0,715.0,875.0,0.0,875.0,1.0,5.0,0.0,1931.0,1.0,180.0,0.0,1590.0,2.0,48.0,78.0,16.0,4375.0,180.0,0.0,0.0,1.0,0.0,0.0,0.0,1.0,0.0,0.0,0.0,1.0,1.0,0.0,1.0
30.0,60.0,10200.0,5.0,1940.0,1997.0,0.0,672.0,672.0,672.0,0.0,672.0,1.0,4.0,0.0,1940.0,1.0,240.0,0.0,1344.0,1.0,168.0,68.0,11.0,3360.0,240.0,0.0,0.0,1.0,1.0,0.0,0.0,1.0,0.0,1.0,0.0,1.0,1.0,0.0,1.0
90.0,35.0,9400.0,6.0,1975.0,1975.0,945.0,0.0,945.0,980.0,0.0,980.0,2.0,4.0,0.0,1978.6621376811595,0.0,0.0,0.0,1925.0,3.0,0.0,31.0,31.0,5880.0,0.0,0.0,0.0,1.0,0.0,0.0,1.0,0.0,1.0,0.0,0.0,1.0,0.0,0.0,1.0
50.0,60.0,10410.0,3.0,1915.0,1950.0,0.0,672.0,672.0,694.0,520.0,1214.0,1.0,6.0,0.0,1998.0,3.0,936.0,0.0,1886.0,1.0,376.0,91.0,56.0,3642.0,2808.0,0.0,0.0,1.0,1.0,0.0,0.0,1.0,0.0,0.0,0.0,1.0,1.0,0.0,1.0
20.0,75.0,9937.0,5.0,1964.0,1999.0,637.0,849.0,1486.0,1486.0,0.0,1486.0,1.0,7.0,0.0,1968.0,2.0,480.0,0.0,2972.0,2.0,0.0,45.0,10.0,7430.0,960.0,0.0,0.0,1.0,1.0,0.0,0.0,1.0,0.0,1.0,0.0,1.0,1.0,1.0,0.0
70.0,74.0,11988.0,6.0,1934.0,1995.0,326.0,389.0,715.0,849.0,811.0,1660.0,1.0,6.0,1.0,1939.0,1.0,240.0,0.0,2375.0,1.5,0.0,74.0,13.0,9960.0,240.0,0.0,0.0,1.0,0.0,0.0,0.0,1.0,0.0,0.0,0.0,1.0,1.0,0.0,1.0
80.0,70.34384858044164,9947.0,7.0,1990.0,1991.0,611.0,577.0,1188.0,1217.0,0.0,1217.0,2.0,6.0,0.0,1990.0,2.0,497.0,27.0,2405.0,3.0,195.0,19.0,18.0,8519.0,994.0,0.0,0.0,1.0,1.0,0.0,1.0,0.0,1.0,1.0,1.0,0.0,0.0,0.0,1.0
70.0,75.0,12000.0,7.0,1941.0,1950.0,275.0,429.0,704.0,860.0,704.0,1564.0,1.0,7.0,1.0,1941.0,1.0,234.0,0.0,2268.0,1.5,0.0,68.0,59.0,10948.0,234.0,0.0,0.0,1.0,0.0,0.0,0.0,1.0,0.0,1.0,0.0,0.0,0.0,0.0,1.0
60.0,60.0,15384.0,7.0,2004.0,2005.0,724.0,64.0,788.0,788.0,702.0,1490.0,2.0,8.0,1.0,2004.0,2.0,388.0,75.0,2278.0,3.5,175.0,4.0,3.0,10430.0,776.0,1.0,1.0,0.0,1.0,0.0,1.0,0.0,1.0,1.0,1.0,0.0,0.0,1.0,0.0
70.0,78.0,12168.0,8.0,1934.0,1998.0,428.0,537.0,965.0,1940.0,1254.0,3194.0,2.0,10.0,2.0,1934.0,2.0,380.0,0.0,4159.0,2.5,0.0,73.0,9.0,25552.0,760.0,0.0,0.0,1.0,1.0,0.0,1.0,0.0,0.0,0.0,0.0,1.0,0.0,0.0,1.0
20.0,78.0,10335.0,7.0,1999.0,1999.0,679.0,811.0,1490.0,1501.0,0.0,1501.0,2.0,6.0,0.0,1999.0,2.0,577.0,29.0,2991.0,3.0,173.0,10.0,10.0,10507.0,1154.0,1.0,1.0,0.0,1.0,0.0,1.0,0.0,1.0,1.0,1.0,0.0,0.0,0.0,0.0
60.0,70.34384858044164,7750.0,7.0,2003.0,2003.0,0.0,660.0,660.0,660.0,660.0,1320.0,2.0,6.0,0.0,2003.0,2.0,400.0,48.0,1980.0,2.5,48.0,4.0,4.0,9240.0,800.0,1.0,1.0,0.0,1.0,0.0,1.0,0.0,0.0,1.0,1.0,0.0,0.0,1.0,0.0
60.0,98.0,12203.0,8.0,1998.0,1999.0,854.0,371.0,1225.0,1276.0,1336.0,2612.0,2.0,8.0,1.0,1998.0,3.0,676.0,0.0,3837.0,3.5,250.0,11.0,10.0,20896.0,2028.0,1.0,1.0,0.0,1.0,0.0,1.0,0.0,1.0,1.0,1.0,0.0,0.0,1.0,0.0
75.0,174.0,25419.0,8.0,1918.0,1990.0,1036.0,140.0,1360.0,1360.0,1360.0,3112.0,2.0,8.0,1.0,1918.0,2.0,795.0,16.0,4080.0,3.5,568.0,88.0,16.0,24896.0,1590.0,0.0,1.0,0.0,1.0,0.0,0.0,1.0,1.0,0.0,1.0,0.0,1.0,0.0,1.0
75.0,60.0,6204.0,4.0,1912.0,1950.0,0.0,795.0,795.0,954.0,795.0,2230.0,1.0,10.0,0.0,1997.0,1.0,440.0,188.0,2544.0,2.0,188.0,94.0,56.0,8920.0,440.0,0.0,1.0,0.0,1.0,0.0,0.0,1.0,0.0,0.0,0.0,1.0,1.0,0.0,1.0
60.0,83.0,10005.0,7.0,1977.0,1977.0,392.0,768.0,1160.0,1156.0,866.0,2022.0,2.0,8.0,1.0,1977.0,2.0,505.0,117.0,3182.0,2.5,405.0,31.0,31.0,14154.0,1010.0,0.0,0.0,1.0,0.0,0.0,1.0,0.0,0.0,1.0,0.0,1.0,0.0,1.0,0.0
60.0,70.34384858044164,16659.0,7.0,1977.0,1994.0,795.0,0.0,795.0,1468.0,795.0,2263.0,2.0,9.0,1.0,1977.0,2.0,539.0,250.0,3058.0,3.5,250.0,29.0,12.0,15841.0,1078.0,0.0,0.0,1.0,0.0,0.0,0.0,1.0,0.0,0.0,1.0,0.0,0.0,1.0,0.0
60.0,63.0,9084.0,7.0,1998.0,1998.0,0.0,935.0,935.0,955.0,677.0,1632.0,2.0,8.0,1.0,1998.0,2.0,462.0,28.0,2567.0,2.5,28.0,8.0,8.0,11424.0,924.0,1.0,0.0,1.0,1.0,0.0,1.0,0.0,0.0,0.0,0.0,1.0,0.0,1.0,0.0
120.0,38.0,14963.0,8.0,1996.0,1996.0,786.0,474.0,1260.0,1288.0,0.0,1288.0,1.0,4.0,2.0,1996.0,2.0,500.0,30.0,2548.0,2.5,374.0,12.0,12.0,10304.0,1000.0,0.0,1.0,0.0,1.0,0.0,1.0,0.0,1.0,1.0,0.0,0.0,0.0,1.0,0.0
20.0,75.0,9464.0,6.0,1958.0,1958.0,570.0,510.0,1080.0,1080.0,0.0,1080.0,1.0,5.0,0.0,1958.0,1.0,288.0,0.0,2160.0,1.0,130.0,50.0,50.0,6480.0,288.0,0.0,0.0,1.0,0.0,0.0,0.0,1.0,0.0,0.0,0.0,1.0,0.0,0.0,1.0
20.0,70.0,9135.0,6.0,2003.0,2003.0,340.0,1342.0,1682.0,1700.0,0.0,1700.0,2.0,7.0,0.0,2003.0,2.0,544.0,23.0,3382.0,3.0,215.0,3.0,3.0,10200.0,1088.0,1.0,1.0,0.0,1.0,0.0,1.0,0.0,1.0,1.0,1.0,0.0,0.0,0.0,0.0
50.0,50.0,7000.0,6.0,1924.0,1950.0,617.0,0.0,617.0,865.0,445.0,1310.0,2.0,6.0,0.0,1924.0,1.0,398.0,0.0,1927.0,2.0,126.0,82.0,56.0,7860.0,398.0,0.0,0.0,1.0,0.0,0.0,0.0,0.0,0.0,0.0,0.0,1.0,0.0,0.0,1.0
20.0,60.0,9600.0,4.0,1950.0,1995.0,442.0,625.0,1067.0,1067.0,0.0,1067.0,2.0,4.0,0.0,1996.0,2.0,436.0,0.0,2134.0,2.0,290.0,60.0,15.0,4268.0,872.0,0.0,0.0,1.0,0.0,0.0,1.0,0.0,0.0,0.0,1.0,0.0,0.0,0.0,1.0
190.0,69.0,9142.0,6.0,1910.0,1950.0,0.0,1020.0,1020.0,908.0,1020.0,1928.0,2.0,9.0,0.0,1910.0,1.0,440.0,60.0,2948.0,2.0,172.0,96.0,56.0,11568.0,440.0,0.0,0.0,1.0,0.0,0.0,0.0,0.0,0.0,0.0,0.0,0.0,1.0,0.0,1.0
60.0,80.0,16692.0,7.0,1978.0,1978.0,790.0,133.0,1392.0,1392.0,1392.0,2784.0,3.0,12.0,2.0,1978.0,2.0,564.0,112.0,4176.0,4.5,552.0,28.0,28.0,19488.0,1128.0,0.0,0.0,1.0,0.0,0.0,1.0,0.0,0.0,0.0,1.0,0.0,0.0,0.0,0.0
60.0,75.0,9750.0,7.0,1998.0,1998.0,975.0,133.0,1108.0,1108.0,989.0,2097.0,2.0,8.0,1.0,1998.0,2.0,583.0,170.0,3205.0,3.5,423.0,8.0,8.0,14679.0,1166.0,1.0,0.0,1.0,1.0,0.0,1.0,0.0,1.0,1.0,1.0,0.0,1.0,0.0,0.0
30.0,70.34384858044164,5890.0,6.0,1930.0,2007.0,538.0,278.0,816.0,816.0,0.0,816.0,1.0,5.0,0.0,2002.0,1.0,432.0,0.0,1632.0,1.0,96.0,78.0,1.0,4896.0,432.0,0.0,1.0,0.0,0.0,0.0,0.0,1.0,0.0,1.0,0.0,1.0,1.0,0.0,1.0
60.0,70.34384858044164,53107.0,6.0,1992.0,1992.0,985.0,595.0,1580.0,1079.0,874.0,1953.0,2.0,9.0,2.0,1992.0,2.0,501.0,231.0,3533.0,3.5,447.0,15.0,15.0,11718.0,1002.0,0.0,1.0,0.0,1.0,0.0,1.0,0.0,1.0,1.0,1.0,0.0,0.0,1.0,0.0
120.0,40.0,5664.0,8.0,2000.0,2000.0,1158.0,343.0,1501.0,1659.0,0.0,1659.0,2.0,5.0,1.0,2000.0,2.0,499.0,59.0,3160.0,3.0,271.0,9.0,9.0,13272.0,998.0,0.0,1.0,0.0,1.0,0.0,1.0,0.0,1.0,1.0,0.0,0.0,0.0,1.0,0.0
20.0,102.0,17920.0,5.0,1955.0,1974.0,306.0,372.0,1763.0,1779.0,0.0,1779.0,1.0,6.0,1.0,1955.0,2.0,454.0,418.0,3542.0,2.5,730.0,51.0,32.0,8895.0,908.0,0.0,0.0,1.0,0.0,0.0,0.0,1.0,0.0,0.0,0.0,1.0,0.0,0.0,1.0
120.0,43.0,3010.0,7.0,2005.0,2006.0,16.0,1232.0,1248.0,1248.0,0.0,1248.0,2.0,5.0,0.0,2005.0,2.0,438.0,0.0,2496.0,2.0,108.0,1.0,0.0,8736.0,876.0,1.0,1.0,0.0,1.0,0.0,1.0,0.0,1.0,1.0,1.0,0.0,0.0,1.0,0.0
60.0,70.34384858044164,7050.0,7.0,2001.0,2001.0,738.0,319.0,1057.0,1057.0,872.0,1929.0,2.0,7.0,1.0,2001.0,2.0,650.0,235.0,2986.0,3.5,235.0,6.0,6.0,13503.0,1300.0,1.0,1.0,0.0,1.0,0.0,1.0,0.0,1.0,1.0,1.0,0.0,0.0,1.0,0.0
20.0,80.0,9600.0,6.0,1976.0,1976.0,978.0,284.0,1262.0,1262.0,0.0,1262.0,2.0,6.0,1.0,1976.0,2.0,460.0,0.0,2524.0,2.5,298.0,31.0,31.0,7572.0,920.0,0.0,0.0,1.0,0.0,0.0,1.0,0.0,0.0,1.0,0.0,1.0,0.0,0.0,0.0
60.0,77.0,9965.0,7.0,2007.0,2007.0,984.0,280.0,1264.0,1282.0,1414.0,2696.0,2.0,10.0,1.0,2007.0,3.0,792.0,184.0,3960.0,3.5,472.0,0.0,0.0,18872.0,2376.0,1.0,1.0,0.0,1.0,1.0,0.0,0.0,1.0,1.0,0.0,0.0,0.0,1.0,0.0
20.0,65.0,8450.0,5.0,1965.0,2009.0,553.0,224.0,894.0,894.0,0.0,894.0,1.0,5.0,1.0,1973.0,1.0,336.0,144.0,1788.0,2.0,560.0,45.0,1.0,4470.0,336.0,0.0,0.0,1.0,0.0,0.0,0.0,1.0,1.0,1.0,0.0,1.0,1.0,0.0,1.0
190.0,60.0,10800.0,6.0,1905.0,2000.0,0.0,482.0,482.0,1221.0,691.0,1912.0,2.0,7.0,1.0,2003.0,2.0,672.0,25.0,2394.0,2.0,237.0,103.0,8.0,11472.0,1344.0,0.0,0.0,1.0,0.0,0.0,0.0,0.0,0.0,1.0,0.0,1.0,1.0,0.0,1.0
20.0,60.0,7800.0,5.0,1965.0,1965.0,641.0,187.0,828.0,965.0,0.0,965.0,1.0,6.0,0.0,1979.0,1.0,300.0,0.0,1793.0,2.0,421.0,41.0,41.0,4825.0,300.0,1.0,0.0,1.0,0.0,0.0,0.0,1.0,0.0,0.0,0.0,1.0,1.0,0.0,1.0
90.0,94.0,9400.0,6.0,1971.0,1971.0,0.0,912.0,912.0,912.0,912.0,1824.0,2.0,8.0,0.0,1978.6621376811595,0.0,0.0,0.0,2736.0,3.0,128.0,39.0,39.0,10944.0,0.0,0.0,0.0,1.0,0.0,0.0,0.0,1.0,0.0,0.0,0.0,1.0,0.0,0.0,1.0
20.0,70.34384858044164,14781.0,8.0,2001.0,2002.0,0.0,1753.0,1753.0,1787.0,0.0,1787.0,2.0,7.0,1.0,2001.0,3.0,748.0,150.0,3540.0,2.0,348.0,5.0,4.0,14296.0,2244.0,1.0,1.0,0.0,1.0,0.0,1.0,0.0,0.0,1.0,1.0,0.0,0.0,0.0,0.0
90.0,92.0,12108.0,4.0,1955.0,1955.0,133.0,1307.0,1440.0,1440.0,0.0,1440.0,2.0,8.0,0.0,1978.6621376811595,0.0,0.0,0.0,2880.0,2.0,0.0,53.0,53.0,5760.0,0.0,1.0,0.0,1.0,0.0,0.0,0.0,1.0,0.0,0.0,0.0,0.0,0.0,0.0,1.0
50.0,80.0,9600.0,6.0,1950.0,1950.0,280.0,752.0,1032.0,1032.0,220.0,1252.0,1.0,6.0,0.0,1950.0,1.0,288.0,0.0,2284.0,1.0,96.0,58.0,58.0,7512.0,288.0,1.0,0.0,1.0,0.0,0.0,0.0,1.0,0.0,0.0,0.0,1.0,0.0,0.0,1.0
20.0,91.0,14303.0,8.0,1994.0,1994.0,1314.0,672.0,1986.0,1987.0,0.0,1987.0,2.0,7.0,1.0,1994.0,2.0,691.0,36.0,3973.0,3.0,298.0,14.0,14.0,15896.0,1382.0,0.0,1.0,0.0,1.0,0.0,1.0,0.0,1.0,1.0,1.0,0.0,0.0,1.0,0.0
85.0,90.0,10012.0,4.0,1972.0,1972.0,920.0,38.0,1138.0,1181.0,0.0,1181.0,2.0,6.0,0.0,1974.0,2.0,588.0,0.0,2319.0,3.0,180.0,36.0,36.0,4724.0,1176.0,0.0,0.0,1.0,0.0,0.0,1.0,0.0,0.0,0.0,0.0,1.0,1.0,0.0,0.0
60.0,93.0,10261.0,6.0,2000.0,2000.0,0.0,936.0,936.0,962.0,830.0,1792.0,2.0,8.0,1.0,2000.0,2.0,451.0,0.0,2728.0,3.5,0.0,8.0,8.0,10752.0,902.0,1.0,0.0,1.0,1.0,0.0,1.0,0.0,0.0,1.0,0.0,1.0,0.0,1.0,0.0
30.0,56.0,4060.0,5.0,1922.0,1950.0,0.0,864.0,864.0,864.0,0.0,864.0,1.0,4.0,0.0,1978.6621376811595,0.0,0.0,96.0,1728.0,1.0,96.0,87.0,59.0,4320.0,0.0,0.0,0.0,1.0,1.0,0.0,0.0,0.0,0.0,1.0,0.0,1.0,0.0,0.0,1.0
20.0,80.0,8700.0,5.0,1963.0,1963.0,776.0,344.0,1120.0,1128.0,0.0,1128.0,2.0,6.0,0.0,1963.0,2.0,525.0,20.0,2248.0,3.0,335.0,45.0,45.0,5640.0,1050.0,0.0,0.0,1.0,0.0,0.0,0.0,1.0,0.0,0.0,0.0,1.0,0.0,0.0,0.0
60.0,75.0,9000.0,8.0,2006.0,2006.0,0.0,1088.0,1088.0,1088.0,871.0,1959.0,2.0,8.0,1.0,2006.0,3.0,1025.0,46.0,3047.0,2.5,254.0,1.0,1.0,15672.0,3075.0,1.0,1.0,0.0,1.0,0.0,1.0,0.0,0.0,1.0,1.0,0.0,0.0,0.0,0.0
60.0,70.0,7700.0,6.0,1966.0,1966.0,0.0,756.0,756.0,1051.0,788.0,1839.0,1.0,7.0,1.0,1966.0,2.0,442.0,124.0,2595.0,1.5,340.0,44.0,44.0,11034.0,884.0,0.0,0.0,1.0,0.0,0.0,0.0,1.0,0.0,0.0,0.0,1.0,0.0,0.0,1.0
20.0,70.34384858044164,7162.0,5.0,1966.0,1966.0,0.0,876.0,876.0,904.0,0.0,904.0,1.0,6.0,0.0,1966.0,1.0,408.0,0.0,1780.0,1.0,0.0,42.0,42.0,4520.0,408.0,0.0,0.0,1.0,1.0,0.0,0.0,1.0,0.0,0.0,0.0,1.0,0.0,0.0,1.0
20.0,61.0,8800.0,5.0,1977.0,2008.0,532.0,364.0,1040.0,1040.0,0.0,1040.0,2.0,5.0,0.0,1977.0,2.0,484.0,0.0,2080.0,2.0,288.0,32.0,1.0,5200.0,968.0,0.0,0.0,1.0,0.0,0.0,1.0,0.0,0.0,0.0,1.0,0.0,1.0,0.0,1.0
120.0,55.0,7892.0,6.0,1979.0,1979.0,0.0,918.0,918.0,918.0,0.0,918.0,2.0,5.0,1.0,1979.0,1.0,264.0,0.0,1836.0,2.0,28.0,31.0,31.0,5508.0,264.0,0.0,0.0,1.0,0.0,0.0,1.0,0.0,0.0,0.0,0.0,1.0,0.0,0.0,1.0
80.0,80.0,9600.0,6.0,1955.0,1972.0,674.0,350.0,1156.0,1520.0,0.0,1520.0,1.0,7.0,2.0,1955.0,1.0,364.0,0.0,2676.0,2.0,189.0,55.0,38.0,9120.0,364.0,0.0,0.0,1.0,0.0,0.0,0.0,1.0,0.0,1.0,0.0,1.0,0.0,0.0,0.0
20.0,85.0,11900.0,7.0,1977.0,1977.0,822.0,564.0,1386.0,1411.0,0.0,1411.0,2.0,6.0,1.0,1977.0,2.0,544.0,0.0,2797.0,2.0,192.0,32.0,32.0,9877.0,1088.0,0.0,0.0,1.0,0.0,0.0,0.0,1.0,0.0,0.0,0.0,1.0,0.0,1.0,0.0
75.0,60.0,9600.0,6.0,1917.0,1950.0,319.0,416.0,735.0,1134.0,924.0,2058.0,1.0,8.0,1.0,1950.0,2.0,396.0,0.0,2793.0,1.5,259.0,91.0,58.0,12348.0,792.0,0.0,0.0,1.0,0.0,0.0,1.0,0.0,0.0,0.0,0.0,1.0,1.0,0.0,1.0
80.0,70.34384858044164,19690.0,6.0,1966.0,1966.0,0.0,697.0,697.0,1575.0,626.0,2201.0,2.0,8.0,1.0,1966.0,2.0,432.0,236.0,2898.0,2.0,822.0,40.0,40.0,13206.0,864.0,0.0,1.0,0.0,0.0,0.0,1.0,0.0,0.0,0.0,1.0,0.0,0.0,0.0,1.0
60.0,60.0,6931.0,7.0,2003.0,2004.0,0.0,746.0,746.0,760.0,896.0,1656.0,2.0,7.0,1.0,2003.0,2.0,397.0,128.0,2402.0,2.5,306.0,5.0,4.0,11592.0,794.0,1.0,1.0,0.0,1.0,0.0,1.0,0.0,0.0,1.0,1.0,0.0,0.0,1.0,0.0
20.0,70.34384858044164,16196.0,7.0,1998.0,1998.0,1443.0,39.0,1482.0,1494.0,0.0,1494.0,2.0,5.0,1.0,1998.0,2.0,514.0,25.0,2976.0,3.0,427.0,9.0,9.0,10458.0,1028.0,1.0,1.0,0.0,1.0,0.0,1.0,0.0,1.0,1.0,1.0,0.0,0.0,0.0,0.0
60.0,70.0,8400.0,6.0,1980.0,1981.0,0.0,650.0,650.0,888.0,676.0,1564.0,2.0,7.0,1.0,1980.0,2.0,476.0,50.0,2214.0,2.5,254.0,30.0,29.0,9384.0,952.0,0.0,0.0,1.0,0.0,0.0,1.0,0.0,0.0,0.0,0.0,1.0,0.0,0.0,1.0
20.0,70.34384858044164,10530.0,6.0,1971.0,1971.0,282.0,664.0,981.0,981.0,0.0,981.0,1.0,5.0,0.0,1979.0,2.0,576.0,312.0,1962.0,2.5,352.0,36.0,36.0,5886.0,1152.0,0.0,0.0,1.0,0.0,0.0,0.0,1.0,0.0,0.0,0.0,1.0,1.0,0.0,1.0
70.0,55.0,10592.0,6.0,1923.0,1996.0,0.0,602.0,602.0,900.0,602.0,1502.0,1.0,7.0,2.0,1923.0,1.0,180.0,0.0,2104.0,1.5,261.0,84.0,11.0,9012.0,180.0,0.0,0.0,1.0,1.0,0.0,0.0,1.0,0.0,0.0,1.0,0.0,1.0,0.0,1.0
20.0,69.0,14850.0,5.0,1957.0,1957.0,895.0,197.0,1092.0,1092.0,0.0,1092.0,1.0,6.0,1.0,1957.0,1.0,299.0,0.0,2184.0,2.0,390.0,49.0,49.0,5460.0,299.0,0.0,0.0,1.0,0.0,0.0,0.0,1.0,0.0,0.0,0.0,1.0,0.0,1.0,0.0
50.0,55.0,4500.0,5.0,1932.0,2000.0,182.0,611.0,793.0,848.0,672.0,1520.0,1.0,6.0,0.0,1968.0,1.0,281.0,0.0,2313.0,1.0,56.0,77.0,9.0,7600.0,281.0,0.0,0.0,1.0,0.0,0.0,0.0,1.0,0.0,1.0,0.0,1.0,1.0,0.0,1.0
80.0,96.0,11777.0,5.0,1966.0,1966.0,328.0,285.0,1164.0,1320.0,0.0,1320.0,1.0,6.0,2.0,1966.0,2.0,564.0,68.0,2484.0,2.0,468.0,40.0,40.0,6600.0,1128.0,1.0,0.0,1.0,0.0,0.0,0.0,1.0,0.0,1.0,0.0,1.0,0.0,0.0,0.0
20.0,107.0,11362.0,8.0,2004.0,2005.0,1039.0,797.0,1836.0,1836.0,0.0,1836.0,2.0,7.0,1.0,2004.0,3.0,862.0,185.0,3672.0,3.0,310.0,5.0,4.0,14688.0,2586.0,0.0,1.0,0.0,1.0,1.0,0.0,0.0,1.0,1.0,1.0,0.0,0.0,1.0,0.0
190.0,60.0,10120.0,7.0,1910.0,1950.0,0.0,925.0,925.0,964.0,925.0,1889.0,1.0,9.0,1.0,1960.0,1.0,308.0,0.0,2814.0,1.5,264.0,97.0,57.0,13223.0,308.0,0.0,0.0,0.0,0.0,0.0,0.0,1.0,0.0,0.0,0.0,1.0,1.0,0.0,1.0
30.0,60.0,10800.0,5.0,1920.0,1950.0,821.0,299.0,1120.0,1130.0,0.0,1130.0,1.0,5.0,1.0,1970.0,2.0,720.0,0.0,2250.0,2.0,229.0,86.0,56.0,5650.0,1440.0,0.0,0.0,1.0,0.0,0.0,0.0,1.0,0.0,1.0,0.0,1.0,1.0,0.0,1.0
60.0,95.0,11787.0,7.0,1996.0,1997.0,719.0,660.0,1379.0,1383.0,1015.0,2398.0,2.0,8.0,1.0,1996.0,3.0,834.0,60.0,3777.0,3.5,299.0,11.0,10.0,16786.0,2502.0,1.0,1.0,0.0,1.0,0.0,1.0,0.0,1.0,1.0,1.0,0.0,0.0,1.0,0.0
50.0,70.34384858044164,11275.0,6.0,1932.0,1950.0,297.0,0.0,854.0,1096.0,895.0,1991.0,1.0,7.0,1.0,1977.0,2.0,432.0,0.0,2845.0,1.5,19.0,75.0,57.0,11946.0,864.0,0.0,0.0,1.0,0.0,0.0,0.0,1.0,0.0,0.0,0.0,1.0,1.0,0.0,1.0
20.0,85.0,14601.0,9.0,2006.0,2006.0,1260.0,578.0,1838.0,1838.0,0.0,1838.0,2.0,8.0,1.0,2006.0,3.0,765.0,68.0,3676.0,3.0,338.0,3.0,3.0,16542.0,2295.0,1.0,0.0,0.0,1.0,1.0,0.0,0.0,1.0,1.0,0.0,0.0,0.0,1.0,0.0
60.0,80.0,9364.0,6.0,1969.0,1969.0,371.0,292.0,663.0,663.0,689.0,1352.0,1.0,7.0,0.0,1969.0,1.0,299.0,36.0,2015.0,1.5,415.0,41.0,41.0,8112.0,299.0,0.0,0.0,1.0,0.0,0.0,0.0,1.0,0.0,0.0,0.0,1.0,0.0,1.0,0.0
20.0,59.0,10593.0,7.0,1996.0,1996.0,919.0,801.0,1720.0,1720.0,0.0,1720.0,2.0,7.0,1.0,1996.0,2.0,527.0,56.0,3440.0,3.0,450.0,14.0,14.0,12040.0,1054.0,1.0,1.0,0.0,1.0,0.0,1.0,0.0,1.0,1.0,1.0,0.0,0.0,1.0,0.0
60.0,70.0,9247.0,6.0,1962.0,1962.0,319.0,539.0,858.0,858.0,858.0,1716.0,1.0,8.0,1.0,1962.0,2.0,490.0,84.0,2574.0,1.5,204.0,46.0,46.0,10296.0,980.0,0.0,0.0,1.0,0.0,0.0,0.0,1.0,0.0,1.0,0.0,1.0,0.0,1.0,0.0
20.0,70.34384858044164,7758.0,5.0,1962.0,2001.0,588.0,411.0,999.0,999.0,0.0,999.0,1.0,6.0,0.0,1963.0,1.0,264.0,132.0,1998.0,2.0,132.0,45.0,6.0,4995.0,264.0,0.0,0.0,1.0,0.0,0.0,0.0,1.0,0.0,0.0,1.0,0.0,1.0,0.0,1.0
60.0,70.34384858044164,9765.0,6.0,1993.0,1993.0,310.0,370.0,680.0,680.0,790.0,1470.0,2.0,6.0,1.0,1993.0,2.0,420.0,63.0,2150.0,2.5,295.0,16.0,16.0,8820.0,840.0,1.0,0.0,0.0,1.0,0.0,1.0,0.0,0.0,0.0,0.0,1.0,0.0,1.0,0.0
20.0,60.0,7024.0,4.0,2005.0,2005.0,1024.0,108.0,1132.0,1132.0,0.0,1132.0,1.0,5.0,0.0,2005.0,2.0,451.0,64.0,2264.0,2.5,316.0,3.0,3.0,4528.0,902.0,1.0,0.0,1.0,1.0,0.0,1.0,0.0,1.0,1.0,1.0,0.0,0.0,1.0,0.0
50.0,66.0,21780.0,6.0,1918.0,1950.0,0.0,1163.0,1163.0,1163.0,511.0,1674.0,2.0,8.0,1.0,1955.0,2.0,396.0,36.0,2837.0,2.0,252.0,90.0,58.0,10044.0,792.0,0.0,0.0,1.0,0.0,0.0,1.0,0.0,0.0,1.0,0.0,1.0,1.0,1.0,0.0
120.0,34.0,4060.0,6.0,1998.0,1999.0,266.0,1139.0,1405.0,1337.0,0.0,1337.0,2.0,5.0,0.0,1998.0,2.0,511.0,68.0,2742.0,3.0,212.0,10.0,9.0,8022.0,1022.0,0.0,1.0,0.0,1.0,0.0,1.0,0.0,1.0,1.0,1.0,0.0,0.0,1.0,0.0
20.0,65.0,8450.0,7.0,2000.0,2001.0,0.0,1349.0,1349.0,1349.0,0.0,1349.0,2.0,6.0,0.0,2000.0,2.0,539.0,55.0,2698.0,2.0,175.0,7.0,6.0,9443.0,1078.0,1.0,0.0,1.0,1.0,0.0,1.0,0.0,0.0,1.0,0.0,1.0,0.0,0.0,1.0
20.0,70.0,7931.0,5.0,1959.0,1959.0,1148.0,0.0,1148.0,1148.0,0.0,1148.0,1.0,6.0,0.0,1959.0,1.0,672.0,0.0,2296.0,2.0,0.0,50.0,50.0,5740.0,672.0,0.0,0.0,1.0,0.0,0.0,0.0,1.0,0.0,0.0,0.0,1.0,0.0,0.0,1.0
60.0,70.0,11184.0,6.0,1978.0,1978.0,226.0,192.0,918.0,918.0,765.0,1683.0,2.0,7.0,1.0,1978.0,2.0,440.0,0.0,2601.0,2.5,243.0,31.0,31.0,10098.0,880.0,0.0,0.0,1.0,0.0,0.0,0.0,1.0,0.0,0.0,0.0,1.0,0.0,0.0,0.0
160.0,21.0,1533.0,4.0,1970.0,2008.0,0.0,546.0,546.0,798.0,546.0,1344.0,1.0,6.0,1.0,1978.6621376811595,0.0,0.0,0.0,1890.0,1.5,0.0,39.0,1.0,5376.0,0.0,0.0,0.0,1.0,0.0,0.0,0.0,1.0,0.0,0.0,0.0,1.0,0.0,0.0,1.0
20.0,40.0,13673.0,5.0,1962.0,1962.0,0.0,1140.0,1140.0,1696.0,0.0,1696.0,1.0,8.0,1.0,1962.0,1.0,349.0,30.0,2836.0,1.5,30.0,45.0,45.0,8480.0,349.0,0.0,0.0,1.0,0.0,0.0,0.0,1.0,0.0,0.0,0.0,1.0,0.0,0.0,0.0
20.0,70.34384858044164,8339.0,5.0,1959.0,1959.0,0.0,0.0,0.0,882.0,0.0,882.0,1.0,5.0,0.0,1959.0,1.0,294.0,0.0,882.0,1.0,0.0,48.0,48.0,4410.0,294.0,0.0,0.0,1.0,0.0,0.0,0.0,1.0,0.0,0.0,0.0,1.0,0.0,0.0,0.0
60.0,70.34384858044164,10832.0,7.0,1994.0,1996.0,0.0,712.0,712.0,1086.0,809.0,1895.0,2.0,7.0,1.0,1994.0,2.0,409.0,46.0,2607.0,2.5,189.0,14.0,12.0,13265.0,818.0,0.0,1.0,0.0,1.0,0.0,1.0,0.0,0.0,1.0,1.0,0.0,0.0,1.0,0.0
20.0,60.0,6600.0,5.0,1962.0,1962.0,0.0,894.0,894.0,894.0,0.0,894.0,1.0,5.0,0.0,1962.0,1.0,308.0,0.0,1788.0,1.0,0.0,47.0,47.0,4470.0,308.0,0.0,0.0,1.0,0.0,0.0,0.0,1.0,0.0,0.0,0.0,1.0,1.0,0.0,1.0
60.0,69.0,7590.0,5.0,1962.0,1962.0,540.0,324.0,864.0,876.0,936.0,1812.0,2.0,8.0,1.0,1962.0,1.0,264.0,168.0,2676.0,2.0,168.0,45.0,45.0,9060.0,264.0,1.0,0.0,1.0,0.0,0.0,0.0,1.0,0.0,0.0,0.0,1.0,0.0,0.0,0.0
60.0,80.0,10421.0,7.0,1988.0,1988.0,394.0,586.0,980.0,980.0,734.0,1714.0,2.0,7.0,1.0,1988.0,2.0,496.0,66.0,2694.0,2.5,450.0,22.0,22.0,11998.0,992.0,0.0,0.0,1.0,0.0,0.0,1.0,0.0,1.0,0.0,0.0,1.0,0.0,0.0,1.0
20.0,66.0,13695.0,6.0,2003.0,2004.0,814.0,300.0,1114.0,1114.0,0.0,1114.0,1.0,6.0,0.0,2004.0,2.0,576.0,78.0,2228.0,2.0,78.0,5.0,4.0,6684.0,1152.0,1.0,0.0,1.0,1.0,0.0,1.0,0.0,1.0,1.0,1.0,0.0,1.0,0.0,1.0
20.0,83.0,9849.0,7.0,2007.0,2007.0,0.0,1689.0,1689.0,1689.0,0.0,1689.0,2.0,7.0,0.0,2007.0,3.0,954.0,56.0,3378.0,2.0,56.0,0.0,0.0,11823.0,2862.0,1.0,1.0,0.0,1.0,0.0,1.0,0.0,0.0,1.0,1.0,0.0,0.0,0.0,0.0
50.0,79.0,9492.0,5.0,1941.0,1950.0,368.0,359.0,768.0,968.0,408.0,1376.0,1.0,6.0,1.0,1941.0,1.0,240.0,0.0,2144.0,2.0,0.0,66.0,57.0,6880.0,240.0,0.0,0.0,1.0,0.0,0.0,0.0,1.0,0.0,0.0,0.0,1.0,0.0,0.0,1.0
80.0,75.0,13860.0,8.0,1972.0,1995.0,1410.0,542.0,1952.0,2000.0,704.0,2704.0,2.0,9.0,3.0,1972.0,2.0,538.0,111.0,4656.0,3.5,380.0,37.0,14.0,21632.0,1076.0,0.0,1.0,0.0,0.0,0.0,1.0,0.0,1.0,0.0,0.0,0.0,0.0,1.0,0.0
60.0,70.34384858044164,11885.0,8.0,2001.0,2001.0,990.0,309.0,1299.0,1299.0,573.0,1872.0,2.0,7.0,1.0,2001.0,2.0,531.0,122.0,3171.0,3.5,282.0,8.0,8.0,14976.0,1062.0,1.0,1.0,0.0,1.0,0.0,1.0,0.0,1.0,1.0,0.0,0.0,0.0,0.0,0.0
20.0,50.0,7207.0,5.0,1958.0,2008.0,696.0,162.0,858.0,858.0,0.0,858.0,1.0,4.0,0.0,1978.6621376811595,0.0,0.0,0.0,1716.0,2.0,117.0,52.0,2.0,4290.0,0.0,0.0,0.0,1.0,0.0,0.0,0.0,1.0,0.0,0.0,0.0,1.0,0.0,0.0,1.0
20.0,60.0,6960.0,4.0,1970.0,1970.0,375.0,250.0,864.0,864.0,0.0,864.0,1.0,5.0,0.0,1989.0,2.0,660.0,0.0,1728.0,1.0,96.0,39.0,39.0,3456.0,1320.0,0.0,0.0,1.0,0.0,0.0,0.0,1.0,0.0,0.0,1.0,0.0,1.0,0.0,1.0
20.0,90.0,11248.0,9.0,2002.0,2002.0,1059.0,567.0,1626.0,1668.0,0.0,1668.0,2.0,7.0,1.0,2002.0,3.0,702.0,45.0,3294.0,3.0,302.0,5.0,5.0,15012.0,2106.0,1.0,1.0,0.0,1.0,0.0,1.0,0.0,1.0,1.0,1.0,0.0,0.0,1.0,0.0
30.0,85.0,10625.0,5.0,1920.0,1950.0,108.0,350.0,458.0,835.0,0.0,835.0,1.0,5.0,0.0,1920.0,1.0,366.0,0.0,1293.0,1.0,77.0,90.0,60.0,4175.0,366.0,0.0,0.0,1.0,0.0,0.0,0.0,1.0,0.0,0.0,0.0,1.0,0.0,0.0,1.0
20.0,75.0,9000.0,5.0,1954.0,1954.0,812.0,124.0,936.0,1128.0,0.0,1128.0,1.0,5.0,0.0,1954.0,1.0,286.0,0.0,2064.0,1.0,0.0,52.0,52.0,5640.0,286.0,0.0,0.0,1.0,0.0,0.0,0.0,1.0,0.0,0.0,0.0,1.0,0.0,0.0,1.0
50.0,51.0,10480.0,6.0,1936.0,1950.0,0.0,1064.0,1064.0,1166.0,0.0,1639.0,1.0,6.0,0.0,1936.0,1.0,240.0,0.0,2230.0,1.0,0.0,72.0,58.0,9834.0,240.0,0.0,0.0,1.0,0.0,0.0,0.0,1.0,0.0,1.0,0.0,1.0,1.0,0.0,1.0
20.0,70.0,9170.0,5.0,1965.0,1965.0,698.0,420.0,1214.0,1214.0,0.0,1214.0,1.0,6.0,0.0,1965.0,2.0,461.0,0.0,2428.0,2.0,184.0,42.0,42.0,6070.0,922.0,0.0,0.0,1.0,0.0,0.0,0.0,1.0,0.0,1.0,0.0,1.0,1.0,0.0,1.0
60.0,78.0,11700.0,6.0,1968.0,1968.0,298.0,429.0,727.0,829.0,727.0,1556.0,1.0,8.0,0.0,1968.0,2.0,441.0,0.0,2283.0,1.5,0.0,41.0,41.0,9336.0,882.0,0.0,0.0,1.0,0.0,0.0,0.0,1.0,0.0,1.0,0.0,1.0,0.0,0.0,1.0
120.0,43.0,7052.0,7.0,2005.0,2005.0,659.0,705.0,1364.0,1364.0,0.0,1364.0,2.0,6.0,1.0,2005.0,2.0,484.0,36.0,2728.0,3.0,228.0,1.0,1.0,9548.0,968.0,1.0,1.0,0.0,1.0,0.0,1.0,0.0,1.0,1.0,1.0,0.0,0.0,0.0,0.0
60.0,70.34384858044164,13006.0,7.0,1997.0,1997.0,0.0,964.0,964.0,993.0,1243.0,2236.0,2.0,8.0,1.0,1997.0,2.0,642.0,0.0,3200.0,2.5,0.0,9.0,9.0,15652.0,1284.0,0.0,0.0,1.0,1.0,0.0,1.0,0.0,0.0,0.0,1.0,0.0,0.0,1.0,0.0
90.0,78.0,10530.0,6.0,1977.0,1977.0,975.0,0.0,975.0,1004.0,0.0,1004.0,1.0,4.0,0.0,1977.0,2.0,504.0,0.0,1979.0,2.0,0.0,29.0,29.0,6024.0,1008.0,0.0,0.0,1.0,0.0,0.0,1.0,0.0,1.0,0.0,0.0,1.0,0.0,0.0,1.0
20.0,80.0,8546.0,4.0,2003.0,2004.0,0.0,1121.0,1121.0,1121.0,0.0,1121.0,2.0,5.0,0.0,2003.0,2.0,440.0,64.0,2242.0,2.0,196.0,7.0,6.0,4484.0,880.0,1.0,0.0,1.0,1.0,0.0,1.0,0.0,0.0,1.0,0.0,1.0,0.0,0.0,0.0
20.0,78.0,10335.0,5.0,1968.0,1993.0,570.0,891.0,1461.0,1721.0,0.0,1721.0,2.0,7.0,1.0,1968.0,2.0,440.0,96.0,3182.0,2.5,276.0,38.0,13.0,8605.0,880.0,0.0,0.0,1.0,0.0,0.0,0.0,1.0,0.0,0.0,0.0,1.0,0.0,0.0,0.0
20.0,103.0,11175.0,7.0,2007.0,2007.0,0.0,1316.0,1316.0,1316.0,0.0,1316.0,2.0,6.0,1.0,2007.0,2.0,440.0,20.0,2632.0,2.0,20.0,0.0,0.0,9212.0,880.0,1.0,1.0,0.0,1.0,0.0,1.0,0.0,0.0,1.0,1.0,0.0,0.0,1.0,0.0
20.0,84.0,8658.0,6.0,1965.0,1965.0,643.0,445.0,1088.0,1324.0,0.0,1324.0,2.0,6.0,1.0,1965.0,2.0,440.0,138.0,2412.0,2.0,138.0,41.0,41.0,7944.0,880.0,0.0,0.0,1.0,0.0,0.0,0.0,1.0,0.0,1.0,0.0,1.0,0.0,0.0,0.0
120.0,70.34384858044164,5814.0,8.0,1984.0,1984.0,1036.0,184.0,1220.0,1360.0,0.0,1360.0,1.0,4.0,1.0,1984.0,2.0,565.0,0.0,2580.0,2.0,63.0,25.0,25.0,10880.0,1130.0,0.0,1.0,0.0,0.0,0.0,1.0,0.0,1.0,0.0,1.0,0.0,0.0,0.0,0.0
20.0,73.0,8760.0,6.0,1959.0,1959.0,0.0,1194.0,1194.0,1194.0,0.0,1194.0,1.0,6.0,0.0,1959.0,1.0,312.0,0.0,2388.0,2.0,120.0,51.0,51.0,7164.0,312.0,0.0,0.0,1.0,0.0,0.0,0.0,1.0,0.0,0.0,0.0,1.0,0.0,0.0,0.0
20.0,88.0,11394.0,9.0,2010.0,2010.0,1445.0,411.0,1856.0,1856.0,0.0,1856.0,1.0,8.0,1.0,2010.0,3.0,834.0,0.0,3712.0,2.5,113.0,0.0,0.0,16704.0,2502.0,1.0,1.0,0.0,1.0,1.0,0.0,0.0,1.0,1.0,0.0,0.0,0.0,1.0,0.0
20.0,70.34384858044164,9819.0,5.0,1967.0,1967.0,450.0,432.0,882.0,900.0,0.0,900.0,1.0,5.0,0.0,1970.0,1.0,280.0,0.0,1782.0,1.0,0.0,43.0,43.0,4500.0,280.0,0.0,0.0,1.0,0.0,0.0,0.0,1.0,0.0,0.0,0.0,1.0,1.0,0.0,1.0
50.0,60.0,8160.0,5.0,1940.0,1950.0,312.0,444.0,756.0,756.0,378.0,1134.0,1.0,7.0,0.0,1940.0,1.0,240.0,0.0,1890.0,2.5,0.0,67.0,57.0,5670.0,240.0,0.0,0.0,1.0,0.0,0.0,0.0,1.0,0.0,0.0,0.0,1.0,1.0,0.0,1.0
60.0,71.0,12209.0,6.0,2001.0,2002.0,690.0,114.0,804.0,804.0,1157.0,1961.0,2.0,7.0,1.0,2001.0,2.0,560.0,192.0,2765.0,3.5,317.0,8.0,7.0,11766.0,1120.0,1.0,0.0,1.0,1.0,1.0,0.0,0.0,0.0,1.0,1.0,0.0,0.0,1.0,0.0
20.0,60.0,6600.0,5.0,1982.0,2003.0,816.0,0.0,816.0,816.0,0.0,816.0,1.0,4.0,0.0,1985.0,2.0,816.0,0.0,1632.0,2.0,0.0,26.0,5.0,4080.0,1632.0,0.0,0.0,1.0,1.0,0.0,0.0,1.0,1.0,1.0,0.0,1.0,1.0,1.0,0.0
20.0,109.0,8724.0,5.0,1968.0,1968.0,492.0,402.0,894.0,894.0,0.0,894.0,1.0,5.0,1.0,1968.0,2.0,450.0,0.0,1788.0,1.0,0.0,39.0,39.0,4470.0,900.0,1.0,0.0,1.0,0.0,0.0,1.0,0.0,0.0,0.0,0.0,1.0,0.0,1.0,0.0
160.0,70.34384858044164,1974.0,4.0,1973.0,1973.0,334.0,212.0,546.0,546.0,546.0,1092.0,1.0,6.0,0.0,1973.0,1.0,286.0,96.0,1638.0,1.5,216.0,37.0,37.0,4368.0,286.0,0.0,0.0,1.0,0.0,0.0,0.0,1.0,0.0,0.0,0.0,1.0,0.0,0.0,0.0
20.0,85.0,10452.0,6.0,1953.0,1953.0,500.0,594.0,1094.0,1094.0,0.0,1094.0,1.0,5.0,2.0,1953.0,2.0,495.0,0.0,2188.0,1.0,287.0,55.0,55.0,6564.0,990.0,0.0,0.0,1.0,0.0,0.0,0.0,1.0,0.0,1.0,0.0,1.0,0.0,0.0,0.0
20.0,90.0,14115.0,6.0,1956.0,2004.0,296.0,230.0,1073.0,1811.0,0.0,1811.0,1.0,6.0,1.0,1956.0,2.0,470.0,0.0,2884.0,1.0,280.0,50.0,2.0,10866.0,940.0,0.0,0.0,1.0,1.0,0.0,0.0,1.0,0.0,1.0,0.0,0.0,0.0,1.0,0.0
190.0,60.0,10800.0,4.0,1900.0,2000.0,0.0,0.0,0.0,694.0,600.0,1294.0,2.0,7.0,0.0,1978.6621376811595,0.0,0.0,114.0,1294.0,2.0,544.0,108.0,8.0,5176.0,0.0,0.0,0.0,1.0,0.0,0.0,0.0,1.0,0.0,0.0,0.0,1.0,0.0,0.0,1.0
60.0,70.34384858044164,9375.0,7.0,1997.0,1998.0,739.0,318.0,1057.0,1057.0,977.0,2034.0,2.0,8.0,0.0,1998.0,2.0,645.0,36.0,3091.0,3.5,612.0,12.0,11.0,14238.0,1290.0,1.0,0.0,1.0,1.0,0.0,1.0,0.0,1.0,1.0,1.0,0.0,0.0,0.0,0.0
20.0,70.34384858044164,10920.0,6.0,1960.0,1960.0,733.0,520.0,1253.0,1253.0,0.0,1253.0,1.0,5.0,1.0,1960.0,1.0,352.0,213.0,2506.0,2.5,389.0,48.0,48.0,7518.0,352.0,0.0,0.0,1.0,0.0,0.0,0.0,1.0,0.0,0.0,0.0,1.0,0.0,0.0,0.0
60.0,70.34384858044164,11170.0,7.0,1990.0,1991.0,1216.0,0.0,1216.0,1298.0,1216.0,2514.0,2.0,8.0,0.0,1990.0,2.0,693.0,0.0,3730.0,2.5,0.0,16.0,15.0,17598.0,1386.0,0.0,0.0,1.0,0.0,0.0,1.0,0.0,0.0,1.0,0.0,1.0,0.0,1.0,0.0
20.0,70.34384858044164,11000.0,5.0,1966.0,1966.0,740.0,184.0,1154.0,1154.0,0.0,1154.0,1.0,6.0,1.0,1966.0,2.0,480.0,58.0,2308.0,1.5,58.0,43.0,43.0,5770.0,960.0,0.0,0.0,1.0,0.0,0.0,0.0,1.0,0.0,1.0,0.0,1.0,0.0,0.0,0.0
60.0,105.0,15578.0,6.0,2006.0,2006.0,0.0,728.0,728.0,728.0,728.0,1456.0,2.0,8.0,0.0,2006.0,2.0,429.0,0.0,2184.0,2.5,0.0,0.0,0.0,8736.0,858.0,1.0,1.0,0.0,1.0,0.0,1.0,0.0,0.0,0.0,0.0,1.0,0.0,0.0,0.0
60.0,60.0,8123.0,6.0,2000.0,2000.0,0.0,982.0,982.0,1007.0,793.0,1800.0,2.0,7.0,1.0,2000.0,2.0,463.0,63.0,2782.0,2.5,163.0,9.0,9.0,10800.0,926.0,1.0,0.0,1.0,1.0,0.0,1.0,0.0,0.0,1.0,0.0,1.0,0.0,1.0,0.0
50.0,60.0,10410.0,5.0,1916.0,1987.0,0.0,660.0,660.0,808.0,704.0,1656.0,2.0,8.0,0.0,1916.0,1.0,180.0,0.0,2172.0,2.5,140.0,93.0,22.0,8280.0,180.0,0.0,0.0,1.0,0.0,0.0,0.0,0.0,0.0,1.0,0.0,1.0,1.0,0.0,1.0
60.0,82.0,9430.0,8.0,1999.0,1999.0,1163.0,89.0,1252.0,1268.0,1097.0,2365.0,2.0,8.0,1.0,1999.0,3.0,856.0,128.0,3617.0,3.5,308.0,10.0,10.0,18920.0,2568.0,1.0,1.0,0.0,1.0,0.0,1.0,0.0,1.0,1.0,1.0,0.0,0.0,0.0,0.0
20.0,65.0,8450.0,7.0,2004.0,2004.0,946.0,490.0,1436.0,1436.0,0.0,1436.0,2.0,8.0,0.0,2004.0,2.0,484.0,98.0,2872.0,3.0,237.0,4.0,4.0,10052.0,968.0,1.0,1.0,0.0,1.0,0.0,1.0,0.0,1.0,1.0,1.0,0.0,0.0,0.0,1.0
80.0,70.34384858044164,11333.0,6.0,1976.0,1976.0,539.0,490.0,1029.0,1062.0,0.0,1062.0,1.0,5.0,2.0,1976.0,2.0,539.0,0.0,2091.0,2.0,120.0,31.0,31.0,6372.0,1078.0,0.0,0.0,1.0,1.0,0.0,1.0,0.0,0.0,0.0,0.0,1.0,0.0,0.0,0.0
50.0,60.0,10800.0,5.0,1936.0,1989.0,626.0,170.0,796.0,1096.0,370.0,1466.0,2.0,7.0,1.0,1950.0,2.0,566.0,21.0,2262.0,2.5,457.0,70.0,17.0,7330.0,1132.0,0.0,0.0,1.0,0.0,0.0,0.0,0.0,0.0,0.0,1.0,0.0,0.0,0.0,1.0
85.0,88.0,11782.0,5.0,1961.0,1995.0,899.0,210.0,1109.0,1155.0,0.0,1155.0,1.0,6.0,0.0,1987.0,2.0,576.0,0.0,2264.0,2.0,192.0,49.0,15.0,5775.0,1152.0,0.0,0.0,1.0,0.0,0.0,0.0,1.0,0.0,0.0,1.0,0.0,1.0,0.0,1.0
20.0,70.0,9135.0,7.0,2002.0,2003.0,810.0,726.0,1536.0,1536.0,0.0,1536.0,2.0,7.0,0.0,2002.0,2.0,532.0,74.0,3072.0,3.0,266.0,6.0,5.0,10752.0,1064.0,1.0,1.0,0.0,1.0,0.0,1.0,0.0,1.0,1.0,1.0,0.0,0.0,0.0,0.0
20.0,69.0,9920.0,5.0,1969.0,1969.0,523.0,448.0,971.0,971.0,0.0,971.0,1.0,5.0,1.0,1969.0,1.0,300.0,0.0,1942.0,1.5,0.0,37.0,37.0,4855.0,300.0,0.0,0.0,1.0,0.0,0.0,1.0,0.0,0.0,0.0,0.0,1.0,0.0,0.0,1.0
80.0,37.0,7937.0,6.0,1984.0,1984.0,819.0,184.0,1003.0,1003.0,0.0,1003.0,1.0,6.0,0.0,1984.0,2.0,588.0,0.0,2006.0,2.0,120.0,22.0,22.0,6018.0,1176.0,0.0,0.0,1.0,0.0,0.0,0.0,1.0,1.0,0.0,0.0,1.0,1.0,0.0,1.0
20.0,73.0,11883.0,7.0,1996.0,1996.0,690.0,814.0,1504.0,1504.0,0.0,1504.0,2.0,6.0,1.0,1996.0,2.0,478.0,66.0,3008.0,3.0,181.0,13.0,13.0,10528.0,956.0,1.0,1.0,0.0,1.0,0.0,1.0,0.0,1.0,1.0,1.0,0.0,0.0,1.0,0.0
90.0,95.0,11345.0,5.0,1948.0,1950.0,220.0,708.0,928.0,928.0,992.0,1920.0,2.0,10.0,0.0,1948.0,2.0,400.0,0.0,2848.0,2.0,0.0,59.0,57.0,9600.0,800.0,0.0,0.0,1.0,0.0,0.0,0.0,1.0,0.0,0.0,0.0,1.0,1.0,0.0,1.0
20.0,80.0,9600.0,7.0,1973.0,1973.0,916.0,326.0,1242.0,1242.0,0.0,1242.0,1.0,6.0,1.0,1973.0,2.0,528.0,0.0,2484.0,1.5,0.0,34.0,34.0,8694.0,1056.0,0.0,0.0,1.0,0.0,0.0,0.0,1.0,0.0,0.0,0.0,1.0,0.0,0.0,1.0
70.0,66.0,9042.0,7.0,1941.0,2006.0,275.0,877.0,1152.0,1188.0,1152.0,2340.0,2.0,9.0,2.0,1941.0,1.0,252.0,60.0,3492.0,2.0,60.0,69.0,4.0,16380.0,252.0,0.0,0.0,0.0,0.0,0.0,0.0,1.0,1.0,1.0,1.0,0.0,0.0,0.0,0.0
20.0,48.0,12137.0,7.0,1998.0,1998.0,0.0,1649.0,1649.0,1661.0,0.0,1661.0,2.0,6.0,0.0,1998.0,2.0,598.0,34.0,3310.0,2.0,34.0,12.0,12.0,11627.0,1196.0,1.0,0.0,1.0,1.0,0.0,1.0,0.0,0.0,1.0,1.0,0.0,0.0,0.0,0.0
20.0,70.34384858044164,7917.0,6.0,1976.0,1976.0,751.0,392.0,1143.0,1113.0,0.0,1113.0,1.0,6.0,1.0,1987.0,1.0,504.0,30.0,2256.0,2.5,400.0,31.0,31.0,6678.0,504.0,0.0,0.0,1.0,0.0,0.0,0.0,1.0,0.0,0.0,0.0,1.0,0.0,0.0,0.0
50.0,51.0,4712.0,4.0,1946.0,1950.0,384.0,363.0,747.0,774.0,456.0,1230.0,1.0,5.0,0.0,1946.0,1.0,305.0,57.0,1977.0,2.5,120.0,60.0,56.0,4920.0,305.0,0.0,0.0,1.0,0.0,0.0,0.0,1.0,0.0,0.0,0.0,1.0,1.0,0.0,1.0
20.0,75.0,10125.0,6.0,1977.0,1977.0,641.0,276.0,1196.0,1279.0,0.0,1279.0,2.0,6.0,2.0,1980.0,2.0,473.0,83.0,2475.0,2.5,321.0,31.0,31.0,7674.0,946.0,0.0,0.0,1.0,0.0,0.0,0.0,1.0,0.0,0.0,0.0,1.0,1.0,0.0,1.0
60.0,110.0,13688.0,9.0,2003.0,2004.0,1016.0,556.0,1572.0,1572.0,1096.0,2668.0,2.0,10.0,2.0,2003.0,3.0,726.0,0.0,4240.0,3.5,400.0,5.0,4.0,24012.0,2178.0,1.0,1.0,0.0,1.0,1.0,0.0,0.0,1.0,1.0,0.0,0.0,0.0,1.0,0.0
30.0,52.0,6240.0,4.0,1925.0,1950.0,152.0,628.0,780.0,848.0,0.0,1208.0,1.0,5.0,0.0,1962.0,2.0,539.0,23.0,1628.0,1.0,135.0,84.0,59.0,4832.0,1078.0,0.0,0.0,1.0,0.0,0.0,0.0,1.0,0.0,0.0,0.0,1.0,1.0,0.0,1.0
20.0,65.0,8767.0,7.0,2005.0,2005.0,24.0,1286.0,1310.0,1310.0,0.0,1310.0,2.0,6.0,1.0,2005.0,2.0,400.0,0.0,2620.0,2.0,0.0,1.0,1.0,9170.0,800.0,1.0,1.0,0.0,1.0,0.0,1.0,0.0,1.0,1.0,1.0,0.0,0.0,1.0,0.0
60.0,82.0,12438.0,8.0,2006.0,2006.0,0.0,1234.0,1234.0,1264.0,1312.0,2576.0,2.0,10.0,1.0,2006.0,3.0,666.0,100.0,3810.0,2.5,424.0,0.0,0.0,20608.0,1998.0,1.0,0.0,0.0,1.0,1.0,0.0,0.0,0.0,1.0,0.0,0.0,0.0,1.0,0.0
90.0,60.0,7200.0,5.0,1980.0,1980.0,936.0,0.0,936.0,936.0,0.0,936.0,1.0,4.0,0.0,1980.0,2.0,672.0,0.0,1872.0,2.0,49.0,27.0,27.0,4680.0,1344.0,0.0,0.0,1.0,0.0,0.0,1.0,0.0,1.0,0.0,0.0,1.0,1.0,0.0,1.0
70.0,66.0,6858.0,6.0,1915.0,1950.0,0.0,806.0,806.0,841.0,806.0,1647.0,1.0,6.0,0.0,1920.0,1.0,216.0,66.0,2453.0,2.5,202.0,95.0,60.0,9882.0,216.0,0.0,0.0,1.0,1.0,0.0,1.0,0.0,0.0,0.0,0.0,0.0,1.0,0.0,1.0
20.0,64.0,7406.0,7.0,2006.0,2006.0,684.0,515.0,1199.0,1220.0,0.0,1220.0,2.0,6.0,0.0,2006.0,2.0,632.0,54.0,2419.0,3.0,159.0,0.0,0.0,8540.0,1264.0,1.0,1.0,0.0,1.0,0.0,1.0,0.0,1.0,1.0,1.0,0.0,0.0,0.0,0.0
20.0,70.0,7700.0,5.0,1972.0,1972.0,138.0,276.0,882.0,882.0,0.0,882.0,1.0,5.0,0.0,1980.0,2.0,461.0,0.0,1764.0,2.0,96.0,35.0,35.0,4410.0,922.0,1.0,0.0,1.0,0.0,0.0,0.0,1.0,0.0,0.0,0.0,1.0,1.0,0.0,1.0
160.0,24.0,2016.0,5.0,1970.0,1970.0,0.0,630.0,630.0,630.0,672.0,1302.0,2.0,6.0,0.0,1970.0,2.0,440.0,0.0,1932.0,2.5,0.0,37.0,37.0,6510.0,880.0,0.0,0.0,1.0,0.0,0.0,0.0,1.0,0.0,0.0,0.0,1.0,1.0,0.0,1.0
20.0,99.0,11851.0,7.0,1990.0,1990.0,0.0,1424.0,1424.0,1442.0,0.0,1442.0,2.0,5.0,0.0,1990.0,2.0,500.0,34.0,2866.0,2.0,542.0,19.0,19.0,10094.0,1000.0,0.0,0.0,1.0,1.0,0.0,1.0,0.0,0.0,1.0,0.0,1.0,0.0,0.0,0.0
120.0,60.0,7313.0,9.0,2005.0,2005.0,1153.0,408.0,1561.0,1561.0,0.0,1561.0,2.0,6.0,1.0,2005.0,2.0,556.0,47.0,3122.0,3.0,250.0,2.0,2.0,14049.0,1112.0,0.0,0.0,0.0,1.0,1.0,0.0,0.0,1.0,1.0,0.0,0.0,0.0,1.0,0.0
120.0,32.0,4500.0,6.0,1998.0,1998.0,866.0,338.0,1204.0,1204.0,0.0,1204.0,2.0,5.0,0.0,1998.0,2.0,412.0,247.0,2408.0,3.0,247.0,11.0,11.0,7224.0,824.0,1.0,0.0,1.0,1.0,1.0,0.0,0.0,1.0,1.0,0.0,1.0,0.0,1.0,0.0
70.0,60.0,9600.0,7.0,1928.0,2005.0,141.0,548.0,689.0,689.0,689.0,1378.0,2.0,7.0,1.0,1928.0,2.0,360.0,0.0,2067.0,2.0,116.0,80.0,3.0,9646.0,720.0,0.0,0.0,1.0,0.0,0.0,0.0,1.0,0.0,1.0,1.0,0.0,1.0,0.0,1.0
120.0,70.34384858044164,4426.0,6.0,2004.0,2004.0,697.0,151.0,848.0,848.0,0.0,848.0,1.0,3.0,1.0,2004.0,2.0,420.0,0.0,1696.0,2.0,149.0,4.0,4.0,5088.0,840.0,1.0,1.0,0.0,1.0,0.0,1.0,0.0,1.0,1.0,1.0,0.0,0.0,0.0,0.0
20.0,70.0,9100.0,7.0,2000.0,2000.0,1400.0,125.0,1525.0,1525.0,0.0,1525.0,2.0,6.0,0.0,2000.0,2.0,541.0,36.0,3050.0,3.0,255.0,6.0,6.0,10675.0,1082.0,1.0,1.0,0.0,1.0,0.0,1.0,0.0,1.0,1.0,1.0,0.0,0.0,0.0,0.0
20.0,85.0,8500.0,5.0,1961.0,1961.0,600.0,635.0,1235.0,1235.0,0.0,1235.0,1.0,6.0,0.0,1961.0,2.0,480.0,0.0,2470.0,1.0,0.0,45.0,45.0,6175.0,960.0,0.0,0.0,1.0,0.0,0.0,0.0,1.0,0.0,0.0,0.0,1.0,0.0,0.0,1.0
60.0,73.0,8499.0,6.0,2006.0,2007.0,0.0,616.0,616.0,616.0,796.0,1412.0,2.0,6.0,1.0,2007.0,2.0,432.0,36.0,2028.0,2.5,36.0,1.0,0.0,8472.0,864.0,1.0,0.0,1.0,1.0,0.0,1.0,0.0,0.0,1.0,1.0,0.0,0.0,1.0,0.0
90.0,64.0,7018.0,5.0,1979.0,1979.0,0.0,0.0,0.0,1120.0,1120.0,2240.0,2.0,12.0,0.0,1979.0,2.0,528.0,0.0,2240.0,2.0,154.0,30.0,30.0,11200.0,1056.0,0.0,0.0,1.0,0.0,0.0,0.0,1.0,0.0,0.0,0.0,1.0,1.0,0.0,1.0
60.0,70.34384858044164,13346.0,7.0,1992.0,2000.0,728.0,367.0,1095.0,1166.0,1129.0,2295.0,2.0,9.0,1.0,1992.0,2.0,590.0,40.0,3390.0,3.5,40.0,14.0,6.0,16065.0,1180.0,0.0,1.0,0.0,1.0,0.0,1.0,0.0,1.0,1.0,1.0,0.0,0.0,0.0,0.0
20.0,48.0,10635.0,8.0,2003.0,2003.0,370.0,315.0,1657.0,1668.0,0.0,1668.0,2.0,8.0,1.0,2003.0,2.0,502.0,262.0,3325.0,3.0,262.0,7.0,7.0,13344.0,1004.0,1.0,1.0,0.0,1.0,0.0,1.0,0.0,0.0,1.0,1.0,0.0,0.0,1.0,0.0
20.0,86.0,11210.0,7.0,2005.0,2006.0,20.0,1594.0,1614.0,1614.0,0.0,1614.0,2.0,7.0,0.0,2005.0,3.0,865.0,59.0,3228.0,2.0,203.0,1.0,0.0,11298.0,2595.0,1.0,1.0,0.0,1.0,0.0,1.0,0.0,1.0,1.0,1.0,0.0,0.0,0.0,0.0
30.0,40.0,3880.0,5.0,1945.0,1997.0,329.0,357.0,686.0,866.0,0.0,866.0,1.0,4.0,0.0,1978.6621376811595,0.0,0.0,42.0,1552.0,1.0,100.0,62.0,10.0,4330.0,0.0,1.0,0.0,1.0,0.0,0.0,0.0,1.0,0.0,0.0,1.0,0.0,0.0,0.0,1.0
20.0,91.0,10652.0,7.0,2006.0,2007.0,0.0,1494.0,1494.0,1494.0,0.0,1494.0,2.0,7.0,1.0,2006.0,3.0,840.0,33.0,2988.0,2.0,193.0,1.0,0.0,10458.0,2520.0,1.0,1.0,0.0,1.0,0.0,1.0,0.0,0.0,1.0,1.0,0.0,0.0,0.0,0.0
60.0,71.0,7795.0,7.0,2004.0,2005.0,425.0,291.0,716.0,716.0,716.0,1432.0,2.0,6.0,1.0,2004.0,2.0,432.0,51.0,2148.0,3.5,151.0,5.0,4.0,10024.0,864.0,1.0,1.0,0.0,1.0,0.0,1.0,0.0,1.0,1.0,1.0,0.0,0.0,1.0,0.0
60.0,74.0,10927.0,8.0,2005.0,2005.0,546.0,512.0,1058.0,1058.0,846.0,1904.0,2.0,8.0,1.0,2003.0,2.0,736.0,60.0,2962.0,3.5,239.0,1.0,1.0,15232.0,1472.0,1.0,1.0,0.0,1.0,0.0,1.0,0.0,1.0,1.0,0.0,0.0,0.0,1.0,0.0
80.0,72.0,7200.0,6.0,1976.0,1976.0,631.0,410.0,1041.0,1125.0,0.0,1125.0,1.0,6.0,1.0,1977.0,1.0,352.0,0.0,2166.0,2.0,296.0,33.0,33.0,6750.0,352.0,0.0,0.0,1.0,0.0,0.0,0.0,1.0,0.0,1.0,0.0,1.0,1.0,0.0,1.0
180.0,35.0,3675.0,6.0,2005.0,2006.0,547.0,0.0,547.0,1072.0,0.0,1072.0,2.0,5.0,0.0,2005.0,2.0,525.0,44.0,1619.0,3.0,44.0,1.0,0.0,6432.0,1050.0,1.0,0.0,1.0,1.0,0.0,1.0,0.0,1.0,0.0,0.0,1.0,0.0,1.0,0.0
20.0,70.34384858044164,10708.0,5.0,1955.0,1993.0,379.0,470.0,1617.0,1867.0,0.0,1867.0,1.0,7.0,3.0,1955.0,1.0,303.0,0.0,3484.0,2.0,618.0,54.0,16.0,9335.0,303.0,0.0,1.0,0.0,0.0,0.0,0.0,1.0,0.0,1.0,0.0,1.0,0.0,1.0,0.0
70.0,70.34384858044164,12155.0,6.0,1925.0,1950.0,156.0,516.0,672.0,810.0,672.0,1482.0,2.0,7.0,0.0,1934.0,1.0,400.0,0.0,2154.0,2.0,254.0,83.0,58.0,8892.0,400.0,0.0,0.0,1.0,0.0,0.0,0.0,1.0,0.0,0.0,0.0,0.0,1.0,0.0,1.0
60.0,101.0,14215.0,8.0,2005.0,2006.0,0.0,1158.0,1158.0,1158.0,1218.0,2376.0,3.0,9.0,1.0,2005.0,3.0,853.0,154.0,3534.0,3.5,394.0,1.0,0.0,19008.0,2559.0,1.0,1.0,0.0,1.0,1.0,0.0,0.0,0.0,1.0,1.0,0.0,0.0,0.0,0.0
20.0,60.0,7200.0,5.0,1950.0,1950.0,0.0,0.0,0.0,1048.0,0.0,1048.0,1.0,7.0,0.0,1950.0,2.0,420.0,27.0,1048.0,1.0,27.0,58.0,58.0,5240.0,840.0,0.0,0.0,1.0,0.0,0.0,0.0,1.0,0.0,0.0,0.0,1.0,1.0,0.0,1.0
60.0,70.34384858044164,13700.0,7.0,1965.0,1988.0,454.0,410.0,864.0,902.0,918.0,1820.0,1.0,8.0,2.0,1965.0,2.0,492.0,84.0,2684.0,2.0,417.0,43.0,20.0,12740.0,984.0,1.0,0.0,1.0,0.0,0.0,0.0,1.0,0.0,0.0,1.0,0.0,0.0,0.0,1.0
160.0,30.0,3180.0,7.0,2005.0,2005.0,0.0,600.0,600.0,520.0,600.0,1200.0,2.0,4.0,0.0,2005.0,2.0,480.0,166.0,1720.0,2.5,166.0,1.0,1.0,8400.0,960.0,0.0,0.0,1.0,1.0,0.0,1.0,0.0,0.0,1.0,1.0,0.0,1.0,0.0,0.0
20.0,89.0,13214.0,9.0,2008.0,2009.0,0.0,2002.0,2002.0,2018.0,0.0,2018.0,2.0,10.0,1.0,2009.0,3.0,746.0,76.0,4020.0,2.0,220.0,2.0,1.0,18162.0,2238.0,0.0,0.0,0.0,1.0,1.0,0.0,0.0,0.0,1.0,0.0,0.0,0.0,1.0,0.0
30.0,63.0,13907.0,5.0,1940.0,1969.0,290.0,706.0,996.0,996.0,0.0,996.0,1.0,6.0,1.0,1978.6621376811595,0.0,0.0,0.0,1992.0,2.0,144.0,68.0,39.0,4980.0,0.0,0.0,0.0,1.0,0.0,0.0,0.0,1.0,0.0,1.0,0.0,1.0,0.0,0.0,1.0
120.0,37.0,4435.0,6.0,2003.0,2003.0,686.0,162.0,848.0,848.0,0.0,848.0,1.0,3.0,0.0,2003.0,2.0,420.0,0.0,1696.0,2.0,140.0,5.0,5.0,5088.0,840.0,1.0,1.0,0.0,1.0,0.0,1.0,0.0,1.0,1.0,1.0,0.0,0.0,1.0,0.0
60.0,84.0,10207.0,7.0,2007.0,2007.0,0.0,874.0,874.0,874.0,887.0,1761.0,3.0,7.0,0.0,2007.0,2.0,578.0,105.0,2635.0,3.0,249.0,0.0,0.0,12327.0,1156.0,1.0,1.0,0.0,1.0,0.0,1.0,0.0,0.0,1.0,1.0,0.0,0.0,1.0,0.0
20.0,70.0,7420.0,5.0,1962.0,1962.0,417.0,640.0,1057.0,1057.0,0.0,1057.0,1.0,6.0,0.0,1977.0,2.0,576.0,0.0,2114.0,1.0,0.0,45.0,45.0,5285.0,1152.0,0.0,0.0,1.0,0.0,0.0,0.0,1.0,0.0,0.0,0.0,1.0,1.0,1.0,0.0
120.0,41.0,4923.0,8.0,2001.0,2002.0,1153.0,440.0,1593.0,1593.0,0.0,1593.0,1.0,5.0,1.0,2001.0,2.0,682.0,120.0,3186.0,2.5,344.0,7.0,6.0,12744.0,1364.0,0.0,1.0,0.0,1.0,1.0,0.0,0.0,1.0,1.0,0.0,0.0,0.0,1.0,0.0
160.0,70.34384858044164,2651.0,7.0,2000.0,2000.0,641.0,32.0,673.0,673.0,709.0,1382.0,2.0,6.0,0.0,2000.0,2.0,490.0,50.0,2055.0,3.5,203.0,6.0,6.0,9674.0,980.0,0.0,1.0,0.0,1.0,0.0,1.0,0.0,1.0,1.0,1.0,0.0,1.0,0.0,1.0
120.0,59.0,4282.0,7.0,2004.0,2004.0,16.0,1375.0,1391.0,1391.0,0.0,1391.0,2.0,5.0,0.0,2004.0,2.0,530.0,158.0,2782.0,2.0,314.0,4.0,4.0,9737.0,1060.0,0.0,1.0,0.0,1.0,0.0,1.0,0.0,1.0,1.0,1.0,0.0,0.0,0.0,0.0
20.0,75.0,14559.0,5.0,1951.0,2000.0,650.0,178.0,1008.0,1363.0,0.0,1363.0,1.0,6.0,2.0,1951.0,1.0,288.0,42.0,2371.0,2.0,534.0,58.0,9.0,6815.0,288.0,0.0,1.0,0.0,0.0,0.0,0.0,1.0,0.0,1.0,0.0,1.0,0.0,0.0,1.0
20.0,70.0,8749.0,7.0,2002.0,2002.0,0.0,1459.0,1459.0,1459.0,0.0,1459.0,2.0,6.0,1.0,2002.0,2.0,527.0,39.0,2918.0,2.0,231.0,5.0,5.0,10213.0,1054.0,1.0,1.0,0.0,1.0,0.0,1.0,0.0,0.0,1.0,1.0,0.0,0.0,0.0,0.0
120.0,41.0,5330.0,8.0,2000.0,2000.0,1196.0,298.0,1494.0,1652.0,0.0,1652.0,2.0,6.0,0.0,2000.0,2.0,499.0,48.0,3146.0,3.0,144.0,7.0,7.0,13216.0,998.0,0.0,1.0,0.0,1.0,0.0,1.0,0.0,1.0,1.0,0.0,0.0,0.0,0.0,0.0
80.0,70.34384858044164,10970.0,6.0,1978.0,1978.0,505.0,0.0,940.0,1026.0,0.0,1026.0,1.0,5.0,0.0,1981.0,2.0,576.0,0.0,1966.0,2.0,34.0,30.0,30.0,6156.0,1152.0,0.0,0.0,1.0,0.0,0.0,1.0,0.0,1.0,0.0,0.0,1.0,1.0,0.0,1.0
70.0,65.0,11700.0,7.0,1880.0,2003.0,0.0,1240.0,1240.0,1320.0,1320.0,2640.0,1.0,8.0,1.0,1950.0,4.0,864.0,0.0,3880.0,1.5,567.0,129.0,6.0,18480.0,3456.0,0.0,1.0,0.0,0.0,0.0,0.0,1.0,0.0,0.0,1.0,0.0,1.0,0.0,1.0
60.0,65.0,8366.0,6.0,2004.0,2004.0,0.0,798.0,798.0,798.0,842.0,1640.0,2.0,6.0,0.0,2004.0,2.0,520.0,45.0,2438.0,2.5,183.0,4.0,4.0,9840.0,1040.0,1.0,1.0,0.0,1.0,0.0,1.0,0.0,0.0,1.0,1.0,0.0,0.0,0.0,0.0
45.0,57.0,7449.0,7.0,1930.0,1950.0,0.0,637.0,637.0,1108.0,0.0,1108.0,1.0,6.0,1.0,1930.0,1.0,280.0,0.0,1745.0,1.0,205.0,77.0,57.0,7756.0,280.0,0.0,0.0,1.0,1.0,0.0,0.0,1.0,0.0,1.0,1.0,0.0,0.0,0.0,1.0
30.0,153.0,4118.0,4.0,1941.0,1950.0,0.0,693.0,693.0,693.0,0.0,693.0,1.0,4.0,0.0,1978.6621376811595,0.0,0.0,20.0,1386.0,1.0,20.0,65.0,56.0,2772.0,0.0,0.0,0.0,1.0,0.0,0.0,0.0,1.0,0.0,0.0,0.0,0.0,0.0,0.0,1.0
50.0,70.34384858044164,7015.0,5.0,1950.0,1950.0,185.0,524.0,709.0,979.0,224.0,1203.0,1.0,5.0,1.0,1950.0,1.0,352.0,0.0,1912.0,2.0,248.0,59.0,59.0,6015.0,352.0,0.0,0.0,1.0,0.0,0.0,0.0,1.0,0.0,0.0,1.0,0.0,1.0,0.0,1.0
20.0,50.0,35133.0,5.0,1963.0,1963.0,1159.0,413.0,1572.0,1572.0,0.0,1572.0,1.0,5.0,2.0,1963.0,3.0,995.0,263.0,3144.0,2.5,526.0,44.0,44.0,7860.0,2985.0,0.0,0.0,1.0,0.0,0.0,0.0,1.0,0.0,0.0,0.0,1.0,0.0,0.0,0.0
20.0,129.0,9196.0,7.0,2003.0,2003.0,0.0,1560.0,1560.0,1560.0,0.0,1560.0,2.0,7.0,0.0,2003.0,2.0,573.0,150.0,3120.0,2.0,250.0,7.0,7.0,10920.0,1146.0,1.0,1.0,0.0,1.0,1.0,0.0,0.0,0.0,1.0,1.0,0.0,0.0,1.0,0.0
90.0,82.0,7136.0,6.0,1946.0,1950.0,484.0,495.0,979.0,979.0,979.0,1958.0,2.0,8.0,0.0,1946.0,2.0,492.0,0.0,2937.0,2.0,0.0,61.0,57.0,11748.0,984.0,0.0,0.0,1.0,0.0,0.0,1.0,0.0,0.0,0.0,0.0,1.0,0.0,0.0,1.0
20.0,99.0,7094.0,5.0,1966.0,1966.0,180.0,340.0,894.0,894.0,0.0,894.0,1.0,5.0,0.0,1966.0,1.0,384.0,0.0,1788.0,1.0,0.0,41.0,41.0,4470.0,384.0,1.0,0.0,1.0,0.0,0.0,0.0,1.0,0.0,0.0,0.0,1.0,1.0,0.0,0.0
120.0,43.0,3182.0,8.0,2004.0,2005.0,24.0,1232.0,1256.0,1269.0,0.0,1269.0,2.0,6.0,1.0,2004.0,2.0,430.0,20.0,2525.0,2.0,310.0,6.0,5.0,10152.0,860.0,1.0,1.0,0.0,1.0,0.0,1.0,0.0,1.0,1.0,1.0,0.0,0.0,1.0,0.0
20.0,91.0,12274.0,7.0,2008.0,2008.0,0.0,1417.0,1417.0,1428.0,0.0,1428.0,2.0,6.0,0.0,2008.0,2.0,554.0,60.0,2845.0,2.0,60.0,0.0,0.0,9996.0,1108.0,1.0,1.0,0.0,1.0,0.0,1.0,0.0,0.0,1.0,0.0,0.0,0.0,0.0,0.0
20.0,96.0,12444.0,8.0,2008.0,2008.0,1336.0,596.0,1932.0,1932.0,0.0,1932.0,2.0,7.0,1.0,2008.0,3.0,774.0,66.0,3864.0,3.0,370.0,0.0,0.0,15456.0,2322.0,1.0,0.0,0.0,1.0,1.0,0.0,0.0,1.0,1.0,0.0,0.0,0.0,1.0,0.0
120.0,63.0,8849.0,9.0,2005.0,2005.0,28.0,1656.0,1684.0,1684.0,0.0,1684.0,2.0,6.0,1.0,2005.0,2.0,564.0,72.0,3368.0,2.0,567.0,3.0,3.0,15156.0,1128.0,0.0,0.0,0.0,1.0,1.0,0.0,0.0,1.0,1.0,0.0,0.0,0.0,0.0,0.0
60.0,47.0,53504.0,8.0,2003.0,2003.0,1416.0,234.0,1650.0,1690.0,1589.0,3279.0,3.0,12.0,1.0,2003.0,3.0,841.0,36.0,4929.0,4.5,749.0,7.0,7.0,26232.0,2523.0,0.0,0.0,0.0,1.0,0.0,1.0,0.0,0.0,1.0,0.0,0.0,0.0,1.0,0.0
20.0,67.0,8877.0,4.0,1938.0,1958.0,690.0,126.0,816.0,816.0,0.0,816.0,1.0,3.0,1.0,1958.0,1.0,288.0,0.0,1632.0,2.0,0.0,71.0,51.0,3264.0,288.0,0.0,0.0,1.0,0.0,0.0,0.0,1.0,0.0,1.0,0.0,1.0,1.0,0.0,1.0
60.0,88.0,14200.0,7.0,1966.0,1966.0,445.0,479.0,924.0,1216.0,941.0,2157.0,2.0,8.0,2.0,1966.0,2.0,487.0,66.0,3081.0,2.5,171.0,40.0,40.0,15099.0,974.0,0.0,0.0,1.0,0.0,0.0,0.0,1.0,0.0,1.0,1.0,0.0,0.0,1.0,0.0
60.0,70.0,8750.0,6.0,1998.0,1998.0,505.0,299.0,804.0,804.0,878.0,1682.0,2.0,7.0,0.0,1998.0,2.0,523.0,77.0,2486.0,2.5,77.0,12.0,12.0,10092.0,1046.0,1.0,0.0,1.0,1.0,0.0,1.0,0.0,1.0,1.0,1.0,0.0,0.0,0.0,0.0
20.0,50.0,9405.0,5.0,1947.0,2008.0,0.0,698.0,698.0,698.0,0.0,698.0,1.0,4.0,0.0,1978.6621376811595,0.0,0.0,200.0,1396.0,1.5,200.0,62.0,1.0,3490.0,0.0,1.0,0.0,1.0,0.0,0.0,0.0,1.0,0.0,1.0,0.0,1.0,0.0,0.0,1.0
20.0,70.34384858044164,57200.0,5.0,1948.0,1950.0,353.0,60.0,747.0,1687.0,0.0,1687.0,1.0,7.0,2.0,1966.0,2.0,572.0,0.0,2434.0,2.0,50.0,62.0,60.0,8435.0,1144.0,0.0,0.0,1.0,0.0,0.0,0.0,1.0,0.0,0.0,0.0,1.0,1.0,0.0,1.0
160.0,40.0,3951.0,6.0,2009.0,2009.0,0.0,612.0,612.0,612.0,612.0,1224.0,2.0,4.0,0.0,2009.0,2.0,528.0,234.0,1836.0,2.5,234.0,0.0,0.0,7344.0,1056.0,1.0,1.0,0.0,1.0,0.0,1.0,0.0,0.0,1.0,1.0,0.0,1.0,0.0,0.0
90.0,70.34384858044164,10624.0,5.0,1964.0,1964.0,40.0,1424.0,1728.0,1728.0,0.0,1728.0,2.0,10.0,0.0,2002.0,1.0,352.0,0.0,3456.0,2.5,155.0,43.0,43.0,8640.0,352.0,0.0,0.0,1.0,0.0,0.0,0.0,1.0,1.0,0.0,0.0,1.0,1.0,0.0,1.0
20.0,63.0,13072.0,6.0,2005.0,2005.0,0.0,1141.0,1141.0,1141.0,0.0,1141.0,1.0,6.0,0.0,2005.0,2.0,484.0,0.0,2282.0,1.5,0.0,1.0,1.0,6846.0,968.0,1.0,1.0,0.0,1.0,0.0,1.0,0.0,0.0,1.0,0.0,1.0,1.0,0.0,1.0
20.0,85.0,10628.0,7.0,1970.0,1970.0,778.0,499.0,1277.0,1277.0,0.0,1277.0,1.0,5.0,1.0,1970.0,2.0,526.0,0.0,2554.0,2.0,176.0,37.0,37.0,8939.0,1052.0,0.0,0.0,1.0,0.0,0.0,0.0,1.0,1.0,0.0,0.0,1.0,0.0,0.0,1.0
50.0,50.0,6060.0,4.0,1939.0,1950.0,0.0,732.0,732.0,772.0,351.0,1123.0,1.0,4.0,0.0,1979.0,1.0,264.0,0.0,1855.0,1.0,140.0,68.0,57.0,4492.0,264.0,0.0,0.0,1.0,1.0,0.0,0.0,1.0,0.0,0.0,0.0,1.0,1.0,0.0,1.0
20.0,80.0,9600.0,8.0,1981.0,1981.0,1104.0,1420.0,2524.0,2524.0,0.0,2524.0,2.0,9.0,1.0,1981.0,2.0,542.0,120.0,5048.0,3.5,594.0,28.0,28.0,20192.0,1084.0,0.0,1.0,0.0,1.0,0.0,1.0,0.0,0.0,0.0,1.0,0.0,0.0,1.0,0.0
20.0,78.0,9317.0,6.0,2006.0,2006.0,24.0,1290.0,1314.0,1314.0,0.0,1314.0,2.0,6.0,1.0,2006.0,2.0,440.0,22.0,2628.0,2.0,22.0,1.0,1.0,7884.0,880.0,1.0,1.0,0.0,1.0,0.0,1.0,0.0,1.0,0.0,1.0,0.0,0.0,0.0,0.0
50.0,65.0,7804.0,4.0,1928.0,1950.0,622.0,500.0,1122.0,1328.0,653.0,1981.0,2.0,7.0,2.0,1981.0,2.0,576.0,44.0,3103.0,3.0,475.0,81.0,59.0,7924.0,1152.0,0.0,0.0,1.0,0.0,0.0,0.0,1.0,0.0,0.0,1.0,0.0,1.0,0.0,1.0
20.0,60.0,8172.0,5.0,1955.0,1990.0,167.0,697.0,864.0,864.0,0.0,864.0,1.0,5.0,0.0,1957.0,2.0,572.0,0.0,1728.0,2.0,0.0,51.0,16.0,4320.0,1144.0,0.0,0.0,1.0,0.0,0.0,0.0,1.0,0.0,0.0,0.0,1.0,1.0,0.0,1.0
50.0,55.0,7642.0,7.0,1918.0,1998.0,0.0,912.0,912.0,912.0,514.0,1426.0,1.0,7.0,1.0,1925.0,1.0,216.0,240.0,2338.0,1.5,240.0,89.0,9.0,9982.0,216.0,0.0,1.0,0.0,0.0,0.0,0.0,1.0,0.0,0.0,1.0,0.0,1.0,0.0,1.0
120.0,53.0,3684.0,7.0,2007.0,2007.0,0.0,1373.0,1373.0,1555.0,0.0,1555.0,2.0,7.0,1.0,2007.0,3.0,660.0,20.0,2928.0,2.0,163.0,2.0,2.0,10885.0,1980.0,1.0,1.0,0.0,1.0,0.0,1.0,0.0,0.0,1.0,1.0,0.0,0.0,1.0,0.0
